"n","newsort","ejscreensort","in_api","in_acs","in_csv","oldname_is_what","oldname","api_synonym","acsname","csvname","rname","sort_within_varlist","topic_root_term","basevarname","sortvarlist","varlist","ratio.to","state.","pctile.","text.","avg.","bin.","DISPARITY",".eo",".supp","varcategory","DEJ","zone","jsondoc_shortzone","jsondoc_sort_zone","vartype","raw_pctile_avg","agree","jsondoc_vartype","jsondoc_shortvartype","percentage","dollar","denominator","calculation_type","sigfigs","decimals","pct_as_fraction_ejscreenit","pct_as_fraction_ejamit","pct_as_fraction_blockgroupstats","units","shortlabel","longname","names_friendly","csv_description","acs_description","api_description","reportlabel","ejscreenreport","reportsort","errornote","api_example","csv_example","csv_descriptions_name","EJAMejscreendata","ejscreen_ftp_names","ejscreen_apinames_old","ejam_apinames","ejscreen_indicator"
"1","010116162","0101162","1","0","1","api","RAW_D_DEMOGIDX2","","","DEMOGIDX_2","Demog.Index","16","Demog.Index","Demog.Index","1","names_d","0","0",0,0,"0",0,"0","0","0","Demographic","Demographic","Nation","us","0","raw","raw","TRUE","raw data for indicator","raw","1","","pop","wtdmean","3","2","FALSE","FALSE","FALSE","","Demog.Ind.","Demographic Index USA","Demographic Index USA","Demographic Index","","Demographic Index","Demographic Index USA","","162","","13%","0.2662338","DEMOGIDX_2","","DEMOGIDX_2","RAW_D_DEMOGIDX2","Demog.Index","DEMOGIDX_2"
"2","010117163","0101163","1","0","1","api","RAW_D_DEMOGIDX5","","","DEMOGIDX_5","Demog.Index.Supp","17","Demog.Index.Supp","Demog.Index.Supp","1","names_d","0","0",0,0,"0",0,"0","0","1","Demographic","Demographic","Nation","us","0","raw","raw","TRUE","raw data for indicator","raw","1","","pop","wtdmean","3","2","FALSE","FALSE","FALSE","","Suppl Demog.Ind.","Supplemental Demographic Index USA","Supplemental Demographic Index USA","Supplemental Demographic Index","","Supplemental Demographic Index","Supplemental Demographic Index USA","","163","","13%","0.1717064","DEMOGIDX_5","","DEMOGIDX_5","RAW_D_DEMOGIDX5","Demog.Index.Supp","DEMOGIDX_5"
"3","010120167","0101167","1","1","1","api","RAW_D_INCOME","P_LOWINC","PCT_LOWINC","LOWINCPCT","pctlowinc","20","pctlowinc","pctlowinc","1","names_d","0","0",0,0,"0",0,"0","0","0","Demographic","Demographic","","","0","raw","raw","TRUE","raw data for indicator","raw","1","","povknownratio","wtdmean","2","0","FALSE","TRUE","TRUE","","%Low-inc.","% Low Income","% Low Income","% low income","","Low Income","Low Income","","167","","16%","0.3795094","LOWINCPCT","","LOWINCPCT","RAW_D_INCOME","pctlowinc","LOWINCPCT"
"4","010121169","0101169","1","1","1","api","RAW_D_LING","P_LIMITED_ENG_HH","PCT_LINGISO","LINGISOPCT","pctlingiso","21","pctlingiso","pctlingiso","1","names_d","0","0",0,0,"0",0,"0","0","0","Demographic","Demographic","","","0","raw","raw","TRUE","raw data for indicator","raw","1","","hhlds","wtdmean","2","0","FALSE","TRUE","TRUE","","%Limited English","% in limited English-speaking Households","% in limited English-speaking Households","% Limited English speaking households","","Limited English Speaking","Limited English Speaking Households","","169","","9%","0","LINGISOPCT","","LINGISOPCT","RAW_D_LING","pctlingiso","LINGISOPCT"
"5","010122168","0101168","1","0","1","api","RAW_D_UNEMPLOYED","P_EMP_STAT_UNEMPLOYED","UNEMPPCT","UNEMPPCT","pctunemployed","22","pctunemployed","pctunemployed","1","names_d","0","0",0,0,"0",0,"0","0","0","Demographic","Demographic","","","0","raw","raw","TRUE","raw data for indicator","raw","1","","laborforce_universe","wtdmean","2","0","TRUE","TRUE","TRUE","","%Unemployed","% Unemployed (among civilian labor force)","% Unemployed","% unemployed","Pct_Civilian_labor_force_unemployed","Unemployment Rate","Unemployment Rate","","168","","3%","0.02222222","UNEMPPCT","","UNEMPPCT","RAW_D_UNEMPLOYED","pctunemployed","UNEMPPCT"
"6","010124170","0101170","1","1","1","api","RAW_D_LESSHS","P_EDU_LTHS","PCT_EDU_LTHS","LESSHSPCT","pctlths","24","pctlths","pctlths","1","names_d","0","0",0,0,"0",0,"0","0","0","Demographic","Demographic","","","0","raw","raw","TRUE","raw data for indicator","raw","1","","age25up","wtdmean","2","0","FALSE","TRUE","TRUE","","%< High School","% with Less Than High School Education","% with Less Than High School Education","% less than high school education","","Less Than High School Education","Less Than High School Education","","170","","21%","0.206544","LESSHSPCT","","LESSHSPCT","RAW_D_LESSHS","pctlths","LESSHSPCT"
"7","010126171","0101171","1","1","1","api","RAW_D_UNDER5","P_AGE_LT5","PCT_AGE_LT5","UNDER5PCT","pctunder5","26","pctunder5","pctunder5","1","names_d","0","0",0,0,"0",0,"0","0","0","Demographic","Demographic","","","0","raw","raw","TRUE","raw data for indicator","raw","1","","pop","wtdmean","2","0","FALSE","TRUE","TRUE","","%< age 5","% under Age 5","% under Age 5","% under age 5","","Under Age 5","Under Age 5","","171","","0%","0.02741703","UNDER5PCT","","UNDER5PCT","RAW_D_UNDER5","pctunder5","UNDER5PCT"
"8","010127172","0101172","1","1","1","api","RAW_D_OVER64","P_AGE_GT64","PCT_AGE_GT64","OVER64PCT","pctover64","27","pctover64","pctover64","1","names_d","0","0",0,0,"0",0,"0","0","0","Demographic","Demographic","","","0","raw","raw","TRUE","raw data for indicator","raw","1","","pop","wtdmean","2","0","FALSE","TRUE","TRUE","","%> age 64","% over Age 64","% over Age 64","% over age 64","","Over Age 64","Over Age 64","","172","","26%","0.1760462","OVER64PCT","","OVER64PCT","RAW_D_OVER64","pctover64","OVER64PCT"
"9","010128166","0101166","1","1","1","api","RAW_D_PEOPCOLOR","PCT_MINORITY","PCT_MINORITY","PEOPCOLORPCT","pctmin","28","pctmin","pctmin","1","names_d","0","0",0,0,"0",0,"0","0","0","Demographic","Demographic","","","0","raw","raw","TRUE","raw data for indicator","raw","1","","pop","wtdmean","2","0","FALSE","TRUE","TRUE","","%POC","% People of Color","% People of Color","% people of color","","People of Color","People of Color","","166","","11%","0.1529582","PEOPCOLORPCT","","PEOPCOLORPCT","RAW_D_PEOPCOLOR","pctmin","PEOPCOLORPCT"
"10","010218164","0102164","1","0","1","api","RAW_D_DEMOGIDX2ST","","","DEMOGIDX_2ST","Demog.Index.State","18","Demog.Index.State","Demog.Index.State","2","names_d_demogindexstate","0","0",0,0,"0",0,"0","0","0","Demographic","Demographic","State","state","0","raw","raw","TRUE","raw data for indicator","raw","1","","pop","wtdmean","2","0","FALSE","FALSE","FALSE","","State Demog.Ind.","Demographic Index State","Demographic Index State","State Demographic Index","","Demographic Index State","Demographic Index State","","164","","","","","","DEMOGIDX_2ST","RAW_D_DEMOGIDX2ST","Demog.Index.State","DEMOGIDX_2ST"
"11","010219165","0102165","1","0","1","api","RAW_D_DEMOGIDX5ST","","","DEMOGIDX_5ST","Demog.Index.Supp.State","19","Demog.Index.Supp.State","Demog.Index.Supp.State","2","names_d_demogindexstate","0","0",0,0,"0",0,"0","0","1","Demographic","Demographic","State","state","0","raw","raw","TRUE","raw data for indicator","raw","1","","pop","wtdmean","2","0","FALSE","FALSE","FALSE","","State Suppl Demog.Ind.","Supplemental Demographic Index State","Supplemental Demographic Index State","State Supplemental Demographic Index","","Supplemental Demographic Index State","Supplemental Demographic Index State","","165","","","","","","DEMOGIDX_5ST","RAW_D_DEMOGIDX5ST","Demog.Index.Supp.State","DEMOGIDX_5ST"
"12","010316999","0103162","0","0","0","","","","","","ratio.to.avg.Demog.Index","16","Demog.Index","Demog.Index","3","names_d_ratio_to_avg","1","0",0,0,"1",0,"0","0","0","Demographic","Demographic","Nation","us","1","usratio","ratio","TRUE","ratio","ratio","","","","ratio to avg","2","1","FALSE","FALSE","FALSE","","Ratio to US avg Demog.Ind.","Ratio to US avg Demographic Index","Ratio to US avg Demographic Index","0","","","","","999","","","","","FALSE","","","ratio.to.avg.Demog.Index",""
"13","010317999","0103163","0","0","0","","","","","","ratio.to.avg.Demog.Index.Supp","17","Demog.Index.Supp","Demog.Index.Supp","3","names_d_ratio_to_avg","1","0",0,0,"1",0,"0","0","1","Demographic","Demographic","Nation","us","1","usratio","ratio","TRUE","ratio","ratio","","","","ratio to avg","2","1","FALSE","FALSE","FALSE","","Ratio to US avg Suppl Demog.Ind.","Ratio to US avg Supplemental Summary Index for Supplemental Demographic Index","Ratio to US avg Supplemental Summary Index for Supplemental Demographic Index","0","","0","","","999","","","","","FALSE","","","ratio.to.avg.Demog.Index.Supp",""
"14","010320999","0103167","0","0","0","","","","","","ratio.to.avg.pctlowinc","20","pctlowinc","pctlowinc","3","names_d_ratio_to_avg","1","0",0,0,"1",0,"0","0","0","Demographic","Demographic","Nation","us","1","usratio","ratio","TRUE","ratio","ratio","","","","ratio to avg","2","1","FALSE","FALSE","FALSE","","Ratio to US avg %Low-inc.","Ratio to US avg % Low Income","Ratio to US avg % Low Income","0","","0","","","999","","","","","FALSE","","","ratio.to.avg.pctlowinc",""
"15","010321999","0103169","0","0","0","","","","","","ratio.to.avg.pctlingiso","21","pctlingiso","pctlingiso","3","names_d_ratio_to_avg","1","0",0,0,"1",0,"0","0","0","Demographic","Demographic","Nation","us","1","usratio","ratio","TRUE","ratio","ratio","","","","ratio to avg","2","1","FALSE","FALSE","FALSE","","Ratio to US avg %Limited English","Ratio to US avg % in limited English-speaking Households","Ratio to US avg % in limited English-speaking Households","0","","0","","","999","","","","","FALSE","","","ratio.to.avg.pctlingiso",""
"16","010322999","0103168","0","0","0","","","","","","ratio.to.avg.pctunemployed","22","pctunemployed","pctunemployed","3","names_d_ratio_to_avg","1","0",0,0,"1",0,"0","0","0","Demographic","Demographic","Nation","us","1","usratio","ratio","TRUE","ratio","ratio","","","","ratio to avg","2","1","FALSE","FALSE","FALSE","","Ratio to US avg %Unemployed","Ratio to US avg % Unemployed","Ratio to US avg % Unemployed","0","","0","","","999","","","","","FALSE","","","ratio.to.avg.pctunemployed",""
"17","010324999","0103170","0","0","0","","","","","","ratio.to.avg.pctlths","24","pctlths","pctlths","3","names_d_ratio_to_avg","1","0",0,0,"1",0,"0","0","0","Demographic","Demographic","Nation","us","1","usratio","ratio","TRUE","ratio","ratio","","","","ratio to avg","2","1","FALSE","FALSE","FALSE","","Ratio to US avg %< High School","Ratio to US avg % with Less Than High School Education","Ratio to US avg % with Less Than High School Education","0","","0","","","999","","","","","FALSE","","","ratio.to.avg.pctlths",""
"18","010326999","0103171","0","0","0","","","","","","ratio.to.avg.pctunder5","26","pctunder5","pctunder5","3","names_d_ratio_to_avg","1","0",0,0,"1",0,"0","0","0","Demographic","Demographic","Nation","us","1","usratio","ratio","TRUE","ratio","ratio","","","","ratio to avg","2","1","FALSE","FALSE","FALSE","","Ratio to US avg %< age 5","Ratio to US avg % under Age 5","Ratio to US avg % under Age 5","0","","","","","999","","","","","FALSE","","","ratio.to.avg.pctunder5",""
"19","010327999","0103172","0","0","0","","","","","","ratio.to.avg.pctover64","27","pctover64","pctover64","3","names_d_ratio_to_avg","1","0",0,0,"1",0,"0","0","0","Demographic","Demographic","Nation","us","1","usratio","ratio","TRUE","ratio","ratio","","","","ratio to avg","2","1","FALSE","FALSE","FALSE","","Ratio to US avg %> age 64","Ratio to US avg % over Age 64","Ratio to US avg % over Age 64","0","","","","","999","","","","","FALSE","","","ratio.to.avg.pctover64",""
"20","010328999","0103166","0","0","0","","","","","","ratio.to.avg.pctmin","28","pctmin","pctmin","3","names_d_ratio_to_avg","1","0",0,0,"1",0,"0","0","0","Demographic","Demographic","Nation","us","1","usratio","ratio","TRUE","ratio","ratio","","","","ratio to avg","2","1","FALSE","FALSE","FALSE","","Ratio to US avg %POC","Ratio to US avg % People of Color","Ratio to US avg % People of Color","0","","0","","","999","","","","","FALSE","","","ratio.to.avg.pctmin",""
"21","010418999","0104164","0","0","0","","","","","","ratio.to.state.avg.Demog.Index","18","Demog.Index.State","Demog.Index.State","4","names_d_ratio_to_state_avg","1","1",0,0,"1",0,"0","0","0","Demographic","Demographic","State","state","3","stateratio","ratio","TRUE","ratio","ratio","","","","ratio to avg","2","1","FALSE","FALSE","FALSE","","Ratio to State avg Demog.Ind.","Ratio to State avg Demographic Index","Ratio to State avg Demographic Index","0","","","","","999","","","","","","","","ratio.to.state.avg.Demog.Index",""
"22","010419999","0104165","0","0","0","","","","","","ratio.to.state.avg.Demog.Index.Supp","19","Demog.Index.Supp.State","Demog.Index.Supp.State","4","names_d_ratio_to_state_avg","1","1",0,0,"1",0,"0","0","1","Demographic","Demographic","State","state","3","stateratio","ratio","TRUE","ratio","ratio","","","","ratio to avg","2","1","FALSE","FALSE","FALSE","","Ratio to State avg Suppl Demog.Ind.","Ratio to State avg Supplemental Summary Index for Supplemental Demographic Index","Ratio to State avg Supplemental Summary Index for Supplemental Demographic Index","0","","","","","999","","","","","","","","ratio.to.state.avg.Demog.Index.Supp",""
"23","010420999","0104167","0","0","0","","","","","","ratio.to.state.avg.pctlowinc","20","pctlowinc","pctlowinc","4","names_d_ratio_to_state_avg","1","1",0,0,"1",0,"0","0","0","Demographic","Demographic","State","state","3","stateratio","ratio","TRUE","ratio","ratio","","","","ratio to avg","2","1","FALSE","FALSE","FALSE","","Ratio to State avg %Low-inc.","Ratio to State avg % Low Income","Ratio to State avg % Low Income","0","","","","","999","","","","","FALSE","","","ratio.to.state.avg.pctlowinc",""
"24","010421999","0104169","0","0","0","","","","","","ratio.to.state.avg.pctlingiso","21","pctlingiso","pctlingiso","4","names_d_ratio_to_state_avg","1","1",0,0,"1",0,"0","0","0","Demographic","Demographic","State","state","3","stateratio","ratio","TRUE","ratio","ratio","","","","ratio to avg","2","1","FALSE","FALSE","FALSE","","Ratio to State avg %Limited English","Ratio to State avg % in limited English-speaking Households","Ratio to State avg % in limited English-speaking Households","0","","","","","999","","","","","FALSE","","","ratio.to.state.avg.pctlingiso",""
"25","010422999","0104168","0","0","0","","","","","","ratio.to.state.avg.pctunemployed","22","pctunemployed","pctunemployed","4","names_d_ratio_to_state_avg","1","1",0,0,"1",0,"0","0","0","Demographic","Demographic","State","state","3","stateratio","ratio","TRUE","ratio","ratio","","","","ratio to avg","2","1","FALSE","FALSE","FALSE","","Ratio to State avg %Unemployed","Ratio to State avg % Unemployed","Ratio to State avg % Unemployed","0","","","","","999","","","","","FALSE","","","ratio.to.state.avg.pctunemployed",""
"26","010424999","0104170","0","0","0","","","","","","ratio.to.state.avg.pctlths","24","pctlths","pctlths","4","names_d_ratio_to_state_avg","1","1",0,0,"1",0,"0","0","0","Demographic","Demographic","State","state","3","stateratio","ratio","TRUE","ratio","ratio","","","","ratio to avg","2","1","FALSE","FALSE","FALSE","","Ratio to State avg %< High School","Ratio to State avg % with Less Than High School Education","Ratio to State avg % with Less Than High School Education","0","","0","","","999","","","","","FALSE","","","ratio.to.state.avg.pctlths",""
"27","010426999","0104171","0","0","0","","","","","","ratio.to.state.avg.pctunder5","26","pctunder5","pctunder5","4","names_d_ratio_to_state_avg","1","1",0,0,"1",0,"0","0","0","Demographic","Demographic","State","state","3","stateratio","ratio","TRUE","ratio","ratio","","","","ratio to avg","2","1","FALSE","FALSE","FALSE","","Ratio to State avg %< age 5","Ratio to State avg % under Age 5","Ratio to State avg % under Age 5","0","","0","","","999","","","","","FALSE","","","ratio.to.state.avg.pctunder5",""
"28","010427999","0104172","0","0","0","","","","","","ratio.to.state.avg.pctover64","27","pctover64","pctover64","4","names_d_ratio_to_state_avg","1","1",0,0,"1",0,"0","0","0","Demographic","Demographic","State","state","3","stateratio","ratio","TRUE","ratio","ratio","","","","ratio to avg","2","1","FALSE","FALSE","FALSE","","Ratio to State avg %> age 64","Ratio to State avg % over Age 64","Ratio to State avg % over Age 64","0","","0","","","999","","","","","FALSE","","","ratio.to.state.avg.pctover64",""
"29","010428999","0104166","0","0","0","","","","","","ratio.to.state.avg.pctmin","28","pctmin","pctmin","4","names_d_ratio_to_state_avg","1","1",0,0,"1",0,"0","0","0","Demographic","Demographic","State","state","3","stateratio","ratio","TRUE","ratio","ratio","","","","ratio to avg","2","1","FALSE","FALSE","FALSE","","Ratio to State avg %POC","Ratio to State avg % People of Color","Ratio to State avg % People of Color","0","","0","","","999","","","","","FALSE","","","ratio.to.state.avg.pctmin",""
"30","010516206","0105162","1","0","1","api","N_D_DEMOGIDX2_PER","","","P_DEMOGIDX_2","pctile.Demog.Index","16","Demog.Index","Demog.Index","5","names_d_pctile","0","0",1,0,"0",0,"0","0","0","Demographic","Demographic","Nation","us","1","uspctile","pctile","TRUE","percentile","pctile","","","","lookedup","2","0","FALSE","FALSE","FALSE","","US%ile Demog.Ind.","US percentile for Demographic Index","US percentile for Demographic Index","Percentile for Demographic Index","","National Percentile of Demographic Index","Demographic Index","","206","","17","45","P_DEMOGIDX_2","FALSE","P_DEMOGIDX_2","N_D_DEMOGIDX2_PER","pctile.Demog.Index","P_DEMOGIDX_2"
"31","010517207","0105163","1","0","1","api","N_D_DEMOGIDX5_PER","","","P_DEMOGIDX_5","pctile.Demog.Index.Supp","17","Demog.Index.Supp","Demog.Index.Supp","5","names_d_pctile","0","0",1,0,"0",0,"0","0","1","Demographic","Demographic","Nation","us","1","uspctile","pctile","TRUE","percentile","pctile","","","","lookedup","2","0","FALSE","FALSE","FALSE","","US%ile Suppl Demog.Ind.","US percentile for Supplemental Summary Index for Supplemental Demographic Index","US percentile for Supplemental Summary Index for Supplemental Demographic Index","Percentile for Supplemental Demographic Index","","National Percentile of Supplemental Demographic Index","Supplemental Demographic Index","","207","","54","70","P_DEMOGIDX_5","FALSE","P_DEMOGIDX_5","N_D_DEMOGIDX5_PER","pctile.Demog.Index.Supp","P_DEMOGIDX_5"
"32","010520211","0105167","1","0","1","api","N_D_INCOME_PER","","","P_LOWINCPCT","pctile.pctlowinc","20","pctlowinc","pctlowinc","5","names_d_pctile","0","0",1,0,"0",0,"0","0","0","Demographic","Demographic","Nation","us","1","uspctile","pctile","TRUE","percentile","pctile","","","","lookedup","2","0","FALSE","FALSE","FALSE","","US%ile %Low-inc.","US percentile for % Low Income","US percentile for % Low Income","Percentile for % low income","","National Percentile of Low Income","Low Income","","211","","29","67","P_LOWINCPCT","FALSE","P_LOWINCPCT","N_D_INCOME_PER","pctile.pctlowinc","P_LOWINCPCT"
"33","010521213","0105169","1","0","1","api","N_D_LING_PER","","","P_LINGISOPCT","pctile.pctlingiso","21","pctlingiso","pctlingiso","5","names_d_pctile","0","0",1,0,"0",0,"0","0","0","Demographic","Demographic","Nation","us","1","uspctile","pctile","TRUE","percentile","pctile","","","","lookedup","2","0","FALSE","FALSE","FALSE","","US%ile %Limited English","US percentile for % in limited English-speaking Households","US percentile for % in limited English-speaking Households","Percentile for % limited English speaking","","National Percentile of Limited English Speaking","Limited English Speaking Households","","213","","83","0","P_LINGISOPCT","FALSE","P_LINGISOPCT","N_D_LING_PER","pctile.pctlingiso","P_LINGISOPCT"
"34","010522212","0105168","1","0","1","api","N_D_UNEMPLOYED_PER","","","P_UNEMPPCT","pctile.pctunemployed","22","pctunemployed","pctunemployed","5","names_d_pctile","0","0",1,0,"0",0,"0","0","0","Demographic","Demographic","Nation","us","1","uspctile","pctile","TRUE","percentile","pctile","","","","lookedup","2","0","FALSE","FALSE","FALSE","","US%ile %Unemployed","US percentile for % Unemployed","US percentile for % Unemployed","Percentile for % unemployed","","National Percentile of Unemployment Rate","Unemployment Rate","","212","","40","35","P_UNEMPPCT","FALSE","P_UNEMPPCT","N_D_UNEMPLOYED_PER","pctile.pctunemployed","P_UNEMPPCT"
"35","010524214","0105170","1","0","1","api","N_D_LESSHS_PER","","","P_LESSHSPCT","pctile.pctlths","24","pctlths","pctlths","5","names_d_pctile","0","0",1,0,"0",0,"0","0","0","Demographic","Demographic","Nation","us","1","uspctile","pctile","TRUE","percentile","pctile","","","","lookedup","2","0","FALSE","FALSE","FALSE","","US%ile %< High School","US percentile for % with Less Than High School Education","US percentile for % with Less Than High School Education","Percentile for % less than high school education","","National Percentile of Less Than High School Education","Less Than High School Education","","214","","83","82","P_LESSHSPCT","FALSE","P_LESSHSPCT","N_D_LESSHS_PER","pctile.pctlths","P_LESSHSPCT"
"36","010526215","0105171","1","0","1","api","N_D_UNDER5_PER","","","P_UNDER5PCT","pctile.pctunder5","26","pctunder5","pctunder5","5","names_d_pctile","0","0",1,0,"0",0,"0","0","0","Demographic","Demographic","Nation","us","1","uspctile","pctile","TRUE","percentile","pctile","","","","lookedup","2","0","FALSE","FALSE","FALSE","","US%ile %< age 5","US percentile for % under Age 5","US percentile for % under Age 5","Percentile for % under age 5","","National Percentile of Under Age 5","Under Age 5","","215","","0","29","P_UNDER5PCT","FALSE","P_UNDER5PCT","N_D_UNDER5_PER","pctile.pctunder5","P_UNDER5PCT"
"37","010527216","0105172","1","0","1","api","N_D_OVER64_PER","","","P_OVER64PCT","pctile.pctover64","27","pctover64","pctover64","5","names_d_pctile","0","0",1,0,"0",0,"0","0","0","Demographic","Demographic","Nation","us","1","uspctile","pctile","TRUE","percentile","pctile","","","","lookedup","2","0","FALSE","FALSE","FALSE","","US%ile %> age 64","US percentile for % over Age 64","US percentile for % over Age 64","Percentile for % over age 64","","National Percentile of Over Age 64","Over Age 64","","216","","82","58","P_OVER64PCT","FALSE","P_OVER64PCT","N_D_OVER64_PER","pctile.pctover64","P_OVER64PCT"
"38","010528210","0105166","1","0","1","api","N_D_PEOPCOLOR_PER","","","P_PEOPCOLORPCT","pctile.pctmin","28","pctmin","pctmin","5","names_d_pctile","0","0",1,0,"0",0,"0","0","0","Demographic","Demographic","Nation","us","1","uspctile","pctile","TRUE","percentile","pctile","","","","lookedup","2","0","FALSE","FALSE","FALSE","","US%ile %POC","US percentile for % People of Color","US percentile for % People of Color","Percentile for % people of color","","National Percentile of People of Color","People of Color","","210","","24","31","P_PEOPCOLORPCT","FALSE","P_PEOPCOLORPCT","N_D_PEOPCOLOR_PER","pctile.pctmin","P_PEOPCOLORPCT"
"39","010618185","0106164","1","0","1","api","S_D_DEMOGIDX2ST_PER","","","S_P_DEMOGIDX_2ST","state.pctile.Demog.Index","18","Demog.Index.State","Demog.Index.State","6","names_d_state_pctile","0","1",1,0,"0",0,"0","0","0","Demographic","Demographic","State","state","3","statepctile","pctile","TRUE","percentile","pctile","","","","lookedup","2","0","FALSE","FALSE","FALSE","","State%ile Demog.Ind.","State percentile for Demographic Index","State percentile for Demographic Index","","","State Percentile of Demographic Index","Supplemental Demographic Index","","185","","","","","","S_P_DEMOGIDX_2ST","S_D_DEMOGIDX2ST_PER","state.pctile.Demog.Index","S_P_DEMOGIDX_2ST"
"40","010619185","0106165","1","0","1","api","S_D_DEMOGIDX5ST_PER","","","S_P_DEMOGIDX_5ST","state.pctile.Demog.Index.Supp","19","Demog.Index.Supp.State","Demog.Index.Supp.State","6","names_d_state_pctile","0","1",1,0,"0",0,"0","0","1","Demographic","Demographic","State","state","3","statepctile","pctile","TRUE","percentile","pctile","","","","lookedup","2","0","FALSE","FALSE","FALSE","","State%ile Suppl Demog.Ind.","State percentile for Supplemental Summary Index for Supplemental Demographic Index","State percentile for Supplemental Summary Index for Supplemental Demographic Index","","","State Percentile of Supplemental Demographic Index","Supplemental Demographic Index","","185","","","","","","S_P_DEMOGIDX_5ST","S_D_DEMOGIDX5ST_PER","state.pctile.Demog.Index.Supp","S_P_DEMOGIDX_5ST"
"41","010620189","0106167","1","0","1","api","S_D_INCOME_PER","","","S_P_LOWINCPCT","state.pctile.pctlowinc","20","pctlowinc","pctlowinc","6","names_d_state_pctile","0","1",1,0,"0",0,"0","0","0","Demographic","Demographic","State","state","3","statepctile","pctile","TRUE","percentile","pctile","","","","lookedup","2","0","FALSE","FALSE","FALSE","","State%ile %Low-inc.","State percentile for % Low Income","State percentile for % Low Income","","","State Percentile of Low Income","Low Income","","189","","17","67","S_P_LOWINCPCT","FALSE","S_P_LOWINCPCT","S_D_INCOME_PER","state.pctile.pctlowinc","S_P_LOWINCPCT"
"42","010621191","0106169","1","0","1","api","S_D_LING_PER","","","S_P_LINGISOPCT","state.pctile.pctlingiso","21","pctlingiso","pctlingiso","6","names_d_state_pctile","0","1",1,0,"0",0,"0","0","0","Demographic","Demographic","State","state","3","statepctile","pctile","TRUE","percentile","pctile","","","","lookedup","2","0","FALSE","FALSE","FALSE","","State%ile %Limited English","State percentile for % in limited English-speaking Households","State percentile for % in limited English-speaking Households","","","State Percentile of Limited English Speaking","Limited English Speaking Households","","191","","93","0","S_P_LINGISOPCT","FALSE","S_P_LINGISOPCT","S_D_LING_PER","state.pctile.pctlingiso","S_P_LINGISOPCT"
"43","010622190","0106168","1","0","1","api","S_D_UNEMPLOYED_PER","","","S_P_UNEMPPCT","state.pctile.pctunemployed","22","pctunemployed","pctunemployed","6","names_d_state_pctile","0","1",1,0,"0",0,"0","0","0","Demographic","Demographic","State","state","3","statepctile","pctile","TRUE","percentile","pctile","","","","lookedup","2","0","FALSE","FALSE","FALSE","","State%ile %Unemployed","State percentile for % Unemployed","State percentile for % Unemployed","","","State Percentile of Unemployment Rate","Unemployment Rate","","190","","37","35","S_P_UNEMPPCT","FALSE","S_P_UNEMPPCT","S_D_UNEMPLOYED_PER","state.pctile.pctunemployed","S_P_UNEMPPCT"
"44","010624192","0106170","1","0","1","api","S_D_LESSHS_PER","","","S_P_LESSHSPCT","state.pctile.pctlths","24","pctlths","pctlths","6","names_d_state_pctile","0","1",1,0,"0",0,"0","0","0","Demographic","Demographic","State","state","3","statepctile","pctile","TRUE","percentile","pctile","","","","lookedup","2","0","FALSE","FALSE","FALSE","","State%ile %< High School","State percentile for % with Less Than High School Education","State percentile for % with Less Than High School Education","","","State Percentile of Less Than High School Education","Less Than High School Education","","192","","86","82","S_P_LESSHSPCT","FALSE","S_P_LESSHSPCT","S_D_LESSHS_PER","state.pctile.pctlths","S_P_LESSHSPCT"
"45","010626193","0106171","1","0","1","api","S_D_UNDER5_PER","","","S_P_UNDER5PCT","state.pctile.pctunder5","26","pctunder5","pctunder5","6","names_d_state_pctile","0","1",1,0,"0",0,"0","0","0","Demographic","Demographic","State","state","3","statepctile","pctile","TRUE","percentile","pctile","","","","lookedup","2","0","FALSE","FALSE","FALSE","","State%ile %< age 5","State percentile for % under Age 5","State percentile for % under Age 5","","","State Percentile of Under Age 5","Under Age 5","","193","","0","29","S_P_UNDER5PCT","FALSE","S_P_UNDER5PCT","S_D_UNDER5_PER","state.pctile.pctunder5","S_P_UNDER5PCT"
"46","010627194","0106172","1","0","1","api","S_D_OVER64_PER","","","S_P_OVER64PCT","state.pctile.pctover64","27","pctover64","pctover64","6","names_d_state_pctile","0","1",1,0,"0",0,"0","0","0","Demographic","Demographic","State","state","3","statepctile","pctile","TRUE","percentile","pctile","","","","lookedup","2","0","FALSE","FALSE","FALSE","","State%ile %> age 64","State percentile for % over Age 64","State percentile for % over Age 64","","","State Percentile of Over Age 64","Over Age 64","","194","","86","58","S_P_OVER64PCT","FALSE","S_P_OVER64PCT","S_D_OVER64_PER","state.pctile.pctover64","S_P_OVER64PCT"
"47","010628188","0106166","1","0","1","api","S_D_PEOPCOLOR_PER","","","S_P_PEOPCOLORPCT","state.pctile.pctmin","28","pctmin","pctmin","6","names_d_state_pctile","0","1",1,0,"0",0,"0","0","0","Demographic","Demographic","State","state","3","statepctile","pctile","TRUE","percentile","pctile","","","","lookedup","2","0","FALSE","FALSE","FALSE","","State%ile %POC","State percentile for % People of Color","State percentile for % People of Color","","","State Percentile of People of Color","People of Color","","188","","7","31","S_P_PEOPCOLORPCT","FALSE","S_P_PEOPCOLORPCT","S_D_PEOPCOLOR_PER","state.pctile.pctmin","S_P_PEOPCOLORPCT"
"48","010716195","0107162","1","0","0","api","N_D_DEMOGIDX2","","","","avg.Demog.Index","16","Demog.Index","Demog.Index","7","names_d_avg","0","0",0,0,"1",0,"0","0","0","Demographic","Demographic","Nation","us","1","usavg","avg","TRUE","average","avg","1","","","constant","3","2","FALSE","FALSE","FALSE","","US avg Demog.Ind.","US Average for Demographic Index","US Average for Demographic Index","0","","National Average of Demographic Index","Demographic Index","","195","","35%","","","FALSE","","N_D_DEMOGIDX2","avg.Demog.Index",""
"49","010717196","0107163","1","0","0","api","N_D_DEMOGIDX5","","","","avg.Demog.Index.Supp","17","Demog.Index.Supp","Demog.Index.Supp","7","names_d_avg","0","0",0,0,"1",0,"0","0","1","Demographic","Demographic","Nation","us","1","usavg","avg","TRUE","average","avg","1","","","constant","3","2","FALSE","FALSE","FALSE","","US avg Suppl Demog.Ind.","US Average for Supplemental Summary Index for Supplemental Demographic Index","US Average for Supplemental Summary Index for Supplemental Demographic Index","0","","National Average of Supplemental Demographic Index","Supplemental Demographic Index","","196","","14%","","","FALSE","","N_D_DEMOGIDX5","avg.Demog.Index.Supp",""
"50","010720200","0107167","1","0","0","api","N_D_INCOME","","","","avg.pctlowinc","20","pctlowinc","pctlowinc","7","names_d_avg","0","0",0,0,"1",0,"0","0","0","Demographic","Demographic","Nation","us","1","usavg","avg","TRUE","average","avg","1","","","constant","2","0","FALSE","TRUE","FALSE","","US avg %Low-inc.","US Average for % Low Income","US Average for % Low Income","0","","National Average of Low Income","Low Income","","200","","31%","","","FALSE","","N_D_INCOME","avg.pctlowinc",""
"51","010721202","0107169","1","0","0","api","N_D_LING","","","","avg.pctlingiso","21","pctlingiso","pctlingiso","7","names_d_avg","0","0",0,0,"1",0,"0","0","0","Demographic","Demographic","Nation","us","1","usavg","avg","TRUE","average","avg","1","","","constant","2","0","FALSE","TRUE","FALSE","","US avg %Limited English","US Average for % in limited English-speaking Households","US Average for % in limited English-speaking Households","0","","National Average of Limited English Speaking","Limited English Speaking Households","","202","","5%","","","FALSE","","N_D_LING","avg.pctlingiso",""
"52","010722201","0107168","1","0","0","api","N_D_UNEMPLOYED","","","","avg.pctunemployed","22","pctunemployed","pctunemployed","7","names_d_avg","0","0",0,0,"1",0,"0","0","0","Demographic","Demographic","Nation","us","1","usavg","avg","TRUE","average","avg","1","","","constant","2","0","FALSE","TRUE","FALSE","","US avg %Unemployed","US Average for % Unemployed","US Average for % Unemployed","0","","National Average of Unemployment Rate","Unemployment Rate","","201","","6%","","","FALSE","","N_D_UNEMPLOYED","avg.pctunemployed",""
"53","010724203","0107170","1","0","0","api","N_D_LESSHS","","","","avg.pctlths","24","pctlths","pctlths","7","names_d_avg","0","0",0,0,"1",0,"0","0","0","Demographic","Demographic","Nation","us","1","usavg","avg","TRUE","average","avg","1","","","constant","2","0","FALSE","TRUE","FALSE","","US avg %< High School","US Average for % with Less Than High School Education","US Average for % with Less Than High School Education","0","","National Average of Less Than High School Education","Less Than High School Education","","203","","12%","","","FALSE","","N_D_LESSHS","avg.pctlths",""
"54","010726204","0107171","1","0","0","api","N_D_UNDER5","","","","avg.pctunder5","26","pctunder5","pctunder5","7","names_d_avg","0","0",0,0,"1",0,"0","0","0","Demographic","Demographic","Nation","us","1","usavg","avg","TRUE","average","avg","1","","","constant","2","0","FALSE","TRUE","FALSE","","US avg %< age 5","US Average for % under Age 5","US Average for % under Age 5","0","","National Average of Under Age 5","Under Age 5","","204","","6%","","","FALSE","","N_D_UNDER5","avg.pctunder5",""
"55","010727205","0107172","1","0","0","api","N_D_OVER64","","","","avg.pctover64","27","pctover64","pctover64","7","names_d_avg","0","0",0,0,"1",0,"0","0","0","Demographic","Demographic","Nation","us","1","usavg","avg","TRUE","average","avg","1","","","constant","2","0","FALSE","TRUE","FALSE","","US avg %> age 64","US Average for % over Age 64","US Average for % over Age 64","0","","National Average of Over Age 64","Over Age 64","","205","","17%","","","FALSE","","N_D_OVER64","avg.pctover64",""
"56","010728199","0107166","1","0","0","api","N_D_PEOPCOLOR","","","","avg.pctmin","28","pctmin","pctmin","7","names_d_avg","0","0",0,0,"1",0,"0","0","0","Demographic","Demographic","Nation","us","1","usavg","avg","TRUE","average","avg","1","","","constant","2","0","FALSE","TRUE","FALSE","","US avg %POC","US Average for % People of Color","US Average for % People of Color","0","","National Average of People of Color","People of Color","","199","","39%","","","FALSE","","N_D_PEOPCOLOR","avg.pctmin",""
"57","010818174","0108164","1","0","1","api","S_D_DEMOGIDX2ST","","","S_D_DEMOGIDX2ST","state.avg.Demog.Index","18","Demog.Index.State","Demog.Index.State","8","names_d_state_avg","0","1",0,0,"1",0,"0","0","0","Demographic","Demographic","State","state","3","stateavg","avg","TRUE","average","avg","1","","","constant","3","2","FALSE","FALSE","FALSE","","State avg Demog.Ind.","State Average for Demographic Index","State Average for Demographic Index","","","State Average of Demographic Index","Supplemental Demographic Index","","174","","","","","","S_D_DEMOGIDX2ST","S_D_DEMOGIDX2ST","state.avg.Demog.Index","S_D_DEMOGIDX2ST"
"58","010819174","0108165","1","0","1","api","S_D_DEMOGIDX5ST","","","S_D_DEMOGIDX5ST","state.avg.Demog.Index.Supp","19","Demog.Index.Supp.State","Demog.Index.Supp.State","8","names_d_state_avg","0","1",0,0,"1",0,"0","0","1","Demographic","Demographic","State","state","3","stateavg","avg","TRUE","average","avg","1","","","constant","3","2","FALSE","FALSE","FALSE","","State avg Suppl Demog.Ind.","State Average for Supplemental Summary Index for Supplemental Demographic Index","State Average for Supplemental Summary Index for Supplemental Demographic Index","","","State Average of Supplemental Demographic Index","Supplemental Demographic Index","","174","","","","","","S_D_DEMOGIDX5ST","S_D_DEMOGIDX5ST","state.avg.Demog.Index.Supp","S_D_DEMOGIDX5ST"
"59","010820178","0108167","1","0","0","api","S_D_INCOME","","","","state.avg.pctlowinc","20","pctlowinc","pctlowinc","8","names_d_state_avg","0","1",0,0,"1",0,"0","0","0","Demographic","Demographic","State","state","3","stateavg","avg","TRUE","average","avg","1","","","constant","2","0","FALSE","TRUE","FALSE","","State avg %Low-inc.","State Average for % Low Income","State Average for % Low Income","0","","State Average of Low Income","Low Income","","178","","37%","","","FALSE","","S_D_INCOME","state.avg.pctlowinc",""
"60","010821180","0108169","1","0","0","api","S_D_LING","","","","state.avg.pctlingiso","21","pctlingiso","pctlingiso","8","names_d_state_avg","0","1",0,0,"1",0,"0","0","0","Demographic","Demographic","State","state","3","stateavg","avg","TRUE","average","avg","1","","","constant","2","0","FALSE","TRUE","FALSE","","State avg %Limited English","State Average for % in limited English-speaking Households","State Average for % in limited English-speaking Households","0","","State Average of Limited English Speaking","Limited English Speaking Households","","180","","2%","","","FALSE","","S_D_LING","state.avg.pctlingiso",""
"61","010822179","0108168","1","0","0","api","S_D_UNEMPLOYED","","","","state.avg.pctunemployed","22","pctunemployed","pctunemployed","8","names_d_state_avg","0","1",0,0,"1",0,"0","0","0","Demographic","Demographic","State","state","3","stateavg","avg","TRUE","average","avg","1","","","constant","2","0","FALSE","TRUE","FALSE","","State avg %Unemployed","State Average for % Unemployed","State Average for % Unemployed","0","","State Average of Unemployment Rate","Unemployment Rate","","179","","5%","","","FALSE","","S_D_UNEMPLOYED","state.avg.pctunemployed",""
"62","010824181","0108170","1","0","0","api","S_D_LESSHS","","","","state.avg.pctlths","24","pctlths","pctlths","8","names_d_state_avg","0","1",0,0,"1",0,"0","0","0","Demographic","Demographic","State","state","3","stateavg","avg","TRUE","average","avg","1","","","constant","2","0","FALSE","TRUE","FALSE","","State avg %< High School","State Average for % with Less Than High School Education","State Average for % with Less Than High School Education","0","","State Average of Less Than High School Education","Less Than High School Education","","181","","12%","","","FALSE","","S_D_LESSHS","state.avg.pctlths",""
"63","010826182","0108171","1","0","0","api","S_D_UNDER5","","","","state.avg.pctunder5","26","pctunder5","pctunder5","8","names_d_state_avg","0","1",0,0,"1",0,"0","0","0","Demographic","Demographic","State","state","3","stateavg","avg","TRUE","average","avg","1","","","constant","2","0","FALSE","TRUE","FALSE","","State avg %< age 5","State Average for % under Age 5","State Average for % under Age 5","0","","State Average of Under Age 5","Under Age 5","","182","","6%","","","FALSE","","S_D_UNDER5","state.avg.pctunder5",""
"64","010827183","0108172","1","0","0","api","S_D_OVER64","","","","state.avg.pctover64","27","pctover64","pctover64","8","names_d_state_avg","0","1",0,0,"1",0,"0","0","0","Demographic","Demographic","State","state","3","stateavg","avg","TRUE","average","avg","1","","","constant","2","0","FALSE","TRUE","FALSE","","State avg %> age 64","State Average for % over Age 64","State Average for % over Age 64","0","","State Average of Over Age 64","Over Age 64","","183","","16%","","","FALSE","","S_D_OVER64","state.avg.pctover64",""
"65","010828177","0108166","1","0","0","api","S_D_PEOPCOLOR","","","","state.avg.pctmin","28","pctmin","pctmin","8","names_d_state_avg","0","1",0,0,"1",0,"0","0","0","Demographic","Demographic","State","state","3","stateavg","avg","TRUE","average","avg","1","","","constant","2","0","FALSE","TRUE","FALSE","","State avg %POC","State Average for % People of Color","State Average for % People of Color","0","","State Average of People of Color","People of Color","","177","","35%","","","FALSE","","S_D_PEOPCOLOR","state.avg.pctmin",""
"66","010920999","0109167","0","1","1","csv","LOWINCOME","","LOWINC","LOWINCOME","lowinc","20","pctlowinc","lowinc","9","names_d_count","0","0",0,0,"0",0,"0","0","0","Demographic","Demographic","","","0","raw","raw","TRUE","count demog","raw","","","","sum of counts","2","0","FALSE","FALSE","FALSE","","Low income resident count","Low income resident count","Low income resident count","Low income","","","","","999","","","263","LOWINCOME","FALSE","LOWINCOME","","lowinc","LOWINCOME"
"67","010921999","0109169","0","1","1","csv","LINGISO","","LINGISO","LINGISO","lingiso","21","pctlingiso","lingiso","9","names_d_count","0","0",0,0,"0",0,"0","0","0","Demographic","Demographic","","","0","raw","raw","TRUE","count demog","raw","","","","sum of counts","2","0","FALSE","FALSE","FALSE","","Limited English count","Limited English-speaking Households","Limited English-speaking Households","Limited English speaking households","Limited_English_speaking_Households","","","","999","","","0","LINGISO","FALSE","LINGISO","","lingiso","LINGISO"
"68","010922999","0109168","0","0","1","csv","UNEMPLOYED","","UNEMPLOYED","UNEMPLOYED","unemployed","22","pctunemployed","unemployed","9","names_d_count","0","0",0,0,"0",0,"0","0","0","Demographic","Demographic","","","0","raw","raw","TRUE","count demog","raw","","","","sum of counts","2","0","FALSE","FALSE","FALSE","","Unemployed count","Unemployed resident count","Unemployed resident count","Unemployed in civilian labor force","","","","","999","","","7","UNEMPLOYED","FALSE","UNEMPLOYED","","unemployed","UNEMPLOYED"
"69","010924999","0109170","0","1","1","csv","LESSHS","","EDU_LTHS","LESSHS","lths","24","pctlths","lths","9","names_d_count","0","0",0,0,"0",0,"0","0","0","Demographic","Demographic","","","0","raw","raw","TRUE","count demog","raw","","","","sum of counts","2","0","FALSE","FALSE","FALSE","","<HS count","Less Than High School Education resident count","Less Than High School Education resident count","Less than high school education","","","","","999","","","101","LESSHS","FALSE","LESSHS","","lths","LESSHS"
"70","010926999","0109171","0","1","1","csv","UNDER5","","AGE_LT5","UNDER5","under5","26","pctunder5","under5","9","names_d_count","0","0",0,0,"0",0,"0","0","0","Demographic","Demographic","","","0","raw","raw","TRUE","count demog","raw","","","","sum of counts","2","0","FALSE","FALSE","FALSE","","<age 5 count","Under Age 5 resident count","Under Age 5 resident count","Under age 5","","0","","","999","","","19","UNDER5","FALSE","UNDER5","","under5","UNDER5"
"71","010927999","0109172","0","1","1","csv","OVER64","","AGE_GT64","OVER64","over64","27","pctover64","over64","9","names_d_count","0","0",0,0,"0",0,"0","0","0","Demographic","Demographic","","","0","raw","raw","TRUE","count demog","raw","","","","sum of counts","2","0","FALSE","FALSE","FALSE","",">age 64 count","Over Age 64 resident count","Over Age 64 resident count","Over age 64","","0","","","999","","","122","OVER64","FALSE","OVER64","","over64","OVER64"
"72","010928999","0109166","0","1","1","csv","PEOPCOLOR","","NUM_MINORITY","PEOPCOLOR","mins","28","pctmin","mins","9","names_d_count","0","0",0,0,"0",0,"0","0","0","Demographic","Demographic","","","0","raw","raw","TRUE","count demog","raw","","","","sum of counts","2","0","FALSE","FALSE","FALSE","","POC count","People of Color resident count","People of Color resident count","People of color","","","","","999","","","106","PEOPCOLOR","FALSE","PEOPCOLOR","","mins","PEOPCOLOR"
"574","0110099260","01100999","1","0","0","api","N_CG_LIMITEDBBPCT_PCTILE","","","","pctile.pctnobroadband","99","pctnobroadband","","100","names_criticalservice_pctile","0","0",1,0,"0",0,"0","0","0","other","Demographic","Nation","us","1","uspctile","pctile","TRUE","percentile","pctile","1","","","lookedup","2","0","FALSE","FALSE","FALSE","","US%ile % hhlds without Broadband Internet","US percentile for % Households without Broadband Internet","US percentile for % Households without Broadband Internet","0","","National Percentile of Households without Broadband Internet","Broadband Internet","","260","","73","","","","","N_CG_LIMITEDBBPCT_PCTILE","pctile.pctnobroadband",""
"575","0110099261","01100999","1","0","0","api","N_CG_NOHINCPCT_PCTILE","","","","pctile.pctnohealthinsurance","99","pctnohealthinsurance","","100","names_criticalservice_pctile","0","0",1,0,"0",0,"0","0","0","other","Demographic","Nation","us","1","uspctile","pctile","TRUE","percentile","pctile","1","","","lookedup","2","0","FALSE","FALSE","FALSE","","US%ile % hhlds without Health Insurance","US percentile for % Households without Health Insurance","US percentile for % Households without Health Insurance","0","","National Percentile of Households without Health Insurance","Lack of Health Insurance","","261","","78","","","","","N_CG_NOHINCPCT_PCTILE","pctile.pctnohealthinsurance",""
"576","0110199256","01101999","1","0","0","api","S_CG_LIMITEDBBPCT_PCTILE","","","","state.pctile.pctnobroadband","99","pctnobroadband","","101","names_criticalservice_state_pctile","0","1",1,0,"0",0,"0","0","0","other","Demographic","State","state","3","statepctile","pctile","TRUE","percentile","pctile","1","","","lookedup","2","0","FALSE","FALSE","FALSE","","State%ile % hhlds without Broadband Internet","State percentile for % Households without Broadband Internet","State percentile for % Households without Broadband Internet","0","","State Percentile of Households without Broadband Internet","Broadband Internet","","256","","64","","","","","S_CG_LIMITEDBBPCT_PCTILE","state.pctile.pctnobroadband",""
"577","0110199257","01101999","1","0","0","api","S_CG_NOHINCPCT_PCTILE","","","","state.pctile.pctnohealthinsurance","99","pctnohealthinsurance","","101","names_criticalservice_state_pctile","0","1",1,0,"0",0,"0","0","0","other","Demographic","State","state","3","statepctile","pctile","TRUE","percentile","pctile","1","","","lookedup","2","0","FALSE","FALSE","FALSE","","State%ile % hhlds without Health Insurance","State percentile for % Households without Health Insurance","State percentile for % Households without Health Insurance","","","State Percentile of Households without Health Insurance","Lack of Health Insurance","","257","","41","","","","","S_CG_NOHINCPCT_PCTILE","state.pctile.pctnohealthinsurance",""
"578","0110299258","01102999","1","0","0","api","N_CG_LIMITEDBBPCT_AVG","","","","avg.pctnobroadband","99","pctnobroadband","","102","names_criticalservice_avg","0","0",0,0,"1",0,"0","0","0","other","Demographic","Nation","us","1","usavg","avg","TRUE","average","avg","1","","","constant","2","0","FALSE","FALSE","FALSE","","US avg % hhlds without Broadband Internet","US Average for % Households without Broadband Internet","US Average for % Households without Broadband Internet","","","National Average of Households without Broadband Internet","Broadband Internet","","258","","14%","","","","","N_CG_LIMITEDBBPCT_AVG","avg.pctnobroadband",""
"579","0110299259","01102999","1","0","0","api","N_CG_NOHINCPCT_AVG","","","","avg.pctnohealthinsurance","99","pctnohealthinsurance","","102","names_criticalservice_avg","0","0",0,0,"1",0,"0","0","0","other","Demographic","Nation","us","1","usavg","avg","TRUE","average","avg","1","","","constant","2","0","FALSE","FALSE","FALSE","","US avg % hhlds without Health Insurance","US Average for % Households without Health Insurance","US Average for % Households without Health Insurance","","","National Average of Households without Health Insurance","Lack of Health Insurance","","259","","9%","","","","","N_CG_NOHINCPCT_AVG","avg.pctnohealthinsurance",""
"73","011038021","0110021","1","1","0","api","P_HISP","","PCT_HISP","","pcthisp","38","pcthisp","pcthisp","10","names_d_subgroups","0","0",0,0,"0",0,"0","0","0","Demographic","Demographic","","","0","raw","raw","TRUE","raw data for indicator","raw","1","","pop","wtdmean","2","0","FALSE","TRUE","TRUE","","%Hispanic","% Hispanic or Latino","% Hispanic or Latino","","Pct__Hispanic_Population","Percent of Hispanics","Hispanic","","21","","7","","","FALSE","","P_HISP","pcthisp",""
"74","011039019","0110019","1","1","0","no match or acs","PCT_NHBLACK","","PCT_NHBLACK","","pctnhba","39","pctnhba","pctnhba","10","names_d_subgroups","0","0",0,0,"0",0,"0","0","0","Demographic","Demographic","","","0","raw","raw","TRUE","raw data for indicator","raw","1","","pop","wtdmean","2","0","FALSE","TRUE","TRUE","","%Black NHA","% Black or African American (non-Hispanic, single race)","% Black or African American (non-Hispanic, single race)","","Pct__Not_Hispanic_Black_Alone","Percent of Non-Hispanic Blacks","Black","","19","","0","","","FALSE","","P_NHBLACK","pctnhba",""
"580","0110399254","01103999","1","0","0","api","S_CG_LIMITEDBBPCT_AVG","","","","state.avg.pctnobroadband","99","pctnobroadband","","103","names_criticalservice_state_avg","0","1",0,0,"1",0,"0","0","0","other","Demographic","State","state","3","stateavg","avg","TRUE","average","avg","1","","","constant","2","0","FALSE","FALSE","FALSE","","State avg % hhlds without Broadband Internet","State Average for % Households without Broadband Internet","State Average for % Households without Broadband Internet","","","State Average of Households without Broadband Internet","Broadband Internet","","254","","17%","","","","","S_CG_LIMITEDBBPCT_AVG","state.avg.pctnobroadband",""
"581","0110399255","01103999","1","0","0","api","S_CG_NOHINCPCT_AVG","","","","state.avg.pctnohealthinsurance","99","pctnohealthinsurance","","103","names_criticalservice_state_avg","0","1",0,0,"1",0,"0","0","0","other","Demographic","State","state","3","stateavg","avg","TRUE","average","avg","1","","","constant","2","0","FALSE","FALSE","FALSE","","State avg % hhlds without Health Insurance","State Average for % Households without Health Insurance","State Average for % Households without Health Insurance","","","State Average of Households without Health Insurance","Lack of Health Insurance","","255","","15%","","","","","S_CG_NOHINCPCT_AVG","state.avg.pctnohealthinsurance",""
"75","011040020","0110020","1","1","0","no match or acs","PCT_NHASIAN","","PCT_NHASIAN","","pctnhaa","40","pctnhaa","pctnhaa","10","names_d_subgroups","0","0",0,0,"0",0,"0","0","0","Demographic","Demographic","","","0","raw","raw","TRUE","raw data for indicator","raw","1","","pop","wtdmean","2","0","FALSE","TRUE","TRUE","","%Asian NHA","% Asian (non-Hispanic, single race)","% Asian (non-Hispanic, single race)","0","Pct__Not_Hispanic_Asian_Alone","Percent of Non-Hispanic Asians","Asian","","20","","0","","","FALSE","","P_NHASIAN","pctnhaa",""
"76","011041022","0110022","1","1","0","no match or acs","PCT_NHAMERIND","","PCT_NHAMERIND","","pctnhaiana","41","pctnhaiana","pctnhaiana","10","names_d_subgroups","0","0",0,0,"0",0,"0","0","0","Demographic","Demographic","","","0","raw","raw","TRUE","raw data for indicator","raw","1","","pop","wtdmean","2","0","TRUE","TRUE","TRUE","","%AmerIndian/AK NHA","% American Indian and Alaska Native (non-Hispanic, single race)","% American Indian and Alaska Native (non-Hispanic, single race)","0","Pct__Not_Hispanic_American_Indian_Alone","Percent of Non-Hispanic American Indians","American Indian","","22","","0","","","FALSE","","P_NHAMERIND","pctnhaiana",""
"77","011042023","0110023","1","1","0","no match or acs","PCT_NHHAWPAC","","PCT_NHHAWPAC","","pctnhnhpia","42","pctnhnhpia","pctnhnhpia","10","names_d_subgroups","0","0",0,0,"0",0,"0","0","0","Demographic","Demographic","","","0","raw","raw","TRUE","raw data for indicator","raw","1","","pop","wtdmean","2","0","TRUE","TRUE","TRUE","","%Hawaiian/PI NHA","% Native Hawaiian and Other Pacific Islander (non-Hispanic, single race)","% Native Hawaiian and Other Pacific Islander (non-Hispanic, single race)","0","Pct__Not_Hispanic_Hawaiian_Pacific_Islander__Alone","Percent of Non-Hispanic Hawaiian/Pacific","Hawaiian/Pacific Islander","","23","","0","","","FALSE","","P_NHHAWPAC","pctnhnhpia",""
"78","011043024","0110024","1","1","0","no match or acs","PCT_NHOTHER_RACE","","PCT_NHOTHER_RACE","","pctnhotheralone","43","pctnhotheralone","pctnhotheralone","10","names_d_subgroups","0","0",0,0,"0",0,"0","0","0","Demographic","Demographic","","","0","raw","raw","TRUE","raw data for indicator","raw","1","","pop","wtdmean","2","0","FALSE","TRUE","TRUE","","%Other race NHA","% Other race (non-Hispanic, single race)","% Other race (non-Hispanic, single race)","0","Pct__Not_Hispanic_Other_Race_Alone","Percent of Non-Hispanic Other Race","Other race","","24","","7","","","FALSE","","P_NHOTHER_RACE","pctnhotheralone",""
"79","011044025","0110025","1","1","0","no match or acs","PCT_NHTWOMORE","","PCT_NHTWOMORE","","pctnhmulti","44","pctnhmulti","pctnhmulti","10","names_d_subgroups","0","0",0,0,"0",0,"0","0","0","Demographic","Demographic","","","0","raw","raw","TRUE","raw data for indicator","raw","1","","pop","wtdmean","2","0","FALSE","TRUE","TRUE","","%multirace NH","% Two or more races (non-Hispanic)","% Two or more races (non-Hispanic)","0","Pct__Not_Hispanic_Two_or_More_Races__Alone","Percent of Two or More Non-Hispanic Races","Two or more races","","25","","4","","","FALSE","","P_NHTWOMORE","pctnhmulti",""
"80","011045018","0110018","1","1","0","no match or acs","PCT_NHWHITE","","PCT_NHWHITE","","pctnhwa","45","pctnhwa","pctnhwa","10","names_d_subgroups","0","0",0,0,"0",0,"0","0","0","Demographic","Demographic","","","0","raw","raw","TRUE","raw data for indicator","raw","1","","pop","wtdmean","2","0","FALSE","TRUE","TRUE","","%White NHA","% White (non-Hispanic, single race)","% White (non-Hispanic, single race)","0","Pct__Not_Hispanic_White_Alone","Percent of Non-Hispanic Whites","White","","18","","89","","","FALSE","","P_NHWHITE","pctnhwa",""
"582","0111100209","01111000","1","0","0","api","NUM_SCHOOL","","","","num_school","0","","","111","names_featuresinarea","0","0",0,0,"0",0,"0","0","0","other","Demographic","","","0","raw","raw","TRUE","","","","","","sum of counts","","0","FALSE","FALSE","FALSE","","Schools","Number of Schools","Number of Schools","","","Number of Schools","Schools","","209","","0","","","","","NUM_SCHOOL","num_school",""
"584","0111100211","01111000","1","0","0","api","NUM_CHURCH","","","","num_church","0","","","111","names_featuresinarea","0","0",0,0,"0",0,"0","0","0","other","Demographic","","","0","raw","raw","TRUE","","","","","","sum of counts","","0","FALSE","FALSE","FALSE","","Worship Places","Number of Worship Places","Number of Worship Places","","","Number of Worship Places","Places of Worship","","211","","0","","","","","NUM_CHURCH","num_church",""
"583","0111199210","01111999","1","0","0","api","NUM_HOSPITAL","","","","num_hospital","99","","","111","names_featuresinarea","0","0",0,0,"0",0,"0","0","0","other","Demographic","","","0","raw","raw","TRUE","","","","","","sum of counts","","0","FALSE","FALSE","FALSE","","Hospitals","Number of Hospitals","Number of Hospitals","","","Number of Hospitals","Hospitals","","210","","0","","","","","NUM_HOSPITAL","num_hospital",""
"81","011138999","0111021","0","0","0","","","","","","ratio.to.avg.pcthisp","38","pcthisp","pcthisp","11","names_d_subgroups_ratio_to_avg","1","0",0,0,"1",0,"0","0","0","Demographic","Demographic","Nation","us","1","usratio","ratio","TRUE","ratio","ratio","","","","ratio to avg","2","1","FALSE","FALSE","FALSE","","Ratio to US avg %Hispanic","Ratio to US avg % Hispanic or Latino","Ratio to US avg % Hispanic or Latino","0","","","","","999","","","","","FALSE","","","ratio.to.avg.pcthisp",""
"82","011139999","0111019","0","0","0","","","","","","ratio.to.avg.pctnhba","39","pctnhba","pctnhba","11","names_d_subgroups_ratio_to_avg","1","0",0,0,"1",0,"0","0","0","Demographic","Demographic","Nation","us","1","usratio","ratio","TRUE","ratio","ratio","","","","ratio to avg","2","1","FALSE","FALSE","FALSE","","Ratio to US avg %Black NHA","Ratio to US avg % Black or African American (non-Hispanic, single race)","Ratio to US avg % Black or African American (non-Hispanic, single race)","0","","","","","999","","","","","FALSE","","","ratio.to.avg.pctnhba",""
"83","011140999","0111020","0","0","0","","","","","","ratio.to.avg.pctnhaa","40","pctnhaa","pctnhaa","11","names_d_subgroups_ratio_to_avg","1","0",0,0,"1",0,"0","0","0","Demographic","Demographic","Nation","us","1","usratio","ratio","TRUE","ratio","ratio","","","","ratio to avg","2","1","FALSE","FALSE","FALSE","","Ratio to US avg %Asian NHA","Ratio to US avg % Asian (non-Hispanic, single race)","Ratio to US avg % Asian (non-Hispanic, single race)","0","","","","","999","","","","","FALSE","","","ratio.to.avg.pctnhaa",""
"84","011141999","0111022","0","0","0","","","","","","ratio.to.avg.pctnhaiana","41","pctnhaiana","pctnhaiana","11","names_d_subgroups_ratio_to_avg","1","0",0,0,"1",0,"0","0","0","Demographic","Demographic","Nation","us","1","usratio","ratio","TRUE","ratio","ratio","","","","ratio to avg","2","1","FALSE","FALSE","FALSE","","Ratio to US avg %AmerIndian/AK NHA","Ratio to US avg % American Indian and Alaska Native (non-Hispanic, single race)","Ratio to US avg % American Indian and Alaska Native (non-Hispanic, single race)","0","","0","","","999","","","","","FALSE","","","ratio.to.avg.pctnhaiana",""
"85","011142999","0111023","0","0","0","","","","","","ratio.to.avg.pctnhnhpia","42","pctnhnhpia","pctnhnhpia","11","names_d_subgroups_ratio_to_avg","1","0",0,0,"1",0,"0","0","0","Demographic","Demographic","Nation","us","1","usratio","ratio","TRUE","ratio","ratio","","","","ratio to avg","2","1","FALSE","FALSE","FALSE","","Ratio to US avg %Hawaiian/PI NHA","Ratio to US avg % Native Hawaiian and Other Pacific Islander (non-Hispanic, single race)","Ratio to US avg % Native Hawaiian and Other Pacific Islander (non-Hispanic, single race)","0","","","","","999","","","","","FALSE","","","ratio.to.avg.pctnhnhpia",""
"86","011143999","0111024","0","0","0","","","","","","ratio.to.avg.pctnhotheralone","43","pctnhotheralone","pctnhotheralone","11","names_d_subgroups_ratio_to_avg","1","0",0,0,"1",0,"0","0","0","Demographic","Demographic","Nation","us","1","usratio","ratio","TRUE","ratio","ratio","","","","ratio to avg","2","1","FALSE","FALSE","FALSE","","Ratio to US avg %Other race NHA","Ratio to US avg % Other race (non-Hispanic, single race)","Ratio to US avg % Other race (non-Hispanic, single race)","0","","0","","","999","","","","","FALSE","","","ratio.to.avg.pctnhotheralone",""
"87","011144999","0111025","0","0","0","","","","","","ratio.to.avg.pctnhmulti","44","pctnhmulti","pctnhmulti","11","names_d_subgroups_ratio_to_avg","1","0",0,0,"1",0,"0","0","0","Demographic","Demographic","Nation","us","1","usratio","ratio","TRUE","ratio","ratio","","","","ratio to avg","2","1","FALSE","FALSE","FALSE","","Ratio to US avg %multirace NH","Ratio to US avg % Two or more races (non-Hispanic)","Ratio to US avg % Two or more races (non-Hispanic)","0","","0","","","999","","","","","FALSE","","","ratio.to.avg.pctnhmulti",""
"88","011145999","0111018","0","0","0","","","","","","ratio.to.avg.pctnhwa","45","pctnhwa","pctnhwa","11","names_d_subgroups_ratio_to_avg","1","0",0,0,"1",0,"0","0","0","Demographic","Demographic","Nation","us","1","usratio","ratio","TRUE","ratio","ratio","","","","ratio to avg","2","1","FALSE","FALSE","FALSE","","Ratio to US avg %White NHA","Ratio to US avg % White (non-Hispanic, single race)","Ratio to US avg % White (non-Hispanic, single race)","0","","","","","999","","","","","FALSE","","","ratio.to.avg.pctnhwa",""
"585","0111899027","01118999","1","1","0","api","P_AGE_LT18","","PCT_AGE_LT18","","pctunder18","99","pctunder18","","118","names_age","0","0",0,0,"0",0,"0","0","0","other","Demographic","","","0","raw","raw","TRUE","raw data for indicator","","1","","pop","wtdmean","2","0","FALSE","TRUE","TRUE","","% under 18","% under age 18","% under age 18","","Pct__Population_Under_Age_18","Percent Break Down by Age below 18 Years","From Ages 1 to 18","","27","","23","","","","","P_AGE_LT18","pctunder18",""
"586","0111899028","01118999","1","1","0","api","P_AGE_GT17","","PCT_AGE_GT17","","pctover17","99","pctover17","","118","names_age","0","0",0,0,"0",0,"0","0","0","other","Demographic","","","0","raw","raw","TRUE","raw data for indicator","","1","","pop","wtdmean","2","0","FALSE","TRUE","TRUE","","%over17","% above age 17","% above age 17","","Pct__Population_Over_Age_17","Percent Break Down by Age above 17 Years","From Ages 18 and up","","28","","77","","","","","P_AGE_GT17","pctover17",""
"89","011238999","0112021","0","0","0","","","","","","ratio.to.state.avg.pcthisp","38","pcthisp","pcthisp","12","names_d_subgroups_ratio_to_state_avg","1","1",0,0,"1",0,"0","0","0","Demographic","Demographic","State","state","3","stateratio","ratio","TRUE","ratio","ratio","","","","ratio to avg","2","1","FALSE","FALSE","FALSE","","Ratio to State avg %Hispanic","Ratio to State avg % Hispanic or Latino","Ratio to State avg % Hispanic or Latino","","","0","","","999","","","","","FALSE","","","ratio.to.state.avg.pcthisp",""
"90","011239999","0112019","0","0","0","","","","","","ratio.to.state.avg.pctnhba","39","pctnhba","pctnhba","12","names_d_subgroups_ratio_to_state_avg","1","1",0,0,"1",0,"0","0","0","Demographic","Demographic","State","state","3","stateratio","ratio","TRUE","ratio","ratio","","","","ratio to avg","2","1","FALSE","FALSE","FALSE","","Ratio to State avg %Black NHA","Ratio to State avg % Black or African American (non-Hispanic, single race)","Ratio to State avg % Black or African American (non-Hispanic, single race)","","","0","","","999","","","","","FALSE","","","ratio.to.state.avg.pctnhba",""
"91","011240999","0112020","0","0","0","","","","","","ratio.to.state.avg.pctnhaa","40","pctnhaa","pctnhaa","12","names_d_subgroups_ratio_to_state_avg","1","1",0,0,"1",0,"0","0","0","Demographic","Demographic","State","state","3","stateratio","ratio","TRUE","ratio","ratio","","","","ratio to avg","2","1","FALSE","FALSE","FALSE","","Ratio to State avg %Asian NHA","Ratio to State avg % Asian (non-Hispanic, single race)","Ratio to State avg % Asian (non-Hispanic, single race)","0","","0","","","999","","","","","FALSE","","","ratio.to.state.avg.pctnhaa",""
"92","011241999","0112022","0","0","0","","","","","","ratio.to.state.avg.pctnhaiana","41","pctnhaiana","pctnhaiana","12","names_d_subgroups_ratio_to_state_avg","1","1",0,0,"1",0,"0","0","0","Demographic","Demographic","State","state","3","stateratio","ratio","TRUE","ratio","ratio","","","","ratio to avg","2","1","FALSE","FALSE","FALSE","","Ratio to State avg %AmerIndian/AK NHA","Ratio to State avg % American Indian and Alaska Native (non-Hispanic, single race)","Ratio to State avg % American Indian and Alaska Native (non-Hispanic, single race)","0","","","","","999","","","","","FALSE","","","ratio.to.state.avg.pctnhaiana",""
"93","011242999","0112023","0","0","0","","","","","","ratio.to.state.avg.pctnhnhpia","42","pctnhnhpia","pctnhnhpia","12","names_d_subgroups_ratio_to_state_avg","1","1",0,0,"1",0,"0","0","0","Demographic","Demographic","State","state","3","stateratio","ratio","TRUE","ratio","ratio","","","","ratio to avg","2","1","FALSE","FALSE","FALSE","","Ratio to State avg %Hawaiian/PI NHA","Ratio to State avg % Native Hawaiian and Other Pacific Islander (non-Hispanic, single race)","Ratio to State avg % Native Hawaiian and Other Pacific Islander (non-Hispanic, single race)","0","","","","","999","","","","","FALSE","","","ratio.to.state.avg.pctnhnhpia",""
"94","011243999","0112024","0","0","0","","","","","","ratio.to.state.avg.pctnhotheralone","43","pctnhotheralone","pctnhotheralone","12","names_d_subgroups_ratio_to_state_avg","1","1",0,0,"1",0,"0","0","0","Demographic","Demographic","State","state","3","stateratio","ratio","TRUE","ratio","ratio","","","","ratio to avg","2","1","FALSE","FALSE","FALSE","","Ratio to State avg %Other race NHA","Ratio to State avg % Other race (non-Hispanic, single race)","Ratio to State avg % Other race (non-Hispanic, single race)","0","","0","","","999","","","","","FALSE","","","ratio.to.state.avg.pctnhotheralone",""
"95","011244999","0112025","0","0","0","","","","","","ratio.to.state.avg.pctnhmulti","44","pctnhmulti","pctnhmulti","12","names_d_subgroups_ratio_to_state_avg","1","1",0,0,"1",0,"0","0","0","Demographic","Demographic","State","state","3","stateratio","ratio","TRUE","ratio","ratio","","","","ratio to avg","2","1","FALSE","FALSE","FALSE","","Ratio to State avg %multirace NH","Ratio to State avg % Two or more races (non-Hispanic)","Ratio to State avg % Two or more races (non-Hispanic)","0","","0","","","999","","","","","FALSE","","","ratio.to.state.avg.pctnhmulti",""
"96","011245999","0112018","0","0","0","","","","","","ratio.to.state.avg.pctnhwa","45","pctnhwa","pctnhwa","12","names_d_subgroups_ratio_to_state_avg","1","1",0,0,"1",0,"0","0","0","Demographic","Demographic","State","state","3","stateratio","ratio","TRUE","ratio","ratio","","","","ratio to avg","2","1","FALSE","FALSE","FALSE","","Ratio to State avg %White NHA","Ratio to State avg % White (non-Hispanic, single race)","Ratio to State avg % White (non-Hispanic, single race)","0","","","","","999","","","","","FALSE","","","ratio.to.state.avg.pctnhwa",""
"587","0112599999","01125999","0","1","0","no match or acs","AGE_GT17","","AGE_GT17","","over17","99","pctover17","","125","names_age_count","0","0",0,0,"0",0,"0","0","0","Demographic","Demographic","","","0","raw","raw","TRUE","count demog","","0","","","sum of counts","","0","FALSE","FALSE","FALSE","","over age 17","Population Over Age 17","Population Over Age 17","","Population_Over_Age_17","","","","999","","","","","","","","over17",""
"588","0112599999","01125999","0","1","0","no match or acs","AGE_LT18","","AGE_LT18","","under18","99","pctunder18","","125","names_age_count","0","0",0,0,"0",0,"0","0","0","Demographic","Demographic","","","0","raw","raw","TRUE","count demog","","0","","","sum of counts","","0","FALSE","FALSE","FALSE","","under 18","Population Under Age 18","Population Under Age 18","","Population_Under_Age_18","","","","999","","","","","","","","under18",""
"589","0112600999","01126999","0","1","0","no match or acs","OCCHU","","OCCHU","","occupiedunits","0","","","126","names_community","0","0",0,0,"0",0,"0","0","0","Demographic","Demographic","","","0","raw","raw","TRUE","raw data for indicator","","","","","sum of counts","","0","FALSE","FALSE","FALSE","","Occupied Housing Units","Occupied Housing Units","Occupied Housing Units","","Occupied_Housing_Units","","","","999","","","","","","","","occupiedunits",""
"590","0112699012","01126999","1","1","0","api","P_MALES","","PCT_MALES","","pctmale","99","pctmale","","126","names_community","0","0",0,0,"0",0,"0","0","0","other","Demographic","","","0","raw","raw","TRUE","raw data for indicator","","1","","pop","wtdmean","2","0","FALSE","TRUE","TRUE","","%male","% Males","% Males","","Pct__Male_Population","Percent Males","Male","","12","","63","","","","","P_MALES","pctmale",""
"591","0112699013","01126999","1","1","0","api","P_FEMALES","","PCT_FEMALES","","pctfemale","99","pctfemale","","126","names_community","0","0",0,0,"0",0,"0","0","0","other","Demographic","","","0","raw","raw","TRUE","raw data for indicator","","1","","pop","wtdmean","2","0","FALSE","TRUE","TRUE","","%female","% Females","% Females","","Pct__Females","Percent Females","Female","","13","","37","","","","","P_FEMALES","pctfemale",""
"592","0112699014","01126999","1","1","0","api","LIFEEXP","","LIFEEXP","","lifexyears","99","names_community","","126","names_community","0","0",0,0,"0",0,"0","0","0","other","Demographic","","","0","raw","raw","TRUE","raw data for indicator","raw","","","pop","wtdmean","2","0","FALSE","FALSE","FALSE","","Life Expectancy in Years","Life Expectancy in Years","Life Expectancy in Years","","Life_Expectancy_in_years","Life Expectancy in Years","Average life expectancy","","14","","79","","","","","LIFEEXP","lifexyears",""
"593","0112699015","01126999","1","1","0","api","PER_CAP_INC","","PER_CAP_INC","","percapincome","99","percapincome","","126","names_community","0","0",0,0,"0",0,"0","0","0","other","Demographic","","","0","raw","raw","TRUE","","","","1","pop","wtdmean","","0","FALSE","FALSE","FALSE","","Per Capita Income","Per Capita Income","Per Capita Income","","Per_Capita_Income","Per Capita Income","Per capita income","","15","","31401","","","","","PER_CAP_INC","percapincome",""
"594","0112699017","01126999","1","1","0","api","P_OWN_OCCUPIED","","PCT_OWNERS","","pctownedunits","99","pctownedunits","","126","names_community","0","0",0,0,"0",0,"0","0","0","Demographic","Demographic","","","0","raw","raw","TRUE","raw data for indicator","","1","","occupiedunits","wtdmean","2","0","FALSE","TRUE","TRUE","","%owners","% Owner-occupied housing units","% Owner Occupied households","","Pct_Owner_Occupied_Housing_Units","Owner Occupied households","Owner occupied","","17","","71","","","","","P_OWN_OCCUPIED","pctownedunits",""
"97","011338999","0113021","0","0","0","","","","","","pctile.pcthisp","38","pcthisp","pcthisp","13","names_d_subgroups_pctile","0","0",1,0,"0",0,"0","0","0","Demographic","Demographic","Nation","us","1","uspctile","pctile","TRUE","percentile","pctile","","","","lookedup","2","0","FALSE","FALSE","FALSE","","US%ile %Hispanic","US percentile for % Hispanic or Latino","US percentile for % Hispanic or Latino","0","","","","","999","","","","","FALSE","","","pctile.pcthisp",""
"98","011339999","0113019","0","0","0","","","","","","pctile.pctnhba","39","pctnhba","pctnhba","13","names_d_subgroups_pctile","0","0",1,0,"0",0,"0","0","0","Demographic","Demographic","Nation","us","1","uspctile","pctile","TRUE","percentile","pctile","","","","lookedup","2","0","FALSE","FALSE","FALSE","","US%ile %Black NHA","US percentile for % Black or African American (non-Hispanic, single race)","US percentile for % Black or African American (non-Hispanic, single race)","0","","","","","999","","","","","FALSE","","","pctile.pctnhba",""
"596","0113399999","01133999","0","1","0","no match or acs","FEMALES","","FEMALES","","female","99","pctfemale","","133","names_community_count","0","0",0,0,"0",0,"0","0","0","Demographic","Demographic","","","0","raw","raw","TRUE","count demog","","0","","","sum of counts","","0","FALSE","FALSE","FALSE","","Female Population","Female Population","Female Population","","Female_Population","","","","999","","","","","","","","female",""
"597","0113399999","01133999","0","1","0","no match or acs","MALES","","MALES","","male","99","pctmale","","133","names_community_count","0","0",0,0,"0",0,"0","0","0","Demographic","Demographic","","","0","raw","raw","TRUE","count demog","","0","","","sum of counts","","0","FALSE","FALSE","FALSE","","Male Population","Male Population","Male Population","0","Male_Population","","","","999","","","","","","","","male",""
"99","011340999","0113020","0","0","0","","","","","","pctile.pctnhaa","40","pctnhaa","pctnhaa","13","names_d_subgroups_pctile","0","0",1,0,"0",0,"0","0","0","Demographic","Demographic","Nation","us","1","uspctile","pctile","TRUE","percentile","pctile","","","","lookedup","2","0","FALSE","FALSE","FALSE","","US%ile %Asian NHA","US percentile for % Asian (non-Hispanic, single race)","US percentile for % Asian (non-Hispanic, single race)","0","","","","","999","","","","","FALSE","","","pctile.pctnhaa",""
"100","011341999","0113022","0","0","0","","","","","","pctile.pctnhaiana","41","pctnhaiana","pctnhaiana","13","names_d_subgroups_pctile","0","0",1,0,"0",0,"0","0","0","Demographic","Demographic","Nation","us","1","uspctile","pctile","TRUE","percentile","pctile","","","","lookedup","2","0","FALSE","FALSE","FALSE","","US%ile %AmerIndian/AK NHA","US percentile for % American Indian and Alaska Native (non-Hispanic, single race)","US percentile for % American Indian and Alaska Native (non-Hispanic, single race)","0","","","","","999","","","","","FALSE","","","pctile.pctnhaiana",""
"101","011342999","0113023","0","0","0","","","","","","pctile.pctnhnhpia","42","pctnhnhpia","pctnhnhpia","13","names_d_subgroups_pctile","0","0",1,0,"0",0,"0","0","0","Demographic","Demographic","Nation","us","1","uspctile","pctile","TRUE","percentile","pctile","","","","lookedup","2","0","FALSE","FALSE","FALSE","","US%ile %Hawaiian/PI NHA","US percentile for % Native Hawaiian and Other Pacific Islander (non-Hispanic, single race)","US percentile for % Native Hawaiian and Other Pacific Islander (non-Hispanic, single race)","0","","","","","999","","","","","FALSE","","","pctile.pctnhnhpia",""
"102","011343999","0113024","0","0","0","","","","","","pctile.pctnhotheralone","43","pctnhotheralone","pctnhotheralone","13","names_d_subgroups_pctile","0","0",1,0,"0",0,"0","0","0","Demographic","Demographic","Nation","us","1","uspctile","pctile","TRUE","percentile","pctile","","","","lookedup","2","0","FALSE","FALSE","FALSE","","US%ile %Other race NHA","US percentile for % Other race (non-Hispanic, single race)","US percentile for % Other race (non-Hispanic, single race)","0","","0","","","999","","","","","FALSE","","","pctile.pctnhotheralone",""
"103","011344999","0113025","0","0","0","","","","","","pctile.pctnhmulti","44","pctnhmulti","pctnhmulti","13","names_d_subgroups_pctile","0","0",1,0,"0",0,"0","0","0","Demographic","Demographic","Nation","us","1","uspctile","pctile","TRUE","percentile","pctile","","","","lookedup","2","0","FALSE","FALSE","FALSE","","US%ile %multirace NH","US percentile for % Two or more races (non-Hispanic)","US percentile for % Two or more races (non-Hispanic)","0","","0","","","999","","","","","FALSE","","","pctile.pctnhmulti",""
"104","011345999","0113018","0","0","0","","","","","","pctile.pctnhwa","45","pctnhwa","pctnhwa","13","names_d_subgroups_pctile","0","0",1,0,"0",0,"0","0","0","Demographic","Demographic","Nation","us","1","uspctile","pctile","TRUE","percentile","pctile","","","","lookedup","2","0","FALSE","FALSE","FALSE","","US%ile %White NHA","US percentile for % White (non-Hispanic, single race)","US percentile for % White (non-Hispanic, single race)","0","","","","","999","","","","","FALSE","","","pctile.pctnhwa",""
"598","0113499214","01134999","1","0","0","api","YESNO_TRIBAL","","","","yesno_tribal","99","","","134","names_flag","0","0",0,0,"0",0,"0","0","0","other","Demographic","","","0","raw","raw","TRUE","misc","misc","","","","flag","","","FALSE","FALSE","FALSE","","Overlaps Tribes","Flag for Overlapping with Tribes","Flag for Overlapping with Tribes","","","Flag for Overlapping with Tribes","Selected location contains American Indian Reservation Lands","","214","","No","","","","","YESNO_TRIBAL","yesno_tribal",""
"599","0113899999","01138999","0","0","0","","","","","","pctfemale1849","99","pctfemale1849","","138","custom","0","0",0,0,"0",0,"0","0","0","other","Demographic","Nation","us","1","raw","raw","TRUE","raw data for indicator","raw","1","","pop","wtdmean","2","0","FALSE","TRUE","TRUE","","%Women childbearing age (18-49)","% of population who are women of childbearing age (18-49)","% of population who are women of childbearing age (18-49)","","","","","","999","","","","","","","","pctfemale1849",""
"600","0113899999","01138999","0","0","0","","","","","","female1849","99","pctfemale1849","","138","custom","0","0",0,0,"0",0,"0","0","0","other","Demographic","Nation","us","1","raw","raw","TRUE","count demog","count","0","","","sum of counts","2","0","FALSE","FALSE","TRUE","","Women childbearing age count (18-49)","Women of childbearing age count (18-49)","Women of childbearing age count (18-49)","","","","","","999","","","","","","","","female1849",""
"105","011438999","0114021","0","0","0","","","","","","state.pctile.pcthisp","38","pcthisp","pcthisp","14","names_d_subgroups_state_pctile","0","1",1,0,"0",0,"0","0","0","Demographic","Demographic","State","state","3","statepctile","pctile","TRUE","percentile","pctile","","","","lookedup","2","0","FALSE","FALSE","FALSE","","State%ile %Hispanic","State percentile for % Hispanic or Latino","State percentile for % Hispanic or Latino","","","0","","","999","","","","","FALSE","","","state.pctile.pcthisp",""
"106","011439999","0114019","0","0","0","","","","","","state.pctile.pctnhba","39","pctnhba","pctnhba","14","names_d_subgroups_state_pctile","0","1",1,0,"0",0,"0","0","0","Demographic","Demographic","State","state","3","statepctile","pctile","TRUE","percentile","pctile","","","","lookedup","2","0","FALSE","FALSE","FALSE","","State%ile %Black NHA","State percentile for % Black or African American (non-Hispanic, single race)","State percentile for % Black or African American (non-Hispanic, single race)","","","0","","","999","","","","","FALSE","","","state.pctile.pctnhba",""
"107","011440999","0114020","0","0","0","","","","","","state.pctile.pctnhaa","40","pctnhaa","pctnhaa","14","names_d_subgroups_state_pctile","0","1",1,0,"0",0,"0","0","0","Demographic","Demographic","State","state","3","statepctile","pctile","TRUE","percentile","pctile","","","","lookedup","2","0","FALSE","FALSE","FALSE","","State%ile %Asian NHA","State percentile for % Asian (non-Hispanic, single race)","State percentile for % Asian (non-Hispanic, single race)","0","","0","","","999","","","","","FALSE","","","state.pctile.pctnhaa",""
"108","011441999","0114022","0","0","0","","","","","","state.pctile.pctnhaiana","41","pctnhaiana","pctnhaiana","14","names_d_subgroups_state_pctile","0","1",1,0,"0",0,"0","0","0","Demographic","Demographic","State","state","3","statepctile","pctile","TRUE","percentile","pctile","","","","lookedup","2","0","FALSE","FALSE","FALSE","","State%ile %AmerIndian/AK NHA","State percentile for % American Indian and Alaska Native (non-Hispanic, single race)","State percentile for % American Indian and Alaska Native (non-Hispanic, single race)","0","","","","","999","","","","","FALSE","","","state.pctile.pctnhaiana",""
"109","011442999","0114023","0","0","0","","","","","","state.pctile.pctnhnhpia","42","pctnhnhpia","pctnhnhpia","14","names_d_subgroups_state_pctile","0","1",1,0,"0",0,"0","0","0","Demographic","Demographic","State","state","3","statepctile","pctile","TRUE","percentile","pctile","","","","lookedup","2","0","FALSE","FALSE","FALSE","","State%ile %Hawaiian/PI NHA","State percentile for % Native Hawaiian and Other Pacific Islander (non-Hispanic, single race)","State percentile for % Native Hawaiian and Other Pacific Islander (non-Hispanic, single race)","0","","","","","999","","","","","FALSE","","","state.pctile.pctnhnhpia",""
"110","011443999","0114024","0","0","0","","","","","","state.pctile.pctnhotheralone","43","pctnhotheralone","pctnhotheralone","14","names_d_subgroups_state_pctile","0","1",1,0,"0",0,"0","0","0","Demographic","Demographic","State","state","3","statepctile","pctile","TRUE","percentile","pctile","","","","lookedup","2","0","FALSE","FALSE","FALSE","","State%ile %Other race NHA","State percentile for % Other race (non-Hispanic, single race)","State percentile for % Other race (non-Hispanic, single race)","0","","","","","999","","","","","FALSE","","","state.pctile.pctnhotheralone",""
"111","011444999","0114025","0","0","0","","","","","","state.pctile.pctnhmulti","44","pctnhmulti","pctnhmulti","14","names_d_subgroups_state_pctile","0","1",1,0,"0",0,"0","0","0","Demographic","Demographic","State","state","3","statepctile","pctile","TRUE","percentile","pctile","","","","lookedup","2","0","FALSE","FALSE","FALSE","","State%ile %multirace NH","State percentile for % Two or more races (non-Hispanic)","State percentile for % Two or more races (non-Hispanic)","0","","0","","","999","","","","","FALSE","","","state.pctile.pctnhmulti",""
"112","011445999","0114018","0","0","0","","","","","","state.pctile.pctnhwa","45","pctnhwa","pctnhwa","14","names_d_subgroups_state_pctile","0","1",1,0,"0",0,"0","0","0","Demographic","Demographic","State","state","3","statepctile","pctile","TRUE","percentile","pctile","","","","lookedup","2","0","FALSE","FALSE","FALSE","","State%ile %White NHA","State percentile for % White (non-Hispanic, single race)","State percentile for % White (non-Hispanic, single race)","0","","","","","999","","","","","FALSE","","","state.pctile.pctnhwa",""
"113","011538999","0115021","0","0","0","","","","","","avg.pcthisp","38","pcthisp","pcthisp","15","names_d_subgroups_avg","0","0",0,0,"1",0,"0","0","0","Demographic","Demographic","Nation","us","1","usavg","avg","TRUE","average","avg","1","","","constant","2","0","FALSE","TRUE","FALSE","","US avg %Hispanic","US Average for % Hispanic or Latino","US Average for % Hispanic or Latino","0","","","","","999","","","","","FALSE","","","avg.pcthisp",""
"114","011539999","0115019","0","0","0","","","","","","avg.pctnhba","39","pctnhba","pctnhba","15","names_d_subgroups_avg","0","0",0,0,"1",0,"0","0","0","Demographic","Demographic","Nation","us","1","usavg","avg","TRUE","average","avg","1","","","constant","2","0","FALSE","TRUE","FALSE","","US avg %Black NHA","US Average for % Black or African American (non-Hispanic, single race)","US Average for % Black or African American (non-Hispanic, single race)","0","","","","","999","","","","","FALSE","","","avg.pctnhba",""
"115","011540999","0115020","0","0","0","","","","","","avg.pctnhaa","40","pctnhaa","pctnhaa","15","names_d_subgroups_avg","0","0",0,0,"1",0,"0","0","0","Demographic","Demographic","Nation","us","1","usavg","avg","TRUE","average","avg","1","","","constant","2","0","FALSE","TRUE","FALSE","","US avg %Asian NHA","US Average for % Asian (non-Hispanic, single race)","US Average for % Asian (non-Hispanic, single race)","0","","","","","999","","","","","FALSE","","","avg.pctnhaa",""
"116","011541999","0115022","0","0","0","","","","","","avg.pctnhaiana","41","pctnhaiana","pctnhaiana","15","names_d_subgroups_avg","0","0",0,0,"1",0,"0","0","0","Demographic","Demographic","Nation","us","1","usavg","avg","TRUE","average","avg","1","","","constant","2","0","FALSE","TRUE","FALSE","","US avg %AmerIndian/AK NHA","US Average for % American Indian and Alaska Native (non-Hispanic, single race)","US Average for % American Indian and Alaska Native (non-Hispanic, single race)","0","","","","","999","","","","","FALSE","","","avg.pctnhaiana",""
"117","011542999","0115023","0","0","0","","","","","","avg.pctnhnhpia","42","pctnhnhpia","pctnhnhpia","15","names_d_subgroups_avg","0","0",0,0,"1",0,"0","0","0","Demographic","Demographic","Nation","us","1","usavg","avg","TRUE","average","avg","1","","","constant","2","0","FALSE","TRUE","FALSE","","US avg %Hawaiian/PI NHA","US Average for % Native Hawaiian and Other Pacific Islander (non-Hispanic, single race)","US Average for % Native Hawaiian and Other Pacific Islander (non-Hispanic, single race)","0","","","","","999","","","","","FALSE","","","avg.pctnhnhpia",""
"118","011543999","0115024","0","0","0","","","","","","avg.pctnhotheralone","43","pctnhotheralone","pctnhotheralone","15","names_d_subgroups_avg","0","0",0,0,"1",0,"0","0","0","Demographic","Demographic","Nation","us","1","usavg","avg","TRUE","average","avg","1","","","constant","2","0","FALSE","TRUE","FALSE","","US avg %Other race NHA","US Average for % Other race (non-Hispanic, single race)","US Average for % Other race (non-Hispanic, single race)","0","","0","","","999","","","","","FALSE","","","avg.pctnhotheralone",""
"119","011544999","0115025","0","0","0","","","","","","avg.pctnhmulti","44","pctnhmulti","pctnhmulti","15","names_d_subgroups_avg","0","0",0,0,"1",0,"0","0","0","Demographic","Demographic","Nation","us","1","usavg","avg","TRUE","average","avg","1","","","constant","2","0","FALSE","TRUE","FALSE","","US avg %multirace NH","US Average for % Two or more races (non-Hispanic)","US Average for % Two or more races (non-Hispanic)","0","","0","","","999","","","","","FALSE","","","avg.pctnhmulti",""
"120","011545999","0115018","0","0","0","","","","","","avg.pctnhwa","45","pctnhwa","pctnhwa","15","names_d_subgroups_avg","0","0",0,0,"1",0,"0","0","0","Demographic","Demographic","Nation","us","1","usavg","avg","TRUE","average","avg","1","","","constant","2","0","FALSE","TRUE","FALSE","","US avg %White NHA","US Average for % White (non-Hispanic, single race)","US Average for % White (non-Hispanic, single race)","0","","","","","999","","","","","FALSE","","","avg.pctnhwa",""
"121","011638999","0116021","0","0","0","","","","","","state.avg.pcthisp","38","pcthisp","pcthisp","16","names_d_subgroups_state_avg","0","1",0,0,"1",0,"0","0","0","Demographic","Demographic","State","state","3","stateavg","avg","TRUE","average","avg","1","","","constant","2","0","FALSE","TRUE","FALSE","","State avg %Hispanic","State Average for % Hispanic or Latino","State Average for % Hispanic or Latino","","","0","","","999","","","","","FALSE","","","state.avg.pcthisp",""
"122","011639999","0116019","0","0","0","","","","","","state.avg.pctnhba","39","pctnhba","pctnhba","16","names_d_subgroups_state_avg","0","1",0,0,"1",0,"0","0","0","Demographic","Demographic","State","state","3","stateavg","avg","TRUE","average","avg","1","","","constant","2","0","FALSE","TRUE","FALSE","","State avg %Black NHA","State Average for % Black or African American (non-Hispanic, single race)","State Average for % Black or African American (non-Hispanic, single race)","","","0","","","999","","","","","FALSE","","","state.avg.pctnhba",""
"123","011640999","0116020","0","0","0","","","","","","state.avg.pctnhaa","40","pctnhaa","pctnhaa","16","names_d_subgroups_state_avg","0","1",0,0,"1",0,"0","0","0","Demographic","Demographic","State","state","3","stateavg","avg","TRUE","average","avg","1","","","constant","2","0","FALSE","TRUE","FALSE","","State avg %Asian NHA","State Average for % Asian (non-Hispanic, single race)","State Average for % Asian (non-Hispanic, single race)","0","","0","","","999","","","","","FALSE","","","state.avg.pctnhaa",""
"124","011641999","0116022","0","0","0","","","","","","state.avg.pctnhaiana","41","pctnhaiana","pctnhaiana","16","names_d_subgroups_state_avg","0","1",0,0,"1",0,"0","0","0","Demographic","Demographic","State","state","3","stateavg","avg","TRUE","average","avg","1","","","constant","2","0","FALSE","TRUE","FALSE","","State avg %AmerIndian/AK NHA","State Average for % American Indian and Alaska Native (non-Hispanic, single race)","State Average for % American Indian and Alaska Native (non-Hispanic, single race)","0","","","","","999","","","","","FALSE","","","state.avg.pctnhaiana",""
"125","011642999","0116023","0","0","0","","","","","","state.avg.pctnhnhpia","42","pctnhnhpia","pctnhnhpia","16","names_d_subgroups_state_avg","0","1",0,0,"1",0,"0","0","0","Demographic","Demographic","State","state","3","stateavg","avg","TRUE","average","avg","1","","","constant","2","0","FALSE","TRUE","FALSE","","State avg %Hawaiian/PI NHA","State Average for % Native Hawaiian and Other Pacific Islander (non-Hispanic, single race)","State Average for % Native Hawaiian and Other Pacific Islander (non-Hispanic, single race)","0","","","","","999","","","","","FALSE","","","state.avg.pctnhnhpia",""
"126","011643999","0116024","0","0","0","","","","","","state.avg.pctnhotheralone","43","pctnhotheralone","pctnhotheralone","16","names_d_subgroups_state_avg","0","1",0,0,"1",0,"0","0","0","Demographic","Demographic","State","state","3","stateavg","avg","TRUE","average","avg","1","","","constant","2","0","FALSE","TRUE","FALSE","","State avg %Other race NHA","State Average for % Other race (non-Hispanic, single race)","State Average for % Other race (non-Hispanic, single race)","0","","0","","","999","","","","","FALSE","","","state.avg.pctnhotheralone",""
"127","011644999","0116025","0","0","0","","","","","","state.avg.pctnhmulti","44","pctnhmulti","pctnhmulti","16","names_d_subgroups_state_avg","0","1",0,0,"1",0,"0","0","0","Demographic","Demographic","State","state","3","stateavg","avg","TRUE","average","avg","1","","","constant","2","0","FALSE","TRUE","FALSE","","State avg %multirace NH","State Average for % Two or more races (non-Hispanic)","State Average for % Two or more races (non-Hispanic)","0","","0","","","999","","","","","FALSE","","","state.avg.pctnhmulti",""
"128","011645999","0116018","0","0","0","","","","","","state.avg.pctnhwa","45","pctnhwa","pctnhwa","16","names_d_subgroups_state_avg","0","1",0,0,"1",0,"0","0","0","Demographic","Demographic","State","state","3","stateavg","avg","TRUE","average","avg","1","","","constant","2","0","FALSE","TRUE","FALSE","","State avg %White NHA","State Average for % White (non-Hispanic, single race)","State Average for % White (non-Hispanic, single race)","0","","","","","999","","","","","FALSE","","","state.avg.pctnhwa",""
"129","011738999","0117021","0","1","0","no match or acs","HISP","","HISP","","hisp","38","pcthisp","hisp","17","names_d_subgroups_count","0","0",0,0,"0",0,"0","0","0","Demographic","Demographic","","","0","raw","raw","TRUE","count demog","raw","","","","sum of counts","0","0","FALSE","FALSE","FALSE","","Count of Hispanic","Count of Hispanic or Latino","Count of Hispanic or Latino","0","Hispanic_Population","","","","999","","","","","FALSE","","","hisp",""
"130","011739999","0117019","0","1","0","no match or acs","NHBLACK","","NHBLACK","","nhba","39","pctnhba","nhba","17","names_d_subgroups_count","0","0",0,0,"0",0,"0","0","0","Demographic","Demographic","","","0","raw","raw","TRUE","count demog","raw","","","","sum of counts","0","0","FALSE","FALSE","FALSE","","Count of Black NHA","Count of Black or African American (non-Hispanic, single race)","Count of Black or African American (non-Hispanic, single race)","0","Not_Hispanic_Black_Alone","","","","999","","","","","FALSE","","","nhba",""
"131","011740999","0117020","0","1","0","no match or acs","NHASIAN","","NHASIAN","","nhaa","40","pctnhaa","nhaa","17","names_d_subgroups_count","0","0",0,0,"0",0,"0","0","0","Demographic","Demographic","","","0","raw","raw","TRUE","count demog","raw","","","","sum of counts","0","0","FALSE","FALSE","FALSE","","Count of Asian NHA","Count of Asian (non-Hispanic, single race)","Count of Asian (non-Hispanic, single race)","0","Not_Hispanic_Asian_Alone","","","","999","","","","","FALSE","","","nhaa",""
"132","011741999","0117022","0","1","0","no match or acs","NHAMERIND","","NHAMERIND","","nhaiana","41","pctnhaiana","nhaiana","17","names_d_subgroups_count","0","0",0,0,"0",0,"0","0","0","Demographic","Demographic","","","0","raw","raw","TRUE","count demog","raw","","","","sum of counts","0","0","FALSE","FALSE","FALSE","","Count of AmerIndian/AK NHA","Count of American Indian and Alaska Native (non-Hispanic, single race)","Count of American Indian and Alaska Native (non-Hispanic, single race)","0","Not_Hispanic_American_Indian_Alone","0","","","999","","","","","FALSE","","","nhaiana",""
"133","011742999","0117023","0","1","0","no match or acs","NHHAWPAC","","NHHAWPAC","","nhnhpia","42","pctnhnhpia","nhnhpia","17","names_d_subgroups_count","0","0",0,0,"0",0,"0","0","0","Demographic","Demographic","","","0","raw","raw","TRUE","count demog","raw","","","","sum of counts","0","0","FALSE","FALSE","FALSE","","Count of Hawaiian/PI NHA","Count of Native Hawaiian and Other Pacific Islander (non-Hispanic, single race)","Count of Native Hawaiian and Other Pacific Islander (non-Hispanic, single race)","0","Not_Hispanic_Hawaiian_Pacific_Islander__Alone","","","","999","","","","","FALSE","","","nhnhpia",""
"134","011743999","0117024","0","1","0","no match or acs","NHOTHER_RACE","","NHOTHER_RACE","","nhotheralone","43","pctnhotheralone","nhotheralone","17","names_d_subgroups_count","0","0",0,0,"0",0,"0","0","0","Demographic","Demographic","","","0","raw","raw","TRUE","count demog","raw","","","","sum of counts","0","0","FALSE","FALSE","FALSE","","Count of Other race NHA","Count of Other race (non-Hispanic, single race)","Count of Other race (non-Hispanic, single race)","0","Not_Hispanic_Other_Race_Alone","0","","","999","","","","","FALSE","","","nhotheralone",""
"135","011744999","0117025","0","1","0","no match or acs","NHTWOMORE","","NHTWOMORE","","nhmulti","44","pctnhmulti","nhmulti","17","names_d_subgroups_count","0","0",0,0,"0",0,"0","0","0","Demographic","Demographic","","","0","raw","raw","TRUE","count demog","raw","","","","sum of counts","0","0","FALSE","FALSE","FALSE","","Count of multirace NH","Count of Two or more races (non-Hispanic)","Count of Two or more races (non-Hispanic)","0","Not_Hispanic_Two_or_More_Races_Alone","0","","","999","","","","","FALSE","","","nhmulti",""
"136","011745999","0117018","0","1","0","no match or acs","NHWHITE","","NHWHITE","","nhwa","45","pctnhwa","nhwa","17","names_d_subgroups_count","0","0",0,0,"0",0,"0","0","0","Demographic","Demographic","","","0","raw","raw","TRUE","count demog","raw","","","","sum of counts","0","0","FALSE","FALSE","FALSE","","Count of White NHA","Count of White (non-Hispanic, single race)","Count of White (non-Hispanic, single race)","0","Not_Hispanic_White_Alone","","","","999","","","","","FALSE","","","nhwa",""
"137","011838021","0118021","","1","0","no match or acs","PCT_HISP","","PCT_HISP","","pcthisp","38","pcthisp","","18","names_d_subgroups_alone","0","0",0,0,"0",0,"0","0","0","Demographic","Demographic","","","0","raw","raw","TRUE","raw data for indicator","raw","1","","pop","wtdmean","2","0","FALSE","TRUE","TRUE","","%Hispanic","% Hispanic or Latino","% Hispanic or Latino","","Pct__Hispanic_Population","Percent of Hispanics","Hispanic","","21","","7","","","","","P_HISP","pcthisp",""
"138","011854019","0118019","","1","0","api","P_BLACK","","PCT_BLACK","","pctba","54","pctba","","18","names_d_subgroups_alone","0","0",0,0,"0",0,"0","0","0","Demographic","Demographic","","","0","raw","raw","TRUE","raw data for indicator","raw","1","","pop","wtdmean","2","0","TRUE","TRUE","TRUE","","%Black alone","% Black or African American (single race, includes Hispanic)","% Black or African American (single race, includes Hispanic)","","Pct__Black_Population","","Black","","19","","0","","","","","P_BLACK","pctba",""
"139","011855020","0118020","","1","0","api","P_ASIAN","","PCT_ASIAN","","pctaa","55","pctaa","","18","names_d_subgroups_alone","0","0",0,0,"0",0,"0","0","0","Demographic","Demographic","","","0","raw","raw","TRUE","raw data for indicator","raw","1","","pop","wtdmean","2","0","TRUE","TRUE","TRUE","","%Asian alone","% Asian (single race, includes Hispanic)","% Asian (single race, includes Hispanic)","0","Pct__Asian_Population","","Asian","","20","","0","","","","","P_ASIAN","pctaa",""
"140","011856022","0118022","","1","0","api","P_AMERIND","","PCT_AMERIND","","pctaiana","56","pctaiana","","18","names_d_subgroups_alone","0","0",0,0,"0",0,"0","0","0","Demographic","Demographic","","","0","raw","raw","TRUE","raw data for indicator","raw","1","","pop","wtdmean","2","0","TRUE","TRUE","TRUE","","%AmerIndian/AK alone","% American Indian and Alaska Native (single race, includes Hispanic)","% American Indian and Alaska Native (single race, includes Hispanic)","0","Pct__American_Indian_Population","","American Indian","","22","","0","","","","","P_AMERIND","pctaiana",""
"141","011857023","0118023","","1","0","api","P_HAWPAC","","PCT_HAWPAC","","pctnhpia","57","pctnhpia","","18","names_d_subgroups_alone","0","0",0,0,"0",0,"0","0","0","Demographic","Demographic","","","0","raw","raw","TRUE","raw data for indicator","raw","1","","pop","wtdmean","2","0","TRUE","TRUE","TRUE","","%Hawaiian/PI alone","% Native Hawaiian and Other Pacific Islander (single race, includes Hispanic)","% Native Hawaiian and Other Pacific Islander (single race, includes Hispanic)","0","Pct__Hawaiian_Pacific_Islander_Population","","Hawaiian/Pacific Islander","","23","","0","","","","","P_HAWPAC","pctnhpia",""
"142","011858024","0118024","","1","0","api","P_OTHER_RACE","","PCT_OTHER_RACE","","pctotheralone","58","pctotheralone","","18","names_d_subgroups_alone","0","0",0,0,"0",0,"0","0","0","Demographic","Demographic","","","0","raw","raw","TRUE","raw data for indicator","raw","1","","pop","wtdmean","2","0","TRUE","TRUE","TRUE","","%Other race alone","% Other race (single race, includes Hispanic)","% Other race (single race, includes Hispanic)","0","Pct__Other_Race_Population","","Other race","","24","","7","","","","","P_OTHER_RACE","pctotheralone",""
"143","011859025","0118025","","1","0","api","P_TWOMORE","","PCT_TWOMORE","","pctmulti","59","pctmulti","","18","names_d_subgroups_alone","0","0",0,0,"0",0,"0","0","0","Demographic","Demographic","","","0","raw","raw","TRUE","raw data for indicator","raw","1","","pop","wtdmean","2","0","TRUE","TRUE","TRUE","","%multirace","% Two or more races (includes Hispanic)","% Two or more races (includes Hispanic)","0","Pct__Two_or_More_Race_Population","","Two or more races","","25","","4","","","","","P_TWOMORE","pctmulti",""
"144","011860018","0118018","","1","0","api","P_WHITE","","PCT_WHITE","","pctwa","60","pctwa","","18","names_d_subgroups_alone","0","0",0,0,"0",0,"0","0","0","Demographic","Demographic","","","0","raw","raw","TRUE","raw data for indicator","raw","1","","pop","wtdmean","2","0","TRUE","TRUE","TRUE","","%White alone","% White (single race, includes Hispanic)","% White (single race, includes Hispanic)","0","Pct__White_Population","","White","","18","","89","","","","","P_WHITE","pctwa",""
"145","011938999","0119021","0","0","0","","","","","","ratio.to.avg.pcthisp","38","pcthisp","","19","names_d_subgroups_alone_ratio_to_avg","1","0",0,0,"1",0,"0","0","0","Demographic","Demographic","Nation","us","1","usratio","ratio","TRUE","ratio","ratio","","","","ratio to avg","2","1","FALSE","FALSE","FALSE","","Ratio to US avg %Hispanic","Ratio to US avg % Hispanic or Latino","Ratio to US avg % Hispanic or Latino","0","","","","","999","","","","","","","","ratio.to.avg.pcthisp",""
"146","011954999","0119019","0","0","0","","","","","","ratio.to.avg.pctba","54","pctba","","19","names_d_subgroups_alone_ratio_to_avg","1","0",0,0,"1",0,"0","0","0","Demographic","Demographic","Nation","us","1","usratio","ratio","TRUE","ratio","ratio","","","","ratio to avg","2","1","FALSE","FALSE","FALSE","","Ratio to US avg %Black alone","Ratio to US avg % Black or African American (single race, includes Hispanic)","Ratio to US avg % Black or African American (single race, includes Hispanic)","0","","","","","999","","","","","","","","ratio.to.avg.pctba",""
"147","011955999","0119020","0","0","0","","","","","","ratio.to.avg.pctaa","55","pctaa","","19","names_d_subgroups_alone_ratio_to_avg","1","0",0,0,"1",0,"0","0","0","Demographic","Demographic","Nation","us","1","usratio","ratio","TRUE","ratio","ratio","","","","ratio to avg","2","1","FALSE","FALSE","FALSE","","Ratio to US avg %Asian alone","Ratio to US avg % Asian (single race, includes Hispanic)","Ratio to US avg % Asian (single race, includes Hispanic)","0","","","","","999","","","","","","","","ratio.to.avg.pctaa",""
"148","011956999","0119022","0","0","0","","","","","","ratio.to.avg.pctaiana","56","pctaiana","","19","names_d_subgroups_alone_ratio_to_avg","1","0",0,0,"1",0,"0","0","0","Demographic","Demographic","Nation","us","1","usratio","ratio","TRUE","ratio","ratio","","","","ratio to avg","2","1","FALSE","FALSE","FALSE","","Ratio to US avg %AmerIndian/AK alone","Ratio to US avg % American Indian and Alaska Native (single race, includes Hispanic)","Ratio to US avg % American Indian and Alaska Native (single race, includes Hispanic)","0","","0","","","999","","","","","","","","ratio.to.avg.pctaiana",""
"149","011957999","0119023","0","0","0","","","","","","ratio.to.avg.pctnhpia","57","pctnhpia","","19","names_d_subgroups_alone_ratio_to_avg","1","0",0,0,"1",0,"0","0","0","Demographic","Demographic","Nation","us","1","usratio","ratio","TRUE","ratio","ratio","","","","ratio to avg","2","1","FALSE","FALSE","FALSE","","Ratio to US avg %Hawaiian/PI alone","Ratio to US avg % Native Hawaiian and Other Pacific Islander (single race, includes Hispanic)","Ratio to US avg % Native Hawaiian and Other Pacific Islander (single race, includes Hispanic)","0","","","","","999","","","","","","","","ratio.to.avg.pctnhpia",""
"150","011958999","0119024","0","0","0","","","","","","ratio.to.avg.pctotheralone","58","pctotheralone","","19","names_d_subgroups_alone_ratio_to_avg","1","0",0,0,"1",0,"0","0","0","Demographic","Demographic","Nation","us","1","usratio","ratio","TRUE","ratio","ratio","","","","ratio to avg","2","1","FALSE","FALSE","FALSE","","Ratio to US avg %Other race alone","Ratio to US avg % Other race (single race, includes Hispanic)","Ratio to US avg % Other race (single race, includes Hispanic)","0","","0","","","999","","","","","","","","ratio.to.avg.pctotheralone",""
"151","011959999","0119025","0","0","0","","","","","","ratio.to.avg.pctmulti","59","pctmulti","","19","names_d_subgroups_alone_ratio_to_avg","1","0",0,0,"1",0,"0","0","0","Demographic","Demographic","Nation","us","1","usratio","ratio","TRUE","ratio","ratio","","","","ratio to avg","2","1","FALSE","FALSE","FALSE","","Ratio to US avg %multirace","Ratio to US avg % Two or more races (includes Hispanic)","Ratio to US avg % Two or more races (includes Hispanic)","0","","0","","","999","","","","","","","","ratio.to.avg.pctmulti",""
"152","011960999","0119018","0","0","0","","","","","","ratio.to.avg.pctwa","60","pctwa","","19","names_d_subgroups_alone_ratio_to_avg","1","0",0,0,"1",0,"0","0","0","Demographic","Demographic","Nation","us","1","usratio","ratio","TRUE","ratio","ratio","","","","ratio to avg","2","1","FALSE","FALSE","FALSE","","Ratio to US avg %White alone","Ratio to US avg % White (single race, includes Hispanic)","Ratio to US avg % White (single race, includes Hispanic)","0","","","","","999","","","","","","","","ratio.to.avg.pctwa",""
"153","012038999","0120021","0","0","0","","","","","","ratio.to.state.avg.pcthisp","38","pcthisp","","20","names_d_subgroups_alone_ratio_to_state_avg","1","1",0,0,"1",0,"0","0","0","Demographic","Demographic","State","state","3","stateratio","ratio","TRUE","ratio","ratio","","","","ratio to avg","2","1","FALSE","FALSE","FALSE","","Ratio to State avg %Hispanic","Ratio to State avg % Hispanic or Latino","Ratio to State avg % Hispanic or Latino","","","0","","","999","","","","","","","","ratio.to.state.avg.pcthisp",""
"154","012054999","0120019","0","0","0","","","","","","ratio.to.state.avg.pctba","54","pctba","","20","names_d_subgroups_alone_ratio_to_state_avg","1","1",0,0,"1",0,"0","0","0","Demographic","Demographic","State","state","3","stateratio","ratio","TRUE","ratio","ratio","","","","ratio to avg","2","1","FALSE","FALSE","FALSE","","Ratio to State avg %Black alone","Ratio to State avg % Black or African American (single race, includes Hispanic)","Ratio to State avg % Black or African American (single race, includes Hispanic)","","","0","","","999","","","","","","","","ratio.to.state.avg.pctba",""
"155","012055999","0120020","0","0","0","","","","","","ratio.to.state.avg.pctaa","55","pctaa","","20","names_d_subgroups_alone_ratio_to_state_avg","1","1",0,0,"1",0,"0","0","0","Demographic","Demographic","State","state","3","stateratio","ratio","TRUE","ratio","ratio","","","","ratio to avg","2","1","FALSE","FALSE","FALSE","","Ratio to State avg %Asian alone","Ratio to State avg % Asian (single race, includes Hispanic)","Ratio to State avg % Asian (single race, includes Hispanic)","0","","0","","","999","","","","","","","","ratio.to.state.avg.pctaa",""
"156","012056999","0120022","0","0","0","","","","","","ratio.to.state.avg.pctaiana","56","pctaiana","","20","names_d_subgroups_alone_ratio_to_state_avg","1","1",0,0,"1",0,"0","0","0","Demographic","Demographic","State","state","3","stateratio","ratio","TRUE","ratio","ratio","","","","ratio to avg","2","1","FALSE","FALSE","FALSE","","Ratio to State avg %AmerIndian/AK alone","Ratio to State avg % American Indian and Alaska Native (single race, includes Hispanic)","Ratio to State avg % American Indian and Alaska Native (single race, includes Hispanic)","0","","","","","999","","","","","","","","ratio.to.state.avg.pctaiana",""
"157","012057999","0120023","0","0","0","","","","","","ratio.to.state.avg.pctnhpia","57","pctnhpia","","20","names_d_subgroups_alone_ratio_to_state_avg","1","1",0,0,"1",0,"0","0","0","Demographic","Demographic","State","state","3","stateratio","ratio","TRUE","ratio","ratio","","","","ratio to avg","2","1","FALSE","FALSE","FALSE","","Ratio to State avg %Hawaiian/PI alone","Ratio to State avg % Native Hawaiian and Other Pacific Islander (single race, includes Hispanic)","Ratio to State avg % Native Hawaiian and Other Pacific Islander (single race, includes Hispanic)","0","","","","","999","","","","","","","","ratio.to.state.avg.pctnhpia",""
"158","012058999","0120024","0","0","0","","","","","","ratio.to.state.avg.pctotheralone","58","pctotheralone","","20","names_d_subgroups_alone_ratio_to_state_avg","1","1",0,0,"1",0,"0","0","0","Demographic","Demographic","State","state","3","stateratio","ratio","TRUE","ratio","ratio","","","","ratio to avg","2","1","FALSE","FALSE","FALSE","","Ratio to State avg %Other race alone","Ratio to State avg % Other race (single race, includes Hispanic)","Ratio to State avg % Other race (single race, includes Hispanic)","0","","","","","999","","","","","","","","ratio.to.state.avg.pctotheralone",""
"159","012059999","0120025","0","0","0","","","","","","ratio.to.state.avg.pctmulti","59","pctmulti","","20","names_d_subgroups_alone_ratio_to_state_avg","1","1",0,0,"1",0,"0","0","0","Demographic","Demographic","State","state","3","stateratio","ratio","TRUE","ratio","ratio","","","","ratio to avg","2","1","FALSE","FALSE","FALSE","","Ratio to State avg %multirace","Ratio to State avg % Two or more races (includes Hispanic)","Ratio to State avg % Two or more races (includes Hispanic)","0","","0","","","999","","","","","","","","ratio.to.state.avg.pctmulti",""
"160","012060999","0120018","0","0","0","","","","","","ratio.to.state.avg.pctwa","60","pctwa","","20","names_d_subgroups_alone_ratio_to_state_avg","1","1",0,0,"1",0,"0","0","0","Demographic","Demographic","State","state","3","stateratio","ratio","TRUE","ratio","ratio","","","","ratio to avg","2","1","FALSE","FALSE","FALSE","","Ratio to State avg %White alone","Ratio to State avg % White (single race, includes Hispanic)","Ratio to State avg % White (single race, includes Hispanic)","0","","0","","","999","","","","","","","","ratio.to.state.avg.pctwa",""
"161","012138999","0121021","0","0","0","","","","","","pctile.pcthisp","38","pcthisp","","21","names_d_subgroups_alone_pctile","0","0",1,0,"0",0,"0","0","0","Demographic","Demographic","Nation","us","1","uspctile","pctile","TRUE","percentile","pctile","","","","lookedup","2","0","FALSE","FALSE","FALSE","","US%ile %Hispanic","US percentile for % Hispanic or Latino","US percentile for % Hispanic or Latino","0","","","","","999","","","","","","","","pctile.pcthisp",""
"162","012154999","0121019","0","0","0","","","","","","pctile.pctba","54","pctba","","21","names_d_subgroups_alone_pctile","0","0",1,0,"0",0,"0","0","0","Demographic","Demographic","Nation","us","1","uspctile","pctile","TRUE","percentile","pctile","","","","lookedup","2","0","FALSE","FALSE","FALSE","","US%ile %Black alone","US percentile for % Black or African American (single race, includes Hispanic)","US percentile for % Black or African American (single race, includes Hispanic)","0","","","","","999","","","","","","","","pctile.pctba",""
"163","012155999","0121020","0","0","0","","","","","","pctile.pctaa","55","pctaa","","21","names_d_subgroups_alone_pctile","0","0",1,0,"0",0,"0","0","0","Demographic","Demographic","Nation","us","1","uspctile","pctile","TRUE","percentile","pctile","","","","lookedup","2","0","FALSE","FALSE","FALSE","","US%ile %Asian alone","US percentile for % Asian (single race, includes Hispanic)","US percentile for % Asian (single race, includes Hispanic)","0","","","","","999","","","","","","","","pctile.pctaa",""
"164","012156999","0121022","0","0","0","","","","","","pctile.pctaiana","56","pctaiana","","21","names_d_subgroups_alone_pctile","0","0",1,0,"0",0,"0","0","0","Demographic","Demographic","Nation","us","1","uspctile","pctile","TRUE","percentile","pctile","","","","lookedup","2","0","FALSE","FALSE","FALSE","","US%ile %AmerIndian/AK alone","US percentile for % American Indian and Alaska Native (single race, includes Hispanic)","US percentile for % American Indian and Alaska Native (single race, includes Hispanic)","0","","","","","999","","","","","","","","pctile.pctaiana",""
"165","012157999","0121023","0","0","0","","","","","","pctile.pctnhpia","57","pctnhpia","","21","names_d_subgroups_alone_pctile","0","0",1,0,"0",0,"0","0","0","Demographic","Demographic","Nation","us","1","uspctile","pctile","TRUE","percentile","pctile","","","","lookedup","2","0","FALSE","FALSE","FALSE","","US%ile %Hawaiian/PI alone","US percentile for % Native Hawaiian and Other Pacific Islander (single race, includes Hispanic)","US percentile for % Native Hawaiian and Other Pacific Islander (single race, includes Hispanic)","0","","","","","999","","","","","","","","pctile.pctnhpia",""
"166","012158999","0121024","0","0","0","","","","","","pctile.pctotheralone","58","pctotheralone","","21","names_d_subgroups_alone_pctile","0","0",1,0,"0",0,"0","0","0","Demographic","Demographic","Nation","us","1","uspctile","pctile","TRUE","percentile","pctile","","","","lookedup","2","0","FALSE","FALSE","FALSE","","US%ile %Other race alone","US percentile for % Other race (single race, includes Hispanic)","US percentile for % Other race (single race, includes Hispanic)","0","","0","","","999","","","","","","","","pctile.pctotheralone",""
"167","012159999","0121025","0","0","0","","","","","","pctile.pctmulti","59","pctmulti","","21","names_d_subgroups_alone_pctile","0","0",1,0,"0",0,"0","0","0","Demographic","Demographic","Nation","us","1","uspctile","pctile","TRUE","percentile","pctile","","","","lookedup","2","0","FALSE","FALSE","FALSE","","US%ile %multirace","US percentile for % Two or more races (includes Hispanic)","US percentile for % Two or more races (includes Hispanic)","0","","0","","","999","","","","","","","","pctile.pctmulti",""
"168","012160999","0121018","0","0","0","","","","","","pctile.pctwa","60","pctwa","","21","names_d_subgroups_alone_pctile","0","0",1,0,"0",0,"0","0","0","Demographic","Demographic","Nation","us","1","uspctile","pctile","TRUE","percentile","pctile","","","","lookedup","2","0","FALSE","FALSE","FALSE","","US%ile %White alone","US percentile for % White (single race, includes Hispanic)","US percentile for % White (single race, includes Hispanic)","0","","","","","999","","","","","","","","pctile.pctwa",""
"169","012238999","0122021","0","0","0","","","","","","state.pctile.pcthisp","38","pcthisp","","22","names_d_subgroups_alone_state_pctile","0","1",1,0,"0",0,"0","0","0","Demographic","Demographic","State","state","3","statepctile","pctile","TRUE","percentile","pctile","","","","lookedup","2","0","FALSE","FALSE","FALSE","","State%ile %Hispanic","State percentile for % Hispanic or Latino","State percentile for % Hispanic or Latino","","","0","","","999","","","","","","","","state.pctile.pcthisp",""
"170","012254999","0122019","0","0","0","","","","","","state.pctile.pctba","54","pctba","","22","names_d_subgroups_alone_state_pctile","0","1",1,0,"0",0,"0","0","0","Demographic","Demographic","State","state","3","statepctile","pctile","TRUE","percentile","pctile","","","","lookedup","2","0","FALSE","FALSE","FALSE","","State%ile %Black alone","State percentile for % Black or African American (single race, includes Hispanic)","State percentile for % Black or African American (single race, includes Hispanic)","","","0","","","999","","","","","","","","state.pctile.pctba",""
"171","012255999","0122020","0","0","0","","","","","","state.pctile.pctaa","55","pctaa","","22","names_d_subgroups_alone_state_pctile","0","1",1,0,"0",0,"0","0","0","Demographic","Demographic","State","state","3","statepctile","pctile","TRUE","percentile","pctile","","","","lookedup","2","0","FALSE","FALSE","FALSE","","State%ile %Asian alone","State percentile for % Asian (single race, includes Hispanic)","State percentile for % Asian (single race, includes Hispanic)","0","","0","","","999","","","","","","","","state.pctile.pctaa",""
"172","012256999","0122022","0","0","0","","","","","","state.pctile.pctaiana","56","pctaiana","","22","names_d_subgroups_alone_state_pctile","0","1",1,0,"0",0,"0","0","0","Demographic","Demographic","State","state","3","statepctile","pctile","TRUE","percentile","pctile","","","","lookedup","2","0","FALSE","FALSE","FALSE","","State%ile %AmerIndian/AK alone","State percentile for % American Indian and Alaska Native (single race, includes Hispanic)","State percentile for % American Indian and Alaska Native (single race, includes Hispanic)","0","","","","","999","","","","","","","","state.pctile.pctaiana",""
"173","012257999","0122023","0","0","0","","","","","","state.pctile.pctnhpia","57","pctnhpia","","22","names_d_subgroups_alone_state_pctile","0","1",1,0,"0",0,"0","0","0","Demographic","Demographic","State","state","3","statepctile","pctile","TRUE","percentile","pctile","","","","lookedup","2","0","FALSE","FALSE","FALSE","","State%ile %Hawaiian/PI alone","State percentile for % Native Hawaiian and Other Pacific Islander (single race, includes Hispanic)","State percentile for % Native Hawaiian and Other Pacific Islander (single race, includes Hispanic)","0","","","","","999","","","","","","","","state.pctile.pctnhpia",""
"174","012258999","0122024","0","0","0","","","","","","state.pctile.pctotheralone","58","pctotheralone","","22","names_d_subgroups_alone_state_pctile","0","1",1,0,"0",0,"0","0","0","Demographic","Demographic","State","state","3","statepctile","pctile","TRUE","percentile","pctile","","","","lookedup","2","0","FALSE","FALSE","FALSE","","State%ile %Other race alone","State percentile for % Other race (single race, includes Hispanic)","State percentile for % Other race (single race, includes Hispanic)","0","","","","","999","","","","","","","","state.pctile.pctotheralone",""
"175","012259999","0122025","0","0","0","","","","","","state.pctile.pctmulti","59","pctmulti","","22","names_d_subgroups_alone_state_pctile","0","1",1,0,"0",0,"0","0","0","Demographic","Demographic","State","state","3","statepctile","pctile","TRUE","percentile","pctile","","","","lookedup","2","0","FALSE","FALSE","FALSE","","State%ile %multirace","State percentile for % Two or more races (includes Hispanic)","State percentile for % Two or more races (includes Hispanic)","0","","0","","","999","","","","","","","","state.pctile.pctmulti",""
"176","012260999","0122018","0","0","0","","","","","","state.pctile.pctwa","60","pctwa","","22","names_d_subgroups_alone_state_pctile","0","1",1,0,"0",0,"0","0","0","Demographic","Demographic","State","state","3","statepctile","pctile","TRUE","percentile","pctile","","","","lookedup","2","0","FALSE","FALSE","FALSE","","State%ile %White alone","State percentile for % White (single race, includes Hispanic)","State percentile for % White (single race, includes Hispanic)","0","","","","","999","","","","","","","","state.pctile.pctwa",""
"177","012338999","0123021","0","0","0","","","","","","avg.pcthisp","38","pcthisp","","23","names_d_subgroups_alone_avg","0","0",0,0,"1",0,"0","0","0","Demographic","Demographic","Nation","us","1","usavg","avg","TRUE","average","avg","1","","","constant","2","0","FALSE","TRUE","FALSE","","US avg %Hispanic","US Average for % Hispanic or Latino","US Average for % Hispanic or Latino","0","","","","","999","","","","","","","","avg.pcthisp",""
"178","012354999","0123019","0","0","0","","","","","","avg.pctba","54","pctba","","23","names_d_subgroups_alone_avg","0","0",0,0,"1",0,"0","0","0","Demographic","Demographic","Nation","us","1","usavg","avg","TRUE","average","avg","1","","","constant","2","0","FALSE","FALSE","FALSE","","US avg %Black alone","US Average for % Black or African American (single race, includes Hispanic)","US Average for % Black or African American (single race, includes Hispanic)","0","","","","","999","","","","","","","","avg.pctba",""
"179","012355999","0123020","0","0","0","","","","","","avg.pctaa","55","pctaa","","23","names_d_subgroups_alone_avg","0","0",0,0,"1",0,"0","0","0","Demographic","Demographic","Nation","us","1","usavg","avg","TRUE","average","avg","1","","","constant","2","0","FALSE","FALSE","FALSE","","US avg %Asian alone","US Average for % Asian (single race, includes Hispanic)","US Average for % Asian (single race, includes Hispanic)","0","","","","","999","","","","","","","","avg.pctaa",""
"180","012356999","0123022","0","0","0","","","","","","avg.pctaiana","56","pctaiana","","23","names_d_subgroups_alone_avg","0","0",0,0,"1",0,"0","0","0","Demographic","Demographic","Nation","us","1","usavg","avg","TRUE","average","avg","1","","","constant","2","0","FALSE","FALSE","FALSE","","US avg %AmerIndian/AK alone","US Average for % American Indian and Alaska Native (single race, includes Hispanic)","US Average for % American Indian and Alaska Native (single race, includes Hispanic)","0","","0","","","999","","","","","","","","avg.pctaiana",""
"181","012357999","0123023","0","0","0","","","","","","avg.pctnhpia","57","pctnhpia","","23","names_d_subgroups_alone_avg","0","0",0,0,"1",0,"0","0","0","Demographic","Demographic","Nation","us","1","usavg","avg","TRUE","average","avg","1","","","constant","2","0","FALSE","FALSE","FALSE","","US avg %Hawaiian/PI alone","US Average for % Native Hawaiian and Other Pacific Islander (single race, includes Hispanic)","US Average for % Native Hawaiian and Other Pacific Islander (single race, includes Hispanic)","0","","","","","999","","","","","","","","avg.pctnhpia",""
"182","012358999","0123024","0","0","0","","","","","","avg.pctotheralone","58","pctotheralone","","23","names_d_subgroups_alone_avg","0","0",0,0,"1",0,"0","0","0","Demographic","Demographic","Nation","us","1","usavg","avg","TRUE","average","avg","1","","","constant","2","0","FALSE","FALSE","FALSE","","US avg %Other race alone","US Average for % Other race (single race, includes Hispanic)","US Average for % Other race (single race, includes Hispanic)","0","","0","","","999","","","","","","","","avg.pctotheralone",""
"183","012359999","0123025","0","0","0","","","","","","avg.pctmulti","59","pctmulti","","23","names_d_subgroups_alone_avg","0","0",0,0,"1",0,"0","0","0","Demographic","Demographic","Nation","us","1","usavg","avg","TRUE","average","avg","1","","","constant","2","0","FALSE","FALSE","FALSE","","US avg %multirace","US Average for % Two or more races (includes Hispanic)","US Average for % Two or more races (includes Hispanic)","0","","0","","","999","","","","","","","","avg.pctmulti",""
"184","012360999","0123018","0","0","0","","","","","","avg.pctwa","60","pctwa","","23","names_d_subgroups_alone_avg","0","0",0,0,"1",0,"0","0","0","Demographic","Demographic","Nation","us","1","usavg","avg","TRUE","average","avg","1","","","constant","2","0","FALSE","FALSE","FALSE","","US avg %White alone","US Average for % White (single race, includes Hispanic)","US Average for % White (single race, includes Hispanic)","0","","","","","999","","","","","","","","avg.pctwa",""
"185","012438999","0124021","0","0","0","","","","","","state.avg.pcthisp","38","pcthisp","","24","names_d_subgroups_alone_state_avg","0","1",0,0,"1",0,"0","0","0","Demographic","Demographic","State","state","3","stateavg","avg","TRUE","average","avg","1","","","constant","2","0","FALSE","TRUE","FALSE","","State avg %Hispanic","State Average for % Hispanic or Latino","State Average for % Hispanic or Latino","","","0","","","999","","","","","","","","state.avg.pcthisp",""
"186","012454999","0124019","0","0","0","","","","","","state.avg.pctba","54","pctba","","24","names_d_subgroups_alone_state_avg","0","1",0,0,"1",0,"0","0","0","Demographic","Demographic","State","state","3","stateavg","avg","TRUE","average","avg","1","","","constant","2","0","FALSE","FALSE","FALSE","","State avg %Black alone","State Average for % Black or African American (single race, includes Hispanic)","State Average for % Black or African American (single race, includes Hispanic)","","","0","","","999","","","","","","","","state.avg.pctba",""
"187","012455999","0124020","0","0","0","","","","","","state.avg.pctaa","55","pctaa","","24","names_d_subgroups_alone_state_avg","0","1",0,0,"1",0,"0","0","0","Demographic","Demographic","State","state","3","stateavg","avg","TRUE","average","avg","1","","","constant","2","0","FALSE","FALSE","FALSE","","State avg %Asian alone","State Average for % Asian (single race, includes Hispanic)","State Average for % Asian (single race, includes Hispanic)","0","","0","","","999","","","","","","","","state.avg.pctaa",""
"188","012456999","0124022","0","0","0","","","","","","state.avg.pctaiana","56","pctaiana","","24","names_d_subgroups_alone_state_avg","0","1",0,0,"1",0,"0","0","0","Demographic","Demographic","State","state","3","stateavg","avg","TRUE","average","avg","1","","","constant","2","0","FALSE","FALSE","FALSE","","State avg %AmerIndian/AK alone","State Average for % American Indian and Alaska Native (single race, includes Hispanic)","State Average for % American Indian and Alaska Native (single race, includes Hispanic)","0","","","","","999","","","","","","","","state.avg.pctaiana",""
"189","012457999","0124023","0","0","0","","","","","","state.avg.pctnhpia","57","pctnhpia","","24","names_d_subgroups_alone_state_avg","0","1",0,0,"1",0,"0","0","0","Demographic","Demographic","State","state","3","stateavg","avg","TRUE","average","avg","1","","","constant","2","0","FALSE","FALSE","FALSE","","State avg %Hawaiian/PI alone","State Average for % Native Hawaiian and Other Pacific Islander (single race, includes Hispanic)","State Average for % Native Hawaiian and Other Pacific Islander (single race, includes Hispanic)","0","","","","","999","","","","","","","","state.avg.pctnhpia",""
"190","012458999","0124024","0","0","0","","","","","","state.avg.pctotheralone","58","pctotheralone","","24","names_d_subgroups_alone_state_avg","0","1",0,0,"1",0,"0","0","0","Demographic","Demographic","State","state","3","stateavg","avg","TRUE","average","avg","1","","","constant","2","0","FALSE","FALSE","FALSE","","State avg %Other race alone","State Average for % Other race (single race, includes Hispanic)","State Average for % Other race (single race, includes Hispanic)","0","","","","","999","","","","","","","","state.avg.pctotheralone",""
"191","012459999","0124025","0","0","0","","","","","","state.avg.pctmulti","59","pctmulti","","24","names_d_subgroups_alone_state_avg","0","1",0,0,"1",0,"0","0","0","Demographic","Demographic","State","state","3","stateavg","avg","TRUE","average","avg","1","","","constant","2","0","FALSE","FALSE","FALSE","","State avg %multirace","State Average for % Two or more races (includes Hispanic)","State Average for % Two or more races (includes Hispanic)","0","","0","","","999","","","","","","","","state.avg.pctmulti",""
"192","012460999","0124018","0","0","0","","","","","","state.avg.pctwa","60","pctwa","","24","names_d_subgroups_alone_state_avg","0","1",0,0,"1",0,"0","0","0","Demographic","Demographic","State","state","3","stateavg","avg","TRUE","average","avg","1","","","constant","2","0","FALSE","FALSE","FALSE","","State avg %White alone","State Average for % White (single race, includes Hispanic)","State Average for % White (single race, includes Hispanic)","0","","","","","999","","","","","","","","state.avg.pctwa",""
"193","012538999","0125021","0","1","0","no match or acs","HISP","","HISP","","hisp","38","pcthisp","","25","names_d_subgroups_alone_count","0","0",0,0,"0",0,"0","0","0","Demographic","Demographic","","","0","raw","raw","TRUE","count demog","raw","","","","sum of counts","0","0","FALSE","FALSE","FALSE","","Count of Hispanic","Count of Hispanic or Latino","Count of Hispanic or Latino","0","Hispanic_Population","","","","999","","","","","","","","hisp",""
"194","012554999","0125019","0","1","0","no match or acs","BLACK","","BLACK","","ba","54","pctba","","25","names_d_subgroups_alone_count","0","0",0,0,"0",0,"0","0","0","Demographic","Demographic","","","0","raw","raw","TRUE","count demog","raw","","","","sum of counts","0","0","FALSE","FALSE","FALSE","","Count of Black alone","Count of Black or African American (single race, includes Hispanic)","Count of Black or African American (single race, includes Hispanic)","0","Black_Population","","","","999","","","","","","","","ba",""
"195","012555999","0125020","0","1","0","no match or acs","ASIAN","","ASIAN","","aa","55","pctaa","","25","names_d_subgroups_alone_count","0","0",0,0,"0",0,"0","0","0","Demographic","Demographic","","","0","raw","raw","TRUE","count demog","raw","","","","sum of counts","0","0","FALSE","FALSE","FALSE","","Count of Asian alone","Count of Asian (single race, includes Hispanic)","Count of Asian (single race, includes Hispanic)","0","Asian_Population","","","","999","","","","","","","","aa",""
"196","012556999","0125022","0","1","0","no match or acs","AMERIND","","AMERIND","","aiana","56","pctaiana","","25","names_d_subgroups_alone_count","0","0",0,0,"0",0,"0","0","0","Demographic","Demographic","","","0","raw","raw","TRUE","count demog","raw","","","","sum of counts","0","0","FALSE","FALSE","FALSE","","Count of AmerIndian/AK alone","Count of American Indian and Alaska Native (single race, includes Hispanic)","Count of American Indian and Alaska Native (single race, includes Hispanic)","0","American_Indian_Population","0","","","999","","","","","","","","aiana",""
"197","012557999","0125023","0","1","0","no match or acs","HAWPAC","","HAWPAC","","nhpia","57","pctnhpia","","25","names_d_subgroups_alone_count","0","0",0,0,"0",0,"0","0","0","Demographic","Demographic","","","0","raw","raw","TRUE","count demog","raw","","","","sum of counts","0","0","FALSE","FALSE","FALSE","","Count of Hawaiian/PI alone","Count of Native Hawaiian and Other Pacific Islander (single race, includes Hispanic)","Count of Native Hawaiian and Other Pacific Islander (single race, includes Hispanic)","0","Hawaiian_Pacific_Islander_Population","","","","999","","","","","","","","nhpia",""
"198","012558999","0125024","0","1","0","no match or acs","OTHER_RACE","","OTHER_RACE","","otheralone","58","pctotheralone","","25","names_d_subgroups_alone_count","0","0",0,0,"0",0,"0","0","0","Demographic","Demographic","","","0","raw","raw","TRUE","count demog","raw","","","","sum of counts","0","0","FALSE","FALSE","FALSE","","Count of Other race alone","Count of Other race (single race, includes Hispanic)","Count of Other race (single race, includes Hispanic)","0","Other_Race_Population","0","","","999","","","","","","","","otheralone",""
"199","012559999","0125025","0","1","0","no match or acs","TWOMORE","","TWOMORE","","multi","59","pctmulti","","25","names_d_subgroups_alone_count","0","0",0,0,"0",0,"0","0","0","Demographic","Demographic","","","0","raw","raw","TRUE","count demog","raw","","","","sum of counts","0","0","FALSE","FALSE","FALSE","","Count of multirace","Count of Two or more races (includes Hispanic)","Count of Two or more races (includes Hispanic)","0","Two_or_More_Race_Population","0","","","999","","","","","","","","multi",""
"200","012560999","0125018","0","1","0","no match or acs","WHITE","","WHITE","","wa","60","pctwa","","25","names_d_subgroups_alone_count","0","0",0,0,"0",0,"0","0","0","Demographic","Demographic","","","0","raw","raw","TRUE","count demog","raw","","","","sum of counts","0","0","FALSE","FALSE","FALSE","","Count of White alone","Count of White (single race, includes Hispanic)","Count of White (single race, includes Hispanic)","0","White_Population","","","","999","","","","","","","","wa",""
"201","012638999","0126021","1","1","0","api","P_HISP","P_HISP","P_HISP","","pcthisp","38","pcthisp","pcthisp","26","names_d_subgroups_nh","0","0",0,0,"0",0,"0","0","0","Demographic","Demographic","","","0","raw","raw","TRUE","raw data for indicator","raw","1","","pop","wtdmean","2","0","FALSE","TRUE","TRUE","","%Hispanic","% Hispanic or Latino","% Hispanic or Latino","","","Percent of Hispanics","","","999","","","","","","","P_HISP","pcthisp",""
"202","012639999","0126019","1","1","0","no match or acs","PCT_NHBLACK","","PCT_NHBLACK","","pctnhba","39","pctnhba","pctnhba","26","names_d_subgroups_nh","0","0",0,0,"0",0,"0","0","0","Demographic","Demographic","","","0","raw","raw","TRUE","raw data for indicator","raw","1","","pop","wtdmean","2","0","FALSE","TRUE","TRUE","","%Black NHA","% Black or African American (non-Hispanic, single race)","% Black or African American (non-Hispanic, single race)","","Pct__Not_Hispanic_Black_Alone","Percent of Non-Hispanic Blacks","","","999","","","","","","","P_NHBLACK","pctnhba",""
"203","012640999","0126020","1","1","0","no match or acs","PCT_NHASIAN","","PCT_NHASIAN","","pctnhaa","40","pctnhaa","pctnhaa","26","names_d_subgroups_nh","0","0",0,0,"0",0,"0","0","0","Demographic","Demographic","","","0","raw","raw","TRUE","raw data for indicator","raw","1","","pop","wtdmean","2","0","FALSE","TRUE","TRUE","","%Asian NHA","% Asian (non-Hispanic, single race)","% Asian (non-Hispanic, single race)","0","Pct__Not_Hispanic_Asian_Alone","Percent of Non-Hispanic Asians","","","999","","","","","","","P_NHASIAN","pctnhaa",""
"204","012641999","0126022","1","1","0","no match or acs","PCT_NHAMERIND","","PCT_NHAMERIND","","pctnhaiana","41","pctnhaiana","pctnhaiana","26","names_d_subgroups_nh","0","0",0,0,"0",0,"0","0","0","Demographic","Demographic","","","0","raw","raw","TRUE","raw data for indicator","raw","1","","pop","wtdmean","2","0","TRUE","TRUE","TRUE","","%AmerIndian/AK NHA","% American Indian and Alaska Native (non-Hispanic, single race)","% American Indian and Alaska Native (non-Hispanic, single race)","0","Pct__Not_Hispanic_American_Indian_Alone","Percent of Non-Hispanic American Indians","","","999","","","","","","","P_NHAMERIND","pctnhaiana",""
"205","012642999","0126023","1","1","0","no match or acs","PCT_NHHAWPAC","","PCT_NHHAWPAC","","pctnhnhpia","42","pctnhnhpia","pctnhnhpia","26","names_d_subgroups_nh","0","0",0,0,"0",0,"0","0","0","Demographic","Demographic","","","0","raw","raw","TRUE","raw data for indicator","raw","1","","pop","wtdmean","2","0","TRUE","TRUE","TRUE","","%Hawaiian/PI NHA","% Native Hawaiian and Other Pacific Islander (non-Hispanic, single race)","% Native Hawaiian and Other Pacific Islander (non-Hispanic, single race)","0","Pct__Not_Hispanic_Hawaiian_Pacific_Islander__Alone","Percent of Non-Hispanic Hawaiian/Pacific","","","999","","","","","","","P_NHHAWPAC","pctnhnhpia",""
"206","012643999","0126024","1","1","0","no match or acs","PCT_NHOTHER_RACE","","PCT_NHOTHER_RACE","","pctnhotheralone","43","pctnhotheralone","pctnhotheralone","26","names_d_subgroups_nh","0","0",0,0,"0",0,"0","0","0","Demographic","Demographic","","","0","raw","raw","TRUE","raw data for indicator","raw","1","","pop","wtdmean","2","0","FALSE","TRUE","TRUE","","%Other race NHA","% Other race (non-Hispanic, single race)","% Other race (non-Hispanic, single race)","0","Pct__Not_Hispanic_Other_Race_Alone","Percent of Non-Hispanic Other Race","","","999","","","","","","","P_NHOTHER_RACE","pctnhotheralone",""
"207","012644999","0126025","1","1","0","no match or acs","PCT_NHTWOMORE","","PCT_NHTWOMORE","","pctnhmulti","44","pctnhmulti","pctnhmulti","26","names_d_subgroups_nh","0","0",0,0,"0",0,"0","0","0","Demographic","Demographic","","","0","raw","raw","TRUE","raw data for indicator","raw","1","","pop","wtdmean","2","0","FALSE","TRUE","TRUE","","%multirace NH","% Two or more races (non-Hispanic)","% Two or more races (non-Hispanic)","0","Pct__Not_Hispanic_Two_or_More_Races__Alone","Percent of Two or More Non-Hispanic Races","","","999","","","","","","","P_NHTWOMORE","pctnhmulti",""
"208","012645999","0126018","1","1","0","no match or acs","PCT_NHWHITE","","PCT_NHWHITE","","pctnhwa","45","pctnhwa","pctnhwa","26","names_d_subgroups_nh","0","0",0,0,"0",0,"0","0","0","Demographic","Demographic","","","0","raw","raw","TRUE","raw data for indicator","raw","1","","pop","wtdmean","2","0","FALSE","TRUE","TRUE","","%White NHA","% White (non-Hispanic, single race)","% White (non-Hispanic, single race)","0","Pct__Not_Hispanic_White_Alone","Percent of Non-Hispanic Whites","","","999","","","","","","","P_NHWHITE","pctnhwa",""
"209","012738999","0127021","0","0","0","","","","","","ratio.to.avg.pcthisp","38","pcthisp","pcthisp","27","names_d_subgroups_nh_ratio_to_avg","1","0",0,0,"1",0,"0","0","0","Demographic","Demographic","Nation","us","1","usratio","ratio","TRUE","ratio","ratio","","","","ratio to avg","2","1","FALSE","FALSE","FALSE","","Ratio to US avg %Hispanic","Ratio to US avg % Hispanic or Latino","Ratio to US avg % Hispanic or Latino","0","","","","","999","","","","","","","","ratio.to.avg.pcthisp",""
"210","012739999","0127019","0","0","0","","","","","","ratio.to.avg.pctnhba","39","pctnhba","pctnhba","27","names_d_subgroups_nh_ratio_to_avg","1","0",0,0,"1",0,"0","0","0","Demographic","Demographic","Nation","us","1","usratio","ratio","TRUE","ratio","ratio","","","","ratio to avg","2","1","FALSE","FALSE","FALSE","","Ratio to US avg %Black NHA","Ratio to US avg % Black or African American (non-Hispanic, single race)","Ratio to US avg % Black or African American (non-Hispanic, single race)","0","","","","","999","","","","","","","","ratio.to.avg.pctnhba",""
"211","012740999","0127020","0","0","0","","","","","","ratio.to.avg.pctnhaa","40","pctnhaa","pctnhaa","27","names_d_subgroups_nh_ratio_to_avg","1","0",0,0,"1",0,"0","0","0","Demographic","Demographic","Nation","us","1","usratio","ratio","TRUE","ratio","ratio","","","","ratio to avg","2","1","FALSE","FALSE","FALSE","","Ratio to US avg %Asian NHA","Ratio to US avg % Asian (non-Hispanic, single race)","Ratio to US avg % Asian (non-Hispanic, single race)","0","","","","","999","","","","","","","","ratio.to.avg.pctnhaa",""
"212","012741999","0127022","0","0","0","","","","","","ratio.to.avg.pctnhaiana","41","pctnhaiana","pctnhaiana","27","names_d_subgroups_nh_ratio_to_avg","1","0",0,0,"1",0,"0","0","0","Demographic","Demographic","Nation","us","1","usratio","ratio","TRUE","ratio","ratio","","","","ratio to avg","2","1","FALSE","FALSE","FALSE","","Ratio to US avg %AmerIndian/AK NHA","Ratio to US avg % American Indian and Alaska Native (non-Hispanic, single race)","Ratio to US avg % American Indian and Alaska Native (non-Hispanic, single race)","0","","0","","","999","","","","","","","","ratio.to.avg.pctnhaiana",""
"213","012742999","0127023","0","0","0","","","","","","ratio.to.avg.pctnhnhpia","42","pctnhnhpia","pctnhnhpia","27","names_d_subgroups_nh_ratio_to_avg","1","0",0,0,"1",0,"0","0","0","Demographic","Demographic","Nation","us","1","usratio","ratio","TRUE","ratio","ratio","","","","ratio to avg","2","1","FALSE","FALSE","FALSE","","Ratio to US avg %Hawaiian/PI NHA","Ratio to US avg % Native Hawaiian and Other Pacific Islander (non-Hispanic, single race)","Ratio to US avg % Native Hawaiian and Other Pacific Islander (non-Hispanic, single race)","0","","","","","999","","","","","","","","ratio.to.avg.pctnhnhpia",""
"214","012743999","0127024","0","0","0","","","","","","ratio.to.avg.pctnhotheralone","43","pctnhotheralone","pctnhotheralone","27","names_d_subgroups_nh_ratio_to_avg","1","0",0,0,"1",0,"0","0","0","Demographic","Demographic","Nation","us","1","usratio","ratio","TRUE","ratio","ratio","","","","ratio to avg","2","1","FALSE","FALSE","FALSE","","Ratio to US avg %Other race NHA","Ratio to US avg % Other race (non-Hispanic, single race)","Ratio to US avg % Other race (non-Hispanic, single race)","0","","0","","","999","","","","","","","","ratio.to.avg.pctnhotheralone",""
"215","012744999","0127025","0","0","0","","","","","","ratio.to.avg.pctnhmulti","44","pctnhmulti","pctnhmulti","27","names_d_subgroups_nh_ratio_to_avg","1","0",0,0,"1",0,"0","0","0","Demographic","Demographic","Nation","us","1","usratio","ratio","TRUE","ratio","ratio","","","","ratio to avg","2","1","FALSE","FALSE","FALSE","","Ratio to US avg %multirace NH","Ratio to US avg % Two or more races (non-Hispanic)","Ratio to US avg % Two or more races (non-Hispanic)","0","","0","","","999","","","","","","","","ratio.to.avg.pctnhmulti",""
"216","012745999","0127018","0","0","0","","","","","","ratio.to.avg.pctnhwa","45","pctnhwa","pctnhwa","27","names_d_subgroups_nh_ratio_to_avg","1","0",0,0,"1",0,"0","0","0","Demographic","Demographic","Nation","us","1","usratio","ratio","TRUE","ratio","ratio","","","","ratio to avg","2","1","FALSE","FALSE","FALSE","","Ratio to US avg %White NHA","Ratio to US avg % White (non-Hispanic, single race)","Ratio to US avg % White (non-Hispanic, single race)","0","","","","","999","","","","","","","","ratio.to.avg.pctnhwa",""
"217","012838999","0128021","0","0","0","","","","","","ratio.to.state.avg.pcthisp","38","pcthisp","pcthisp","28","names_d_subgroups_nh_ratio_to_state_avg","1","1",0,0,"1",0,"0","0","0","Demographic","Demographic","State","state","3","stateratio","ratio","TRUE","ratio","ratio","","","","ratio to avg","2","1","FALSE","FALSE","FALSE","","Ratio to State avg %Hispanic","Ratio to State avg % Hispanic or Latino","Ratio to State avg % Hispanic or Latino","","","0","","","999","","","","","","","","ratio.to.state.avg.pcthisp",""
"218","012839999","0128019","0","0","0","","","","","","ratio.to.state.avg.pctnhba","39","pctnhba","pctnhba","28","names_d_subgroups_nh_ratio_to_state_avg","1","1",0,0,"1",0,"0","0","0","Demographic","Demographic","State","state","3","stateratio","ratio","TRUE","ratio","ratio","","","","ratio to avg","2","1","FALSE","FALSE","FALSE","","Ratio to State avg %Black NHA","Ratio to State avg % Black or African American (non-Hispanic, single race)","Ratio to State avg % Black or African American (non-Hispanic, single race)","","","0","","","999","","","","","","","","ratio.to.state.avg.pctnhba",""
"219","012840999","0128020","0","0","0","","","","","","ratio.to.state.avg.pctnhaa","40","pctnhaa","pctnhaa","28","names_d_subgroups_nh_ratio_to_state_avg","1","1",0,0,"1",0,"0","0","0","Demographic","Demographic","State","state","3","stateratio","ratio","TRUE","ratio","ratio","","","","ratio to avg","2","1","FALSE","FALSE","FALSE","","Ratio to State avg %Asian NHA","Ratio to State avg % Asian (non-Hispanic, single race)","Ratio to State avg % Asian (non-Hispanic, single race)","0","","0","","","999","","","","","","","","ratio.to.state.avg.pctnhaa",""
"220","012841999","0128022","0","0","0","","","","","","ratio.to.state.avg.pctnhaiana","41","pctnhaiana","pctnhaiana","28","names_d_subgroups_nh_ratio_to_state_avg","1","1",0,0,"1",0,"0","0","0","Demographic","Demographic","State","state","3","stateratio","ratio","TRUE","ratio","ratio","","","","ratio to avg","2","1","FALSE","FALSE","FALSE","","Ratio to State avg %AmerIndian/AK NHA","Ratio to State avg % American Indian and Alaska Native (non-Hispanic, single race)","Ratio to State avg % American Indian and Alaska Native (non-Hispanic, single race)","0","","","","","999","","","","","","","","ratio.to.state.avg.pctnhaiana",""
"221","012842999","0128023","0","0","0","","","","","","ratio.to.state.avg.pctnhnhpia","42","pctnhnhpia","pctnhnhpia","28","names_d_subgroups_nh_ratio_to_state_avg","1","1",0,0,"1",0,"0","0","0","Demographic","Demographic","State","state","3","stateratio","ratio","TRUE","ratio","ratio","","","","ratio to avg","2","1","FALSE","FALSE","FALSE","","Ratio to State avg %Hawaiian/PI NHA","Ratio to State avg % Native Hawaiian and Other Pacific Islander (non-Hispanic, single race)","Ratio to State avg % Native Hawaiian and Other Pacific Islander (non-Hispanic, single race)","0","","","","","999","","","","","","","","ratio.to.state.avg.pctnhnhpia",""
"222","012843999","0128024","0","0","0","","","","","","ratio.to.state.avg.pctnhotheralone","43","pctnhotheralone","pctnhotheralone","28","names_d_subgroups_nh_ratio_to_state_avg","1","1",0,0,"1",0,"0","0","0","Demographic","Demographic","State","state","3","stateratio","ratio","TRUE","ratio","ratio","","","","ratio to avg","2","1","FALSE","FALSE","FALSE","","Ratio to State avg %Other race NHA","Ratio to State avg % Other race (non-Hispanic, single race)","Ratio to State avg % Other race (non-Hispanic, single race)","0","","","","","999","","","","","","","","ratio.to.state.avg.pctnhotheralone",""
"223","012844999","0128025","0","0","0","","","","","","ratio.to.state.avg.pctnhmulti","44","pctnhmulti","pctnhmulti","28","names_d_subgroups_nh_ratio_to_state_avg","1","1",0,0,"1",0,"0","0","0","Demographic","Demographic","State","state","3","stateratio","ratio","TRUE","ratio","ratio","","","","ratio to avg","2","1","FALSE","FALSE","FALSE","","Ratio to State avg %multirace NH","Ratio to State avg % Two or more races (non-Hispanic)","Ratio to State avg % Two or more races (non-Hispanic)","0","","0","","","999","","","","","","","","ratio.to.state.avg.pctnhmulti",""
"224","012845999","0128018","0","0","0","","","","","","ratio.to.state.avg.pctnhwa","45","pctnhwa","pctnhwa","28","names_d_subgroups_nh_ratio_to_state_avg","1","1",0,0,"1",0,"0","0","0","Demographic","Demographic","State","state","3","stateratio","ratio","TRUE","ratio","ratio","","","","ratio to avg","2","1","FALSE","FALSE","FALSE","","Ratio to State avg %White NHA","Ratio to State avg % White (non-Hispanic, single race)","Ratio to State avg % White (non-Hispanic, single race)","0","","","","","999","","","","","","","","ratio.to.state.avg.pctnhwa",""
"225","012938999","0129021","0","0","0","","","","","","pctile.pcthisp","38","pcthisp","pcthisp","29","names_d_subgroups_nh_pctile","0","0",1,0,"0",0,"0","0","0","Demographic","Demographic","Nation","us","1","uspctile","pctile","TRUE","percentile","pctile","","","","lookedup","2","0","FALSE","FALSE","FALSE","","US%ile %Hispanic","US percentile for % Hispanic or Latino","US percentile for % Hispanic or Latino","0","","","","","999","","","","","","","","pctile.pcthisp",""
"226","012939999","0129019","0","0","0","","","","","","pctile.pctnhba","39","pctnhba","pctnhba","29","names_d_subgroups_nh_pctile","0","0",1,0,"0",0,"0","0","0","Demographic","Demographic","Nation","us","1","uspctile","pctile","TRUE","percentile","pctile","","","","lookedup","2","0","FALSE","FALSE","FALSE","","US%ile %Black NHA","US percentile for % Black or African American (non-Hispanic, single race)","US percentile for % Black or African American (non-Hispanic, single race)","0","","","","","999","","","","","","","","pctile.pctnhba",""
"227","012940999","0129020","0","0","0","","","","","","pctile.pctnhaa","40","pctnhaa","pctnhaa","29","names_d_subgroups_nh_pctile","0","0",1,0,"0",0,"0","0","0","Demographic","Demographic","Nation","us","1","uspctile","pctile","TRUE","percentile","pctile","","","","lookedup","2","0","FALSE","FALSE","FALSE","","US%ile %Asian NHA","US percentile for % Asian (non-Hispanic, single race)","US percentile for % Asian (non-Hispanic, single race)","0","","","","","999","","","","","","","","pctile.pctnhaa",""
"228","012941999","0129022","0","0","0","","","","","","pctile.pctnhaiana","41","pctnhaiana","pctnhaiana","29","names_d_subgroups_nh_pctile","0","0",1,0,"0",0,"0","0","0","Demographic","Demographic","Nation","us","1","uspctile","pctile","TRUE","percentile","pctile","","","","lookedup","2","0","FALSE","FALSE","FALSE","","US%ile %AmerIndian/AK NHA","US percentile for % American Indian and Alaska Native (non-Hispanic, single race)","US percentile for % American Indian and Alaska Native (non-Hispanic, single race)","0","","","","","999","","","","","","","","pctile.pctnhaiana",""
"229","012942999","0129023","0","0","0","","","","","","pctile.pctnhnhpia","42","pctnhnhpia","pctnhnhpia","29","names_d_subgroups_nh_pctile","0","0",1,0,"0",0,"0","0","0","Demographic","Demographic","Nation","us","1","uspctile","pctile","TRUE","percentile","pctile","","","","lookedup","2","0","FALSE","FALSE","FALSE","","US%ile %Hawaiian/PI NHA","US percentile for % Native Hawaiian and Other Pacific Islander (non-Hispanic, single race)","US percentile for % Native Hawaiian and Other Pacific Islander (non-Hispanic, single race)","0","","","","","999","","","","","","","","pctile.pctnhnhpia",""
"230","012943999","0129024","0","0","0","","","","","","pctile.pctnhotheralone","43","pctnhotheralone","pctnhotheralone","29","names_d_subgroups_nh_pctile","0","0",1,0,"0",0,"0","0","0","Demographic","Demographic","Nation","us","1","uspctile","pctile","TRUE","percentile","pctile","","","","lookedup","2","0","FALSE","FALSE","FALSE","","US%ile %Other race NHA","US percentile for % Other race (non-Hispanic, single race)","US percentile for % Other race (non-Hispanic, single race)","0","","0","","","999","","","","","","","","pctile.pctnhotheralone",""
"231","012944999","0129025","0","0","0","","","","","","pctile.pctnhmulti","44","pctnhmulti","pctnhmulti","29","names_d_subgroups_nh_pctile","0","0",1,0,"0",0,"0","0","0","Demographic","Demographic","Nation","us","1","uspctile","pctile","TRUE","percentile","pctile","","","","lookedup","2","0","FALSE","FALSE","FALSE","","US%ile %multirace NH","US percentile for % Two or more races (non-Hispanic)","US percentile for % Two or more races (non-Hispanic)","0","","0","","","999","","","","","","","","pctile.pctnhmulti",""
"232","012945999","0129018","0","0","0","","","","","","pctile.pctnhwa","45","pctnhwa","pctnhwa","29","names_d_subgroups_nh_pctile","0","0",1,0,"0",0,"0","0","0","Demographic","Demographic","Nation","us","1","uspctile","pctile","TRUE","percentile","pctile","","","","lookedup","2","0","FALSE","FALSE","FALSE","","US%ile %White NHA","US percentile for % White (non-Hispanic, single race)","US percentile for % White (non-Hispanic, single race)","0","","","","","999","","","","","","","","pctile.pctnhwa",""
"233","013038999","0130021","0","0","0","","","","","","state.pctile.pcthisp","38","pcthisp","pcthisp","30","names_d_subgroups_nh_state_pctile","0","1",1,0,"0",0,"0","0","0","Demographic","Demographic","State","state","3","statepctile","pctile","TRUE","percentile","pctile","","","","lookedup","2","0","FALSE","FALSE","FALSE","","State%ile %Hispanic","State percentile for % Hispanic or Latino","State percentile for % Hispanic or Latino","","","0","","","999","","","","","","","","state.pctile.pcthisp",""
"234","013039999","0130019","0","0","0","","","","","","state.pctile.pctnhba","39","pctnhba","pctnhba","30","names_d_subgroups_nh_state_pctile","0","1",1,0,"0",0,"0","0","0","Demographic","Demographic","State","state","3","statepctile","pctile","TRUE","percentile","pctile","","","","lookedup","2","0","FALSE","FALSE","FALSE","","State%ile %Black NHA","State percentile for % Black or African American (non-Hispanic, single race)","State percentile for % Black or African American (non-Hispanic, single race)","","","0","","","999","","","","","","","","state.pctile.pctnhba",""
"235","013040999","0130020","0","0","0","","","","","","state.pctile.pctnhaa","40","pctnhaa","pctnhaa","30","names_d_subgroups_nh_state_pctile","0","1",1,0,"0",0,"0","0","0","Demographic","Demographic","State","state","3","statepctile","pctile","TRUE","percentile","pctile","","","","lookedup","2","0","FALSE","FALSE","FALSE","","State%ile %Asian NHA","State percentile for % Asian (non-Hispanic, single race)","State percentile for % Asian (non-Hispanic, single race)","0","","0","","","999","","","","","","","","state.pctile.pctnhaa",""
"236","013041999","0130022","0","0","0","","","","","","state.pctile.pctnhaiana","41","pctnhaiana","pctnhaiana","30","names_d_subgroups_nh_state_pctile","0","1",1,0,"0",0,"0","0","0","Demographic","Demographic","State","state","3","statepctile","pctile","TRUE","percentile","pctile","","","","lookedup","2","0","FALSE","FALSE","FALSE","","State%ile %AmerIndian/AK NHA","State percentile for % American Indian and Alaska Native (non-Hispanic, single race)","State percentile for % American Indian and Alaska Native (non-Hispanic, single race)","0","","","","","999","","","","","","","","state.pctile.pctnhaiana",""
"237","013042999","0130023","0","0","0","","","","","","state.pctile.pctnhnhpia","42","pctnhnhpia","pctnhnhpia","30","names_d_subgroups_nh_state_pctile","0","1",1,0,"0",0,"0","0","0","Demographic","Demographic","State","state","3","statepctile","pctile","TRUE","percentile","pctile","","","","lookedup","2","0","FALSE","FALSE","FALSE","","State%ile %Hawaiian/PI NHA","State percentile for % Native Hawaiian and Other Pacific Islander (non-Hispanic, single race)","State percentile for % Native Hawaiian and Other Pacific Islander (non-Hispanic, single race)","0","","","","","999","","","","","","","","state.pctile.pctnhnhpia",""
"238","013043999","0130024","0","0","0","","","","","","state.pctile.pctnhotheralone","43","pctnhotheralone","pctnhotheralone","30","names_d_subgroups_nh_state_pctile","0","1",1,0,"0",0,"0","0","0","Demographic","Demographic","State","state","3","statepctile","pctile","TRUE","percentile","pctile","","","","lookedup","2","0","FALSE","FALSE","FALSE","","State%ile %Other race NHA","State percentile for % Other race (non-Hispanic, single race)","State percentile for % Other race (non-Hispanic, single race)","0","","","","","999","","","","","","","","state.pctile.pctnhotheralone",""
"239","013044999","0130025","0","0","0","","","","","","state.pctile.pctnhmulti","44","pctnhmulti","pctnhmulti","30","names_d_subgroups_nh_state_pctile","0","1",1,0,"0",0,"0","0","0","Demographic","Demographic","State","state","3","statepctile","pctile","TRUE","percentile","pctile","","","","lookedup","2","0","FALSE","FALSE","FALSE","","State%ile %multirace NH","State percentile for % Two or more races (non-Hispanic)","State percentile for % Two or more races (non-Hispanic)","0","","0","","","999","","","","","","","","state.pctile.pctnhmulti",""
"240","013045999","0130018","0","0","0","","","","","","state.pctile.pctnhwa","45","pctnhwa","pctnhwa","30","names_d_subgroups_nh_state_pctile","0","1",1,0,"0",0,"0","0","0","Demographic","Demographic","State","state","3","statepctile","pctile","TRUE","percentile","pctile","","","","lookedup","2","0","FALSE","FALSE","FALSE","","State%ile %White NHA","State percentile for % White (non-Hispanic, single race)","State percentile for % White (non-Hispanic, single race)","0","","","","","999","","","","","","","","state.pctile.pctnhwa",""
"241","013138999","0131021","0","0","0","","","","","","avg.pcthisp","38","pcthisp","pcthisp","31","names_d_subgroups_nh_avg","0","0",0,0,"1",0,"0","0","0","Demographic","Demographic","Nation","us","1","usavg","avg","TRUE","average","avg","1","","","constant","2","0","FALSE","TRUE","FALSE","","US avg %Hispanic","US Average for % Hispanic or Latino","US Average for % Hispanic or Latino","0","","","","","999","","","","","","","","avg.pcthisp",""
"242","013139999","0131019","0","0","0","","","","","","avg.pctnhba","39","pctnhba","pctnhba","31","names_d_subgroups_nh_avg","0","0",0,0,"1",0,"0","0","0","Demographic","Demographic","Nation","us","1","usavg","avg","TRUE","average","avg","1","","","constant","2","0","FALSE","TRUE","FALSE","","US avg %Black NHA","US Average for % Black or African American (non-Hispanic, single race)","US Average for % Black or African American (non-Hispanic, single race)","0","","","","","999","","","","","","","","avg.pctnhba",""
"243","013140999","0131020","0","0","0","","","","","","avg.pctnhaa","40","pctnhaa","pctnhaa","31","names_d_subgroups_nh_avg","0","0",0,0,"1",0,"0","0","0","Demographic","Demographic","Nation","us","1","usavg","avg","TRUE","average","avg","1","","","constant","2","0","FALSE","TRUE","FALSE","","US avg %Asian NHA","US Average for % Asian (non-Hispanic, single race)","US Average for % Asian (non-Hispanic, single race)","0","","","","","999","","","","","","","","avg.pctnhaa",""
"244","013141999","0131022","0","0","0","","","","","","avg.pctnhaiana","41","pctnhaiana","pctnhaiana","31","names_d_subgroups_nh_avg","0","0",0,0,"1",0,"0","0","0","Demographic","Demographic","Nation","us","1","usavg","avg","TRUE","average","avg","1","","","constant","2","0","FALSE","TRUE","FALSE","","US avg %AmerIndian/AK NHA","US Average for % American Indian and Alaska Native (non-Hispanic, single race)","US Average for % American Indian and Alaska Native (non-Hispanic, single race)","0","","0","","","999","","","","","","","","avg.pctnhaiana",""
"245","013142999","0131023","0","0","0","","","","","","avg.pctnhnhpia","42","pctnhnhpia","pctnhnhpia","31","names_d_subgroups_nh_avg","0","0",0,0,"1",0,"0","0","0","Demographic","Demographic","Nation","us","1","usavg","avg","TRUE","average","avg","1","","","constant","2","0","FALSE","TRUE","FALSE","","US avg %Hawaiian/PI NHA","US Average for % Native Hawaiian and Other Pacific Islander (non-Hispanic, single race)","US Average for % Native Hawaiian and Other Pacific Islander (non-Hispanic, single race)","0","","","","","999","","","","","","","","avg.pctnhnhpia",""
"246","013143999","0131024","0","0","0","","","","","","avg.pctnhotheralone","43","pctnhotheralone","pctnhotheralone","31","names_d_subgroups_nh_avg","0","0",0,0,"1",0,"0","0","0","Demographic","Demographic","Nation","us","1","usavg","avg","TRUE","average","avg","1","","","constant","2","0","FALSE","TRUE","FALSE","","US avg %Other race NHA","US Average for % Other race (non-Hispanic, single race)","US Average for % Other race (non-Hispanic, single race)","0","","0","","","999","","","","","","","","avg.pctnhotheralone",""
"247","013144999","0131025","0","0","0","","","","","","avg.pctnhmulti","44","pctnhmulti","pctnhmulti","31","names_d_subgroups_nh_avg","0","0",0,0,"1",0,"0","0","0","Demographic","Demographic","Nation","us","1","usavg","avg","TRUE","average","avg","1","","","constant","2","0","FALSE","TRUE","FALSE","","US avg %multirace NH","US Average for % Two or more races (non-Hispanic)","US Average for % Two or more races (non-Hispanic)","0","","0","","","999","","","","","","","","avg.pctnhmulti",""
"248","013145999","0131018","0","0","0","","","","","","avg.pctnhwa","45","pctnhwa","pctnhwa","31","names_d_subgroups_nh_avg","0","0",0,0,"1",0,"0","0","0","Demographic","Demographic","Nation","us","1","usavg","avg","TRUE","average","avg","1","","","constant","2","0","FALSE","TRUE","FALSE","","US avg %White NHA","US Average for % White (non-Hispanic, single race)","US Average for % White (non-Hispanic, single race)","0","","","","","999","","","","","","","","avg.pctnhwa",""
"249","013238999","0132021","0","0","0","","","","","","state.avg.pcthisp","38","pcthisp","pcthisp","32","names_d_subgroups_nh_state_avg","0","1",0,0,"1",0,"0","0","0","Demographic","Demographic","State","state","3","stateavg","avg","TRUE","average","avg","1","","","constant","2","0","FALSE","TRUE","FALSE","","State avg %Hispanic","State Average for % Hispanic or Latino","State Average for % Hispanic or Latino","","","0","","","999","","","","","","","","state.avg.pcthisp",""
"250","013239999","0132019","0","0","0","","","","","","state.avg.pctnhba","39","pctnhba","pctnhba","32","names_d_subgroups_nh_state_avg","0","1",0,0,"1",0,"0","0","0","Demographic","Demographic","State","state","3","stateavg","avg","TRUE","average","avg","1","","","constant","2","0","FALSE","TRUE","FALSE","","State avg %Black NHA","State Average for % Black or African American (non-Hispanic, single race)","State Average for % Black or African American (non-Hispanic, single race)","","","","","","999","","","","","","","","state.avg.pctnhba",""
"251","013240999","0132020","0","0","0","","","","","","state.avg.pctnhaa","40","pctnhaa","pctnhaa","32","names_d_subgroups_nh_state_avg","0","1",0,0,"1",0,"0","0","0","Demographic","Demographic","State","state","3","stateavg","avg","TRUE","average","avg","1","","","constant","2","0","FALSE","TRUE","FALSE","","State avg %Asian NHA","State Average for % Asian (non-Hispanic, single race)","State Average for % Asian (non-Hispanic, single race)","0","","","","","999","","","","","","","","state.avg.pctnhaa",""
"252","013241999","0132022","0","0","0","","","","","","state.avg.pctnhaiana","41","pctnhaiana","pctnhaiana","32","names_d_subgroups_nh_state_avg","0","1",0,0,"1",0,"0","0","0","Demographic","Demographic","State","state","3","stateavg","avg","TRUE","average","avg","1","","","constant","2","0","FALSE","TRUE","FALSE","","State avg %AmerIndian/AK NHA","State Average for % American Indian and Alaska Native (non-Hispanic, single race)","State Average for % American Indian and Alaska Native (non-Hispanic, single race)","0","","","","","999","","","","","","","","state.avg.pctnhaiana",""
"253","013242999","0132023","0","0","0","","","","","","state.avg.pctnhnhpia","42","pctnhnhpia","pctnhnhpia","32","names_d_subgroups_nh_state_avg","0","1",0,0,"1",0,"0","0","0","Demographic","Demographic","State","state","3","stateavg","avg","TRUE","average","avg","1","","","constant","2","0","FALSE","TRUE","FALSE","","State avg %Hawaiian/PI NHA","State Average for % Native Hawaiian and Other Pacific Islander (non-Hispanic, single race)","State Average for % Native Hawaiian and Other Pacific Islander (non-Hispanic, single race)","0","","","","","999","","","","","","","","state.avg.pctnhnhpia",""
"254","013243999","0132024","0","0","0","","","","","","state.avg.pctnhotheralone","43","pctnhotheralone","pctnhotheralone","32","names_d_subgroups_nh_state_avg","0","1",0,0,"1",0,"0","0","0","Demographic","Demographic","State","state","3","stateavg","avg","TRUE","average","avg","1","","","constant","2","0","FALSE","TRUE","FALSE","","State avg %Other race NHA","State Average for % Other race (non-Hispanic, single race)","State Average for % Other race (non-Hispanic, single race)","0","","","","","999","","","","","","","","state.avg.pctnhotheralone",""
"255","013244999","0132025","0","0","0","","","","","","state.avg.pctnhmulti","44","pctnhmulti","pctnhmulti","32","names_d_subgroups_nh_state_avg","0","1",0,0,"1",0,"0","0","0","Demographic","Demographic","State","state","3","stateavg","avg","TRUE","average","avg","1","","","constant","2","0","FALSE","TRUE","FALSE","","State avg %multirace NH","State Average for % Two or more races (non-Hispanic)","State Average for % Two or more races (non-Hispanic)","0","","","","","999","","","","","","","","state.avg.pctnhmulti",""
"256","013245999","0132018","0","0","0","","","","","","state.avg.pctnhwa","45","pctnhwa","pctnhwa","32","names_d_subgroups_nh_state_avg","0","1",0,0,"1",0,"0","0","0","Demographic","Demographic","State","state","3","stateavg","avg","TRUE","average","avg","1","","","constant","2","0","FALSE","TRUE","FALSE","","State avg %White NHA","State Average for % White (non-Hispanic, single race)","State Average for % White (non-Hispanic, single race)","0","","","","","999","","","","","","","","state.avg.pctnhwa",""
"257","013338999","0133021","0","1","0","no match or acs","HISP","","HISP","","hisp","38","pcthisp","hisp","33","names_d_subgroups_nh_count","0","0",0,0,"0",0,"0","0","0","Demographic","Demographic","","","0","raw","raw","TRUE","count demog","raw","","","","sum of counts","0","0","FALSE","FALSE","FALSE","","Count of Hispanic","Count of Hispanic or Latino","Count of Hispanic or Latino","0","Hispanic_Population","","","","999","","","","","","","","hisp",""
"258","013339999","0133019","0","1","0","no match or acs","NHBLACK","","NHBLACK","","nhba","39","pctnhba","nhba","33","names_d_subgroups_nh_count","0","0",0,0,"0",0,"0","0","0","Demographic","Demographic","","","0","raw","raw","TRUE","count demog","raw","","","","sum of counts","0","0","FALSE","FALSE","FALSE","","Count of Black NHA","Count of Black or African American (non-Hispanic, single race)","Count of Black or African American (non-Hispanic, single race)","0","Not_Hispanic_Black_Alone","","","","999","","","","","","","","nhba",""
"259","013340999","0133020","0","1","0","no match or acs","NHASIAN","","NHASIAN","","nhaa","40","pctnhaa","nhaa","33","names_d_subgroups_nh_count","0","0",0,0,"0",0,"0","0","0","Demographic","Demographic","","","0","raw","raw","TRUE","count demog","raw","","","","sum of counts","0","0","FALSE","FALSE","FALSE","","Count of Asian NHA","Count of Asian (non-Hispanic, single race)","Count of Asian (non-Hispanic, single race)","0","Not_Hispanic_Asian_Alone","","","","999","","","","","","","","nhaa",""
"260","013341999","0133022","0","1","0","no match or acs","NHAMERIND","","NHAMERIND","","nhaiana","41","pctnhaiana","nhaiana","33","names_d_subgroups_nh_count","0","0",0,0,"0",0,"0","0","0","Demographic","Demographic","","","0","raw","raw","TRUE","count demog","raw","","","","sum of counts","0","0","FALSE","FALSE","FALSE","","Count of AmerIndian/AK NHA","Count of American Indian and Alaska Native (non-Hispanic, single race)","Count of American Indian and Alaska Native (non-Hispanic, single race)","0","Not_Hispanic_American_Indian_Alone","","","","999","","","","","","","","nhaiana",""
"261","013342999","0133023","0","1","0","no match or acs","NHHAWPAC","","NHHAWPAC","","nhnhpia","42","pctnhnhpia","nhnhpia","33","names_d_subgroups_nh_count","0","0",0,0,"0",0,"0","0","0","Demographic","Demographic","","","0","raw","raw","TRUE","count demog","raw","","","","sum of counts","0","0","FALSE","FALSE","FALSE","","Count of Hawaiian/PI NHA","Count of Native Hawaiian and Other Pacific Islander (non-Hispanic, single race)","Count of Native Hawaiian and Other Pacific Islander (non-Hispanic, single race)","0","Not_Hispanic_Hawaiian_Pacific_Islander__Alone","","","","999","","","","","","","","nhnhpia",""
"262","013343999","0133024","0","1","0","no match or acs","NHOTHER_RACE","","NHOTHER_RACE","","nhotheralone","43","pctnhotheralone","nhotheralone","33","names_d_subgroups_nh_count","0","0",0,0,"0",0,"0","0","0","Demographic","Demographic","","","0","raw","raw","TRUE","count demog","raw","","","","sum of counts","0","0","FALSE","FALSE","FALSE","","Count of Other race NHA","Count of Other race (non-Hispanic, single race)","Count of Other race (non-Hispanic, single race)","0","Not_Hispanic_Other_Race_Alone","0","","","999","","","","","","","","nhotheralone",""
"263","013344999","0133025","0","1","0","no match or acs","NHTWOMORE","","NHTWOMORE","","nhmulti","44","pctnhmulti","nhmulti","33","names_d_subgroups_nh_count","0","0",0,0,"0",0,"0","0","0","Demographic","Demographic","","","0","raw","raw","TRUE","count demog","raw","","","","sum of counts","0","0","FALSE","FALSE","FALSE","","Count of multirace NH","Count of Two or more races (non-Hispanic)","Count of Two or more races (non-Hispanic)","","Not_Hispanic_Two_or_More_Races_Alone","0","","","999","","","","","","","","nhmulti",""
"264","013345999","0133018","0","1","0","no match or acs","NHWHITE","","NHWHITE","","nhwa","45","pctnhwa","nhwa","33","names_d_subgroups_nh_count","0","0",0,0,"0",0,"0","0","0","Demographic","Demographic","","","0","raw","raw","TRUE","count demog","raw","","","","sum of counts","0","0","FALSE","FALSE","FALSE","","Count of White NHA","Count of White (non-Hispanic, single race)","Count of White (non-Hispanic, single race)","","Not_Hispanic_White_Alone","","","","999","","","","","","","","nhwa",""
"279","013472043","0134043","1","1","0","api","P_NON_ENGLISH","","PCT_LAN_NON_ENGLISH","","pctlan_nonenglish","72","pctlan_nonenglish","","34","names_d_language","0","0",0,0,"0",0,"0","0","0","Demographic","Demographic","","","0","raw","raw","TRUE","raw data for indicator","","1","","lan_universe","wtdmean","2","0","TRUE","TRUE","TRUE","","% speak non-English languages at home","% speaking non-English languages at home","% speaking Non English languages at home","","","Percent of population speaking Non English languages at home","Total Non-English","","43","added data to example column","3","","","","","P_NON_ENGLISH","pctlan_nonenglish",""
"266","013473042","0134042","1","1","0","no match or acs","PCT_LAN_IE","","PCT_LAN_IE","","pctlan_ie","73","pctlan_ie","","34","names_d_language","0","0",0,0,"0",0,"0","0","0","Demographic","Demographic","","","","raw","raw","TRUE","","","1","","lan_universe","wtdmean","2","0","TRUE","TRUE","TRUE","","%speak Other Indo-European at home","% speaking Other Indo-European at home","% speaking Other Indo-European at home","","Pct__Speak_Other_Indo_European_at_Home","","","","42","","","","","","","P_OTHER_IE","pctlan_ie",""
"267","013474042","0134042","1","1","0","no match or acs","PCT_LAN_API","","PCT_LAN_API","","pctlan_api","74","pctlan_api","","34","names_d_language","0","0",0,0,"0",0,"0","0","0","Demographic","Demographic","","","","raw","raw","TRUE","","","1","","lan_universe","wtdmean","2","0","TRUE","TRUE","TRUE","","%speak Asian and Pacific Island lang at home","% speaking Asian and Pacific Island languages at home","% speaking Asian and Pacific Island languages at home","","Pct__Speak_Asian_Pacific_Island_language_at_Home","","","","42","","","","","","","P_OTHER_ASIAN","pctlan_api",""
"268","013475042","0134042","1","1","0","api","P_OTHER","","PCT_LAN_OTHER","","pctlan_other","75","pctlan_other","","34","names_d_language","0","0",0,0,"0",0,"0","0","0","Demographic","Demographic","","","0","raw","raw","TRUE","raw data for indicator","","1","","lan_universe","wtdmean","2","0","FALSE","TRUE","TRUE","","%speak Other and Unspecified lang at home","% speaking Arabic, Other, and unspecified languages at home","% speaking Other and Unspecified languages at home","","Pct__Speak_Other_language_at_Home","Percent of population speaking Other and Unspecified languages at home","Other and Unspecified languages","","42","(missing from some community report)","0","","","","","P_OTHER","pctlan_other",""
"269","013499034","0134999","1","1","0","api","P_ENGLISH","","PCT_LAN_ENGLISH","","pctlan_english","99","pctlan_english","","34","names_d_language","0","0",0,0,"0",0,"0","0","0","Demographic","Demographic","","","0","raw","raw","TRUE","raw data for indicator","","1","","lan_universe","wtdmean","2","0","FALSE","FALSE","TRUE","","%speak English at home","% speaking English at home","% speaking English at home","","NA?","Percent of population speaking English at home","English","","34","added data to example column","97","","","","","P_ENGLISH","pctlan_english",""
"270","013499035","0134999","1","1","0","api","P_SPANISH","","PCT_LAN_SPANISH","","pctlan_spanish","99","pctlan_spanish","","34","names_d_language","0","0",0,0,"0",0,"0","0","0","Demographic","Demographic","","","0","raw","raw","TRUE","raw data for indicator","","1","","lan_universe","wtdmean","2","0","FALSE","TRUE","TRUE","","%speak Spanish at home","% speaking Spanish at home","% speaking Spanish at home","","Pct__Speak_Spanish_at_Home","Percent of population speaking Spanish at home","Spanish","","35","added data to example column","3","","","","","P_SPANISH","pctlan_spanish",""
"271","013499036","0134999","1","1","0","api","P_FRENCH","","PCT_LAN_FRENCH","","pctlan_french","99","pctlan_french","","34","names_d_language","0","0",0,0,"0",0,"0","0","0","Demographic","Demographic","","","0","raw","raw","TRUE","raw data for indicator","","1","","lan_universe","wtdmean","2","0","FALSE","FALSE","TRUE","","%speak French at home","% speaking French at home","% speaking French at home","","","Percent of population speaking French at home","French, Haitian, or Cajun","","36","(missing from some community report)","0","","","","","P_FRENCH","pctlan_french",""
"272","013499037","0134999","1","1","0","api","P_RUS_POL_SLAV","","PCT_LAN_RUS_POL_SLAV","","pctlan_rus_pol_slav","99","pctlan_rus_pol_slav","","34","names_d_language","0","0",0,0,"0",0,"0","0","0","Demographic","Demographic","","","0","raw","raw","TRUE","raw data for indicator","","1","","lan_universe","wtdmean","2","0","FALSE","FALSE","TRUE","","%speak Russian, Polish or Other Slavic at home","% speaking Russian, Polish or Other Slavic at home","% speaking Russian, Polish or Other Slavic at home","0","","Percent of population speaking Russian, Polish or Other Slavic at home","Russian, Polish or Other Slavic","","37","(missing from some community report)","0","","","","","P_RUS_POL_SLAV","pctlan_rus_pol_slav",""
"273","013499038","0134999","0","0","0","no match or acs","P_CHINESE","","","","pct_chinese","99","p_chinese","","34","names_d_language","0","0",0,0,"0",0,"0","0","0","Demographic","Demographic","","","0","raw","raw","TRUE","raw data for indicator","","1","","lan_universe","wtdmean","2","0","FALSE","FALSE","FALSE","","%speak Chinese at home","% speaking Chinese (including Mandarin, Cantonese) at home","% speaking Chinese (including Mandarin, Cantonese) at home","0","","","%speak Chinese (including Mandarin, Cantonese) at home","","38","(missing from some community report)","0","","","","","","pct_chinese","P_CHINESE"
"274","013499038","0134999","0","0","0","no match or acs","P_KOREAN","","","","pct_korean","99","p_korean","","34","names_d_language","0","0",0,0,"0",0,"0","0","0","Demographic","Demographic","","","0","raw","raw","TRUE","raw data for indicator","","1","","lan_universe","wtdmean","2","0","FALSE","FALSE","FALSE","","%speak Korean at home","% speaking Korean at home","% speaking Korean at home","0","","","%speak Korean at home","","38","(missing from some community report)","0","","","","","","pct_korean","P_KOREAN"
"275","013499038","0134999","1","1","0","api","P_OTHER_IE","","PCT_LAN_OTHER_IE","","pctlan_other_ie","99","pctlan_other_ie","","34","names_d_language","0","0",0,0,"0",0,"0","0","0","Demographic","Demographic","","","0","raw","raw","TRUE","raw data for indicator","","1","","lan_universe","wtdmean","2","0","FALSE","FALSE","TRUE","","%speak Indo-European at home","% speaking Other Indo-European languages at home","% speaking Indo-European at home","0","","Percent of population speaking Indo-European at home","Other Indo-European","","38","added data to example column","0","","","","","P_OTHER_IE","pctlan_other_ie",""
"276","013499039","0134999","1","1","0","api","P_VIETNAMESE","","PCT_LAN_VIETNAMESE","","pctlan_vietnamese","99","pctlan_vietnamese","","34","names_d_language","0","0",0,0,"0",0,"0","0","0","Demographic","Demographic","","","0","raw","raw","TRUE","raw data for indicator","","1","","lan_universe","wtdmean","2","0","FALSE","FALSE","TRUE","","%speak Vietnamese at home","% speaking Vietnamese at home","% speaking Vietnamese at home","0","","Percent of population speaking Vietnamese at home","Vietnamese","","39","added data to example column","0","","","","","P_VIETNAMESE","pctlan_vietnamese",""
"277","013499040","0134999","1","1","0","api","P_OTHER_ASIAN","","PCT_LAN_OTHER_ASIAN","","pctlan_other_asian","99","pctlan_other_asian","","34","names_d_language","0","0",0,0,"0",0,"0","0","0","Demographic","Demographic","","","0","raw","raw","TRUE","raw data for indicator","","1","","lan_universe","wtdmean","2","0","FALSE","FALSE","TRUE","","%speak Other Asian and Pacific Island lang at home","% speaking Other Asian and Pacific Island languages at home","% speaking Other Asian and Pacific Island languages at home","0","","Percent of population speaking Other Asian and Pacific Island languages at home","Other Asian and Pacific Island languages","","40","added data to example column","0","","","","","P_OTHER_ASIAN","pctlan_other_asian",""
"278","013499041","0134999","1","1","0","api","P_ARABIC","","PCT_LAN_ARABIC","","pctlan_arabic","99","pctlan_arabic","","34","names_d_language","0","0",0,0,"0",0,"0","0","0","Demographic","Demographic","","","0","raw","raw","TRUE","raw data for indicator","","1","","lan_universe","wtdmean","2","0","FALSE","FALSE","TRUE","","%speak Arabic at home","% speaking Arabic at home","% speaking Arabic at home","0","","Percent of population speaking Arabic at home","Arabic","","41","(missing from some community report)","0","","","","","P_ARABIC","pctlan_arabic",""
"280","014172042","0141043","0","1","0","no match or acs","LAN_NON_ENG","","LAN_NON_ENG","","lan_nonenglish","72","pctlan_nonenglish","","41","names_d_language_count","0","0",0,0,"0",0,"0","0","0","Demographic","Demographic","","","0","raw","raw","TRUE","raw data for indicator","","0","","","sum of counts","2","0","FALSE","FALSE","FALSE","","Speak non-English languages at home","Number speaking non-English languages at home","Number speaking non-English at home","","Persons_who_Speak_non_English_at_Home","","","","42","","","","","","","","lan_nonenglish",""
"281","014173999","0141042","0","1","0","no match or acs","LAN_IE","","LAN_IE","","lan_ie","73","pctlan_ie","","41","names_d_language_count","0","0",0,0,"0",0,"0","0","0","Demographic","Demographic","","","0","raw","raw","TRUE","raw data for indicator","","","","","sum of counts","","0","FALSE","FALSE","FALSE","","Speak Other Indo-European at Home","Number speaking Other Indo-European at Home","Number speaking Other Indo-European at Home","","Speak_Other_Indo_European_at_Home","","","","999","","","","","","","","lan_ie",""
"282","014174999","0141042","0","1","0","no match or acs","LAN_API","","LAN_API","","lan_api","74","pctlan_api","","41","names_d_language_count","0","0",0,0,"0",0,"0","0","0","Demographic","Demographic","","","0","raw","raw","TRUE","raw data for indicator","","","","","sum of counts","","0","FALSE","FALSE","FALSE","","Speak Asian-Pacific Island language at Home","Number speaking Asian-Pacific Island language at Home","Number speaking Asian-Pacific Island language at Home","","Speak_Asian_Pacific_Island_language_at_Home","0","","","999","","","","","","","","lan_api",""
"283","014175042","0141042","0","1","0","no match or acs","LAN_OTHER","","LAN_OTHER","","lan_other","75","pctlan_other","","41","names_d_language_count","0","0",0,0,"0",0,"0","0","0","Demographic","Demographic","","","0","raw","raw","TRUE","raw data for indicator","","0","","","sum of counts","2","0","FALSE","FALSE","FALSE","","Speak Other and Unspecified lang at home","Number speaking Arabic, Other, and unspecified languages at home","Number speaking Other and Unspecified languages at home","","Speak_Other_language_at_Home","","","","42","","","","","","","","lan_other",""
"284","014199999","0141999","0","1","0","no match or acs","LAN_UNIVERSE","","LAN_UNIVERSE","","lan_universe","99","lan_universe","","41","names_d_language_count","0","0",0,0,"0",0,"0","0","0","Demographic","Demographic","","","0","raw","raw","TRUE","raw data for indicator","","","","","sum of counts","","0","FALSE","FALSE","FALSE","","Lang. ability known (age5up)","Number of Persons for whom Language Ability is Determined--age 5 and above.","Number of Persons for whom Language Ability is Determined--age 5 and above.","","Number_of_Persons_for_whom_Language_Ability_is_Determined","","","","999","","","","","","","","lan_universe",""
"285","014199999","0141999","0","1","0","no match or acs","LAN_ENG_NA","","LAN_ENG_NA","","lan_eng_na","99","pctlan_eng_na","","41","names_d_language_count","0","0",0,0,"0",0,"0","0","0","Demographic","Demographic","","","0","raw","raw","TRUE","raw data for indicator","","","","","sum of counts","","0","FALSE","FALSE","FALSE","","Speak English Not at All","Number speaking English Not at All","Number speaking English Not at All","","Persons_who_Speak_English_Not_at_All","","","","999","","","","","","","","lan_eng_na",""
"286","014199999","0141999","0","1","0","no match or acs","LAN_SPANISH","","LAN_SPANISH","","lan_spanish","99","pctlan_spanish","","41","names_d_language_count","0","0",0,0,"0",0,"0","0","0","Demographic","Demographic","","","0","raw","raw","TRUE","raw data for indicator","","","","","sum of counts","","0","FALSE","FALSE","FALSE","","Speak Spanish at Home","Number speaking Spanish at Home","Number speaking Spanish at Home","","Speak_Spanish_at_Home","","","","999","","","","","","","","lan_spanish",""
"287","014299030","0142999","1","1","0","api","P_HLI_SPANISH_LI","","PCT_HLI_SPANISH_LI","","pctspanish_li","99","pctspanish_li","","42","names_d_languageli","0","0",0,0,"0",0,"0","0","0","Demographic","Demographic","","","0","raw","raw","TRUE","raw data for indicator","","1","","lingiso","wtdmean","2","0","FALSE","TRUE","TRUE","","%Spanish lang (as %of limited English hhlds)","% speaking Spanish (as % of limited English households)","% speaking Spanish (as % of limited English households)","","Pct__Speak_Spanish__Limited_English_speaking","Speak Spanish","Speak Spanish","","30","","100","","","","","P_HLI_SPANISH_LI","pctspanish_li",""
"288","014299031","0142999","1","1","0","api","P_HLI_IE_LI","","PCT_HLI_IE_LI","","pctie_li","99","pctie_li","","42","names_d_languageli","0","0",0,0,"0",0,"0","0","0","Demographic","Demographic","","","0","raw","raw","TRUE","raw data for indicator","","1","","lingiso","wtdmean","2","0","FALSE","TRUE","TRUE","","%Other Indo-European lang (as %of limited English hhlds)","% speaking Other Indo-European languages (as % of limited English households)","% speaking Other Indo-European languages (as % of limited English households)","0","Pct__Speak_Other_Indo_European__Limited_English_speaking","Speak Other Indo-European Languages","Speak Other Indo-European Languages","","31","","0","","","","","P_HLI_IE_LI","pctie_li",""
"289","014299032","0142999","1","1","0","api","P_HLI_API_LI","","PCT_HLI_API_LI","","pctapi_li","99","pctapi_li","","42","names_d_languageli","0","0",0,0,"0",0,"0","0","0","Demographic","Demographic","","","0","raw","raw","TRUE","raw data for indicator","","1","","lingiso","wtdmean","2","0","FALSE","TRUE","TRUE","","%Asian-Pacific Island lang (as %of limited English hhlds)","% speaking Asian-Pacific Island languages (as % of limited English households)","% speaking Asian-Pacific Island languages (as % of limited English households)","0","Pct__Speak_Asian_Pacific_Island__Limited_English_speaking","Speak Asian-Pacific Island Languages","Speak Asian-Pacific Island Languages","","32","","0","","","","","P_HLI_API_LI","pctapi_li",""
"290","014299033","0142999","1","1","0","api","P_HLI_OTHER_LI","","PCT_HLI_OTHER_LI","","pctother_li","99","pctother_li","","42","names_d_languageli","0","0",0,0,"0",0,"0","0","0","Demographic","Demographic","","","0","raw","raw","TRUE","raw data for indicator","","1","","lingiso","wtdmean","2","0","FALSE","TRUE","TRUE","","%Other lang (as %of limited English hhlds)","% speaking Other languages (as % of limited English households)","% speaking Other languages (as % of limited English households)","0","Pct__Speak_Other__Limited_English_speaking","Speak Other Languages","Speak Other Languages","","33","","0","","","","","P_HLI_OTHER_LI","pctother_li",""
"291","014999030","0149999","0","1","0","no match or acs","HLI_SPANISH_LI","","HLI_SPANISH_LI","","spanish_li","99","pctspanish_li","","49","names_d_languageli_count","0","0",0,0,"0",0,"0","0","0","Demographic","Demographic","","","0","raw","raw","TRUE","raw data for indicator","","","","","sum of counts","","0","FALSE","FALSE","FALSE","","Speak Spanish (limited English)","Number speaking Spanish (in limited English household)","Number speaking Spanish (in limited English household)","0","Speak_Spanish__Limited_English_speaking","0","","","30","","","","","","","","spanish_li",""
"292","014999031","0149999","0","1","0","no match or acs","HLI_IE_LI","","HLI_IE_LI","","ie_li","99","pctie_li","","49","names_d_languageli_count","0","0",0,0,"0",0,"0","0","0","Demographic","Demographic","","","0","raw","raw","TRUE","raw data for indicator","","","","","sum of counts","","0","FALSE","FALSE","FALSE","","Speak Other Indo-European (limited English)","Number speaking Other Indo-European (in limited English household)","Number speaking Other Indo-European (in limited English household)","0","Speak_Other_Indo_European__Limited_English_speaking","","","","31","","","","","","","","ie_li",""
"293","014999032","0149999","0","1","0","no match or acs","HLI_API_LI","","HLI_API_LI","","api_li","99","pctapi_li","","49","names_d_languageli_count","0","0",0,0,"0",0,"0","0","0","Demographic","Demographic","","","0","raw","raw","TRUE","raw data for indicator","","","","","sum of counts","","0","FALSE","FALSE","FALSE","","Speak Asian-Pacific Island (limited English)","Number speaking Asian-Pacific Island (in limited English household)","Number speaking Asian-Pacific Island (in limited English household)","0","Speak_Asian_Pacific_Island__Limited_English_speaking","","","","32","","","","","","","","api_li",""
"294","014999033","0149999","0","1","0","no match or acs","HLI_OTHER_LI","","HLI_OTHER_LI","","other_li","99","pctother_li","","49","names_d_languageli_count","0","0",0,0,"0",0,"0","0","0","Demographic","Demographic","","","0","raw","raw","TRUE","raw data for indicator","","","","","sum of counts","","0","FALSE","FALSE","FALSE","","Speak Other (limited English)","Number speaking Other (in limited English household)","Number speaking Other (in limited English household)","0","Speak_Other__Limited_English_speaking","","","","33","","","","","","","","other_li",""
"295","015030002","0150002","1","1","1","api","totalPop","TOTALPOP","TOTALPOP","ACSTOTPOP","pop","30","sort1","pop","50","names_d_other_count","0","0",0,0,"0",0,"0","0","0","Demographic","Demographic","","","0","raw","raw","TRUE","count demog","raw","","","","sum of counts","","0","FALSE","FALSE","FALSE","","Population","Total Population","Total Population","Total population","","Total Population","Population","","2","","4","693","ACSTOTPOP","TRUE","ACSTOTPOP","totalPop","pop","ACSTOTPOP"
"296","015031999","0150999","0","0","0","","","","","","nonmins","31","sort2","nonmins","50","names_d_other_count","0","0",0,0,"0",0,"0","0","0","Demographic","Demographic","","","0","raw","raw","TRUE","count demog","raw","","","","sum of counts","","0","FALSE","FALSE","FALSE","","Non-POC count","Non-POC resident count","Non-POC resident count","","","","","","999","","","","","FALSE","","","nonmins",""
"297","015033999","0150999","0","1","1","csv","ACSEDUCBAS","","EDU_UNIVERSE","ACSEDUCBAS","age25up","33","sort4","age25up","50","names_d_other_count","0","0",0,0,"0",0,"0","0","0","Demographic","Demographic","","","0","raw","raw","TRUE","count demog","raw","","","","sum of counts","","0","FALSE","FALSE","FALSE","","Population Age 25 up","Count of Population Age 25 up","Count of Population Age 25 up","Population 25 years and over","","","","","999","","","489","ACSEDUCBAS","TRUE","ACSEDUCBAS","","age25up","ACSEDUCBAS"
"298","015034016","0150016","1","1","1","api","HSHOLDS","","HSHOLDS","ACSTOTHH","hhlds","34","sort5","hhlds","50","names_d_other_count","0","0",0,0,"0",0,"0","0","0","Demographic","Demographic","","","0","raw","raw","TRUE","count demog","raw","","","","sum of counts","","0","FALSE","FALSE","FALSE","","Count of hhlds","Count of Households","Count of Households","Households (for limited English speaking)","","Number of Households","Number of households","","16","","2","252","ACSTOTHH","TRUE","ACSTOTHH","HSHOLDS","hhlds","ACSTOTHH"
"299","015035999","0150999","0","0","1","csv","ACSUNEMPBAS","","ACSUNEMPBAS","ACSUNEMPBAS","unemployedbase","35","sort6","unemployedbase","50","names_d_other_count","0","0",0,0,"0",0,"0","0","0","Demographic","Demographic","","","0","raw","raw","TRUE","count demog","raw","0","","","sum of counts","","0","FALSE","FALSE","FALSE","count","population 16+","Population 16 years and over","Population 16 years and over","Unemployment base--persons in civilian labor force (unemployment rate)","Population_16_years_and_over","","","","999","","","315","ACSUNEMPBAS","FALSE","ACSUNEMPBAS","","unemployedbase","ACSUNEMPBAS"
"299","015035999","0150999","0","0","1","csv","ACSLABORFORCE","","ACSLABORFORCE","","laborforce_universe","35","pctunemployed","unemployedbase","50","names_d_other_count","0","0",0,0,"0",0,"0","0","0","Demographic","Demographic","","","0","raw","raw","TRUE","count demog","raw","0","0","","sum of counts","","0","FALSE","FALSE","FALSE","count","civilian labor force","Civilian labor force","Civilian labor force","Unemployment base--persons in civilian labor force (unemployment rate)","Civilian_labor_force","","","","999","","","315","ACSUNEMPBAS","FALSE","","","laborforce_universe",""
"300","015036999","0150999","0","0","1","csv","PRE1960","","","PRE1960","pre1960","36","sort7","pre1960","50","names_d_other_count","0","0",0,0,"0",0,"0","0","0","Demographic","Demographic","","","0","raw","raw","TRUE","count demog","raw","","","","sum of counts","","0","FALSE","FALSE","FALSE","","Count of Housing Units Built Pre 1960","Count of Housing Units Built Pre 1960","Count of Housing Units Built Pre 1960","Housing units built before 1960","","","","","999","","","69","PRE1960","TRUE","PRE1960","","pre1960","PRE1960"
"301","015037999","0150999","0","0","1","csv","ACSTOTHU","","","ACSTOTHU","builtunits","37","sort8","sort8","50","names_d_other_count","0","0",0,0,"0",0,"0","0","0","Demographic","Demographic","","","0","raw","raw","TRUE","count demog","raw","","","","sum of counts","","0","FALSE","FALSE","FALSE","","housing units","Built housing units count (denominator for % pre 1960)","Built housing units count (denominator for % pre 1960)","Housing units (for % built pre-1960)","","","","","999","","","268","ACSTOTHU","FALSE","ACSTOTHU","","builtunits","ACSTOTHU"
"302","015099999","0150999","0","0","1","csv","ACSIPOVBAS","","","ACSIPOVBAS","povknownratio","99","pctpoor","povknownratio","50","names_d_other_count","0","0",0,0,"0",0,"0","0","0","Demographic","Demographic","","","0","raw","raw","TRUE","count demog","raw","","","","sum of counts","","0","FALSE","FALSE","FALSE","","Population for whom Poverty Status is Determined","Count of Population for whom Poverty Status is Determined","Count of Population for whom Poverty Status is Determined","Population for whom poverty status is determined","","","","","999","","","693","ACSIPOVBAS","TRUE","ACSIPOVBAS","","povknownratio","ACSIPOVBAS"
"303","015199999","0151999","0","1","0","no match or acs","PCT_HH_BPOV","","PCT_POV","","pctpoor","99","pctpoor","","51","names_d_extra","0","0",0,0,"0",0,"0","0","0","Demographic","Demographic","","","0","raw","raw","TRUE","raw data for indicator","","1","","poverty_household_universe","wtdmean","2","0","TRUE","TRUE","TRUE","","%poverty","% Households below Poverty Level","% Households below Poverty Level","0","Pct_Households_below_Poverty_Level","","","","999","","","","","","","","pctpoor",""
"304","015899999","0158999","0","1","0","no match or acs","OWNHU","","OWNHU","","ownedunits","99","pctownedunits","","58","names_d_extra_count","0","0",0,0,"0",0,"0","0","0","Demographic","Demographic","","","0","raw","raw","TRUE","raw data for indicator","","","","","sum of counts","","0","FALSE","FALSE","FALSE","","Owner Occupied Housing Units","Count of Owner Occupied Housing Units","Count of Owner Occupied Housing Units","0","Owner_Occupied_Housing_Units","","","","999","","","","","","","","ownedunits",""
"305","015899999","0158999","0","1","0","no match or acs","ACSIPOVHHBAS","","ACSIPOVHHBAS","","poverty_household_universe","99","pctpoor","","58","names_d_extra_count","","0",0,0,"0",0,"0","0","0","Demographic","Demographic","","","0","raw","raw","TRUE","raw data for indicator","","0","","","sum of counts","","0","FALSE","FALSE","FALSE","count","poverty universe","Households for whom poverty status is determined","Households for whom poverty status is determined","","Households_for_whom_poverty_status_is_determined","","","","999","","","","","","","","poverty_household_universe",""
"305","015899999","0158999","0","1","0","no match or acs","HH_BPOV","","POV","","poor","99","pctpoor","","58","names_d_extra_count","0","0",0,0,"0",0,"0","0","0","Demographic","Demographic","","","0","raw","raw","TRUE","raw data for indicator","","","","","sum of counts","","0","FALSE","FALSE","FALSE","count","count poverty","Households below Poverty Level","Households below Poverty Level","","Households_below_Poverty_Level","","","","999","","","","","","","","poor",""
"306","018223236","0182165","1","1","1","no oldname but should be","","","PCT_DISABILITY","DISABILITYPCT","pctdisability","23","pctdisability","","82","names_health","0","0",0,0,"0",0,"0","0","0","Demographic","Demographic","","","0","raw","raw","TRUE","raw data for indicator","raw","1","","disab_universe","wtdmean","2","0","FALSE","TRUE","TRUE","","% with Disabilities","% with Disabilities","% with Disabilities","% persons with disabilities","Pct__Persons_with_Disability","Percent population with Disabilities","Persons with disabilities","","236","percentage shown on EJScreen 2.2 report near top (graphics), not bottom (health indicators)","21","","","","DISABILITYPCT","RAW_HI_DISABILITYPCT","pctdisability","DISABILITYPCT"
"307","018225217","0182217","1","1","1","api","RAW_D_LIFEEXP","RAW_HI_LIFEEXPPCT","LIFEEXPPCT","LIFEEXPPCT","lowlifex","25","lowlifex","lowlifex","82","names_health","0","0",0,0,"0",0,"0","0","0","Demographic","Demographic","","","0","raw","raw","TRUE","raw data for indicator","raw","1","","pop","wtdmean","2","0","FALSE","TRUE","TRUE","","%Low life expectancy","% with Low Life Expectancy","% with Low Life Expectancy","% low life expectancy","Pct__Life_Expectancy","Limited Life Expectancy","Low Life Expectancy","","217","","19%","0.2502564","LIFEEXPPCT","","LIFEEXPPCT","RAW_D_LIFEEXP","lowlifex","LIFEEXPPCT"
"308","018299218","0182999","1","0","0","api","RAW_HI_HEARTDISEASE","","","","rateheartdisease","99","rateheartdisease","","82","names_health","0","0",0,0,"0",0,"0","0","0","other","Demographic","","","0","raw","raw","TRUE","raw data for indicator","raw","1","","pop","wtdmean","2","0","FALSE","FALSE","FALSE","","% with Heart diseases","% with Heart Diseases","% with Heart Diseases","","","Heart Diseases","Heart Disease","","218","","9","","","","","RAW_HI_HEARTDISEASE","rateheartdisease",""
"309","018299219","0182999","1","0","0","api","RAW_HI_ASTHMA","","","","rateasthma","99","rateasthma","","82","names_health","0","0",0,0,"0",0,"0","0","0","other","Demographic","","","0","raw","raw","TRUE","raw data for indicator","raw","","","pop","wtdmean","2","2","FALSE","FALSE","FALSE","","% of Adults with Asthma","% of Adults with Asthma","% of Adults with Asthma","","","Asthma","Asthma","","219","","10.199999999999999","","","","","RAW_HI_ASTHMA","rateasthma",""
"310","018299220","0182999","1","0","0","api","RAW_HI_CANCER","","","","ratecancer","99","ratecancer","","82","names_health","0","0",0,0,"0",0,"0","0","0","other","Demographic","","","0","raw","raw","TRUE","","","","","pop","wtdmean","","2","FALSE","FALSE","FALSE","","% with Cancer (excluding skin cancer)","% of Adults with Cancer (excluding skin cancer)","% of Adults with Cancer (excluding skin cancer)","","","Cancer","Cancer","","220","","8.1999999999999993","","","","","RAW_HI_CANCER","ratecancer",""
"311","018323999","0183165","0","0","0","","","","","","ratio.to.avg.pctdisability","23","pctdisability","pctdisability","83","names_health_ratio_to_avg","1","0",0,0,"1",0,"0","0","0","Demographic","Demographic","Nation","us","1","usratio","ratio","TRUE","ratio","ratio","","","","ratio to avg","2","1","FALSE","FALSE","FALSE","","Ratio to US avg % with Disabilities","Ratio to US avg % with Disabilities","Ratio to US avg % with Disabilities","0","","0","","","999","","","","","FALSE","","","ratio.to.avg.pctdisability",""
"312","018325999","0183217","0","0","0","","","","","","ratio.to.avg.lowlifex","25","lowlifex","lowlifex","83","names_health_ratio_to_avg","1","0",0,0,"1",0,"0","0","0","Demographic","Demographic","Nation","us","1","usratio","ratio","TRUE","ratio","ratio","","","","ratio to avg","2","1","FALSE","FALSE","FALSE","","Ratio to US avg %Low life expectancy","Ratio to US avg % with Low Life Expectancy","Ratio to US avg % with Low Life Expectancy","","","0","","","999","","","","","FALSE","","","ratio.to.avg.lowlifex",""
"313","018423999","0184165","0","0","0","","","","","","ratio.to.state.avg.pctdisability","23","pctdisability","pctdisability","84","names_health_ratio_to_state_avg","1","1",0,0,"1",0,"0","0","0","Demographic","Demographic","State","state","2","stateratio","ratio","TRUE","ratio","ratio","","","","ratio to avg","2","1","FALSE","FALSE","FALSE","","Ratio to State avg % with Disabilities","Ratio to State avg % with Disabilities","Ratio to State avg % with Disabilities","","","","","","999","","","","","","","","ratio.to.state.avg.pctdisability",""
"314","018425999","0184217","0","0","0","","","","","","ratio.to.state.avg.lowlifex","25","lowlifex","lowlifex","84","names_health_ratio_to_state_avg","1","1",0,0,"1",0,"0","0","0","Demographic","Demographic","State","state","2","stateratio","ratio","TRUE","ratio","ratio","","","","ratio to avg","2","1","FALSE","FALSE","FALSE","","Ratio to State avg %Low life expectancy","Ratio to State avg % with Low Life Expectancy","Ratio to State avg % with Low Life Expectancy","0","","","","","999","","","","","FALSE","","","ratio.to.state.avg.lowlifex",""
"315","018523241","0185165","1","0","1","no oldname but should be","","","","P_DISABILITYPCT","pctile.pctdisability","23","pctdisability","","85","names_health_pctile","0","0",1,0,"0",0,"0","0","0","Demographic","Demographic","Nation","us","1","uspctile","pctile","TRUE","percentile","pctile","0","","","lookedup","2","0","FALSE","FALSE","FALSE","","US%ile % with Disabilities","US percentile for % with Disabilities","US percentile for % with Disabilities","Percentile for % persons with disabilities","","National Percentile of Persons with Disabilities","Persons with Disabilities","","241","","83","","","","P_DISABILITYPCT","N_HI_DISABILITYPCT_PCTILE","pctile.pctdisability","P_DISABILITYPCT"
"316","018525237","0185217","1","0","1","api","N_D_LIFEEXP_PER","N_HI_LIFEEXPPCT_PCTILE","","P_LIFEEXPPCT","pctile.lowlifex","25","lowlifex","lowlifex","85","names_health_pctile","0","0",1,0,"0",0,"0","0","0","Demographic","Demographic","Nation","us","1","uspctile","pctile","TRUE","percentile","pctile","","","","lookedup","2","0","FALSE","FALSE","FALSE","","US%ile %Low life expectancy","US percentile for % with Low Life Expectancy","US percentile for % with Low Life Expectancy","Percentile for Low Life Expectancy","","National Percentile of Limited Life Expectancy","Low Life Expectancy","","237","","42","91","P_LIFEEXPPCT","FALSE","P_LIFEEXPPCT","N_D_LIFEEXP_PER","pctile.lowlifex","P_LIFEEXPPCT"
"320","018525999","0185217","1","0","0","api","N_HI_LIFEEXP_PCTILE","","","","pctile.lifexyears_synonym","25","lowlifex","","85","names_health_pctile","0","0",1,0,"0",0,"0","0","0","other","Demographic","Nation","us","1","uspctile","pctile","TRUE","percentile","pctile","","","","lookedup","2","0","FALSE","FALSE","FALSE","","US%ile %Low life expectancy","US percentile for % with Low Life Expectancy","US percentile for % with Low Life Expectancy","","","National Percentile of Low Life Expectancy","","","999","","58","","","","","N_HI_LIFEEXP_PCTILE","pctile.lifexyears_synonym",""
"317","018599238","0185999","1","0","0","api","N_HI_HEARTDISEASE_PCTILE","","","","pctile.rateheartdisease","99","rateheartdisease","","85","names_health_pctile","0","0",1,0,"0",0,"0","0","0","other","Demographic","Nation","us","1","uspctile","pctile","TRUE","percentile","pctile","","","","lookedup","2","0","FALSE","FALSE","FALSE","","US%ile % with Heart diseases","US percentile for % with Heart Diseases","US percentile for % with Heart Diseases","0","","National Percentile of Heart Diseases","Heart Disease","","238","","93","","","","","N_HI_HEARTDISEASE_PCTILE","pctile.rateheartdisease",""
"318","018599239","0185999","1","0","0","api","N_HI_ASTHMA_PCTILE","","","","pctile.rateasthma","99","rateasthma","","85","names_health_pctile","0","0",1,0,"0",0,"0","0","0","other","Demographic","Nation","us","1","uspctile","pctile","TRUE","percentile","pctile","","","","lookedup","2","0","FALSE","FALSE","FALSE","","US%ile % of Adults with Asthma","US percentile for % of Adults with Asthma","US percentile for % of Adults with Asthma","0","","National Percentile of Asthma","Asthma","","239","","61","","","","","N_HI_ASTHMA_PCTILE","pctile.rateasthma",""
"319","018599240","0185999","1","0","0","api","N_HI_CANCER_PCTILE","","","","pctile.ratecancer","99","ratecancer","","85","names_health_pctile","0","0",1,0,"0",0,"0","0","0","other","Demographic","Nation","us","1","uspctile","pctile","TRUE","percentile","pctile","","","","lookedup","2","0","FALSE","FALSE","FALSE","","US%ile % with Cancer (excluding skin cancer)","US percentile for % of Adults with Cancer (excluding skin cancer)","US percentile for % of Adults with Cancer (excluding skin cancer)","","","National Percentile of Cancer","Cancer","","240","","91","","","","","N_HI_CANCER_PCTILE","pctile.ratecancer",""
"321","018623231","0186165","1","0","0","no oldname but should be","","","","","state.pctile.pctdisability","23","pctdisability","","86","names_health_state_pctile","0","1",1,0,"0",0,"0","0","0","Demographic","Demographic","State","state","3","statepctile","pctile","TRUE","percentile","pctile","0","","","lookedup","2","0","FALSE","FALSE","FALSE","","State%ile % with Disabilities","State percentile for % with Disabilities","State percentile for % with Disabilities","0","","State Percentile of Persons with Disabilities","Persons with Disabilities","","231","","65","","","","","S_HI_DISABILITYPCT_PCTILE","state.pctile.pctdisability",""
"322","018625227","0186217","1","0","1","api","S_D_LIFEEXP_PER","","","S_P_LIFEEXPPCT","state.pctile.lowlifex","25","lowlifex","lowlifex","86","names_health_state_pctile","0","1",1,0,"0",0,"0","0","0","Demographic","Demographic","State","state","3","statepctile","pctile","TRUE","percentile","pctile","","","","lookedup","2","0","FALSE","FALSE","FALSE","","State%ile %Low life expectancy","State percentile for % with Low Life Expectancy","State percentile for % with Low Life Expectancy","","","State Percentile of Limited Life Expectancy","Low Life Expectancy","","227","","20","91","S_P_LIFEEXPPCT","FALSE","S_P_LIFEEXPPCT","S_D_LIFEEXP_PER","state.pctile.lowlifex","S_P_LIFEEXPPCT"
"326","018625999","0186217","1","0","0","api","S_HI_LIFEEXP_PCTILE","","","","state.pctile.lifexyears_synonym","25","lowlifex","","86","names_health_state_pctile","0","1",1,0,"0",0,"0","0","0","other","Demographic","State","state","3","statepctile","pctile","TRUE","percentile","pctile","","","","lookedup","2","0","FALSE","FALSE","FALSE","","State%ile %Low life expectancy","State percentile for % with Low Life Expectancy","State percentile for % with Low Life Expectancy","","","State Percentile of Low Life Expectancy","","","999","","80","","","","","S_HI_LIFEEXP_PCTILE","state.pctile.lifexyears_synonym",""
"323","018699228","0186999","1","0","0","api","S_HI_HEARTDISEASE_PCTILE","","","","state.pctile.rateheartdisease","99","rateheartdisease","","86","names_health_state_pctile","0","1",1,0,"0",0,"0","0","0","other","Demographic","State","state","3","statepctile","pctile","TRUE","percentile","pctile","","","","lookedup","2","0","FALSE","FALSE","FALSE","","State%ile % with Heart diseases","State percentile for % with Heart Diseases","State percentile for % with Heart Diseases","0","","State Percentile of Heart Diseases","Heart Disease","","228","","85","","","","","S_HI_HEARTDISEASE_PCTILE","state.pctile.rateheartdisease",""
"324","018699229","0186999","1","0","0","api","S_HI_ASTHMA_PCTILE","","","","state.pctile.rateasthma","99","rateasthma","","86","names_health_state_pctile","0","1",1,0,"0",0,"0","0","0","other","Demographic","State","state","3","statepctile","pctile","TRUE","percentile","pctile","","","","lookedup","2","0","FALSE","FALSE","FALSE","","State%ile % of Adults with Asthma","State percentile for % of Adults with Asthma","State percentile for % of Adults with Asthma","0","","State Percentile of Asthma","Asthma","","229","","21","","","","","S_HI_ASTHMA_PCTILE","state.pctile.rateasthma",""
"325","018699230","0186999","1","0","0","api","S_HI_CANCER_PCTILE","","","","state.pctile.ratecancer","99","ratecancer","","86","names_health_state_pctile","0","1",1,0,"0",0,"0","0","0","other","Demographic","State","state","3","statepctile","pctile","TRUE","percentile","pctile","","","","lookedup","2","0","FALSE","FALSE","FALSE","","State%ile % with Cancer (excluding skin cancer)","State percentile for % of Adults with Cancer (excluding skin cancer)","State percentile for % of Adults with Cancer (excluding skin cancer)","0","","State Percentile of Cancer","Cancer","","230","","94","","","","","S_HI_CANCER_PCTILE","state.pctile.ratecancer",""
"327","018723236","0187165","1","0","0","no oldname but should be","","","","","avg.pctdisability","23","pctdisability","","87","names_health_avg","0","0",0,0,"1",0,"0","0","0","Demographic","Demographic","Nation","us","1","usavg","avg","TRUE","average","avg","1","","","constant","","1","FALSE","TRUE","TRUE","","US avg % with Disabilities","US Average for % with Disabilities","US Average for % with Disabilities","","","National Average of Persons with Disabilities","Persons with Disabilities","","236","","13.4%","","","","","N_HI_DISABILITYPCT_AVG","avg.pctdisability",""
"328","018725232","0187217","1","0","0","api","N_D_LIFEEXP","N_HI_LIFEEXPPCT_AVG","","","avg.lowlifex","25","lowlifex","lowlifex","87","names_health_avg","0","0",0,0,"1",0,"0","0","0","Demographic","Demographic","Nation","us","1","usavg","avg","TRUE","average","avg","1","","","constant","2","0","FALSE","TRUE","FALSE","","US avg %Low life expectancy","US Average for % with Low Life Expectancy","US Average for % with Low Life Expectancy","0","","National Average of Limited Life Expectancy","Low Life Expectancy","","232","","20%","","","FALSE","","N_D_LIFEEXP","avg.lowlifex",""
"332","018725999","0187217","1","0","0","api","N_HI_LIFEEXP_AVG","","","","avg.lifexyears_synonym","25","lowlifex","","87","names_health_avg","0","0",0,0,"1",0,"0","0","0","other","Demographic","Nation","us","1","usavg","avg","TRUE","average","avg","","","","constant","3","1","FALSE","TRUE","FALSE","","US avg %Low life expectancy","US Average for % with Low Life Expectancy","US Average for % with Low Life Expectancy","","","National Average of Low Life Expectancy","","","999","","78.5","","","","","N_HI_LIFEEXP_AVG","avg.lifexyears_synonym",""
"329","018799233","0187999","1","0","0","api","N_HI_HEARTDISEASE_AVG","","","","avg.rateheartdisease","99","rateheartdisease","","87","names_health_avg","0","0",0,0,"1",0,"0","0","0","other","Demographic","Nation","us","1","usavg","avg","TRUE","average","avg","1","","","constant","","1","FALSE","FALSE","TRUE","","US avg % with Heart diseases","US Average for % with Heart Diseases","US Average for % with Heart Diseases","","","National Average of Heart Diseases","Heart Disease","","233","","6.1","","","","","N_HI_HEARTDISEASE_AVG","avg.rateheartdisease",""
"330","018799234","0187999","1","0","0","api","N_HI_ASTHMA_AVG","","","","avg.rateasthma","99","rateasthma","","87","names_health_avg","0","0",0,0,"1",0,"0","0","0","other","Demographic","Nation","us","1","usavg","avg","TRUE","average","avg","","","","constant","2","0","FALSE","FALSE","FALSE","","US avg % of Adults with Asthma","US Average for % of Adults with Asthma","US Average for % of Adults with Asthma","","","National Average of Asthma","Asthma","","234","","10","","","","","N_HI_ASTHMA_AVG","avg.rateasthma",""
"331","018799235","0187999","1","0","0","api","N_HI_CANCER_AVG","","","","avg.ratecancer","99","ratecancer","","87","names_health_avg","0","0",0,0,"1",0,"0","0","0","other","Demographic","Nation","us","1","usavg","avg","TRUE","average","avg","","","","constant","","1","FALSE","FALSE","FALSE","","US avg % with Cancer (excluding skin cancer)","US Average for % of Adults with Cancer (excluding skin cancer)","US Average for % of Adults with Cancer (excluding skin cancer)","","","National Average of Cancer","Cancer","","235","","6.1","","","","","N_HI_CANCER_AVG","avg.ratecancer",""
"333","018823217","0188165","1","0","0","no oldname but should be","","","","","state.avg.pctdisability","23","pctdisability","","88","names_health_state_avg","0","1",0,0,"1",0,"0","0","0","Demographic","Demographic","State","state","3","stateavg","avg","TRUE","average","avg","1","","","constant","","1","FALSE","TRUE","TRUE","","State avg % with Disabilities","State Average for % with Disabilities","State Average for % with Disabilities","","","State Average of Persons with Disabilities","Persons with Disabilities","","217","","16.9%","","","","","S_HI_DISABILITYPCT_AVG","state.avg.pctdisability",""
"337","018825222","0188217","1","0","0","api","S_D_LIFEEXP","S_HI_LIFEEXPPCT_AVG","","","state.avg.lowlifex","25","lowlifex","lowlifex","88","names_health_state_avg","0","1",0,0,"1",0,"0","0","0","Demographic","Demographic","State","state","3","stateavg","avg","TRUE","average","avg","1","","","constant","2","0","FALSE","TRUE","FALSE","","State avg %Low life expectancy","State Average for % with Low Life Expectancy","State Average for % with Low Life Expectancy","0","","State Average of Limited Life Expectancy","Low Life Expectancy","","222","","22%","","","FALSE","","S_D_LIFEEXP","state.avg.lowlifex",""
"338","018825999","0188217","1","0","0","api","S_HI_LIFEEXP_AVG","","","","state.avg.lifexyears_synonym","25","lowlifex","","88","names_health_state_avg","0","1",0,0,"1",0,"0","0","0","other","Demographic","State","state","3","stateavg","avg","TRUE","average","avg","","","","constant","2","1","FALSE","FALSE","FALSE","","State avg %Low life expectancy","State Average for % with Low Life Expectancy","State Average for % with Low Life Expectancy","","","State Average of Low Life Expectancy","","","999","","76","","","","","S_HI_LIFEEXP_AVG","state.avg.lifexyears_synonym",""
"334","018899211","0188999","1","0","0","api","S_HI_HEARTDISEASE_AVG","","","","state.avg.rateheartdisease","99","rateheartdisease","","88","names_health_state_avg","0","1",0,0,"1",0,"0","0","0","other","Demographic","State","state","3","stateavg","avg","TRUE","average","avg","1","","","constant","","1","FALSE","FALSE","TRUE","","State avg % with Heart diseases","State Average for % with Heart Diseases","State Average for % with Heart Diseases","","","State Average of Heart Diseases","Heart Disease","","211","","7.1","","","","","S_HI_HEARTDISEASE_AVG","state.avg.rateheartdisease",""
"335","018899213","0188999","1","0","0","api","S_HI_ASTHMA_AVG","","","","state.avg.rateasthma","99","rateasthma","","88","names_health_state_avg","0","1",0,0,"1",0,"0","0","0","other","Demographic","State","state","3","stateavg","avg","TRUE","average","avg","","","","constant","2","1","FALSE","FALSE","FALSE","","State avg % of Adults with Asthma","State Average for % of Adults with Asthma","State Average for % of Adults with Asthma","","","State Average of Asthma","Asthma","","213","","11.1","","","","","S_HI_ASTHMA_AVG","state.avg.rateasthma",""
"336","018899215","0188999","1","0","0","api","S_HI_CANCER_AVG","","","","state.avg.ratecancer","99","ratecancer","","88","names_health_state_avg","0","1",0,0,"1",0,"0","0","0","other","Demographic","State","state","3","stateavg","avg","TRUE","average","avg","","","","constant","","1","FALSE","FALSE","FALSE","","State avg % with Cancer (excluding skin cancer)","State Average for % of Adults with Cancer (excluding skin cancer)","State Average for % of Adults with Cancer (excluding skin cancer)","","","State Average of Cancer","Cancer","","215","","6.3","","","","","S_HI_CANCER_AVG","state.avg.ratecancer",""
"339","018923221","0189165","0","1","1","no oldname but should be","","","DISABILITY","DISABILITY","disability","23","pctdisability","","89","names_health_count","0","0",0,0,"0",0,"0","0","0","Demographic","Demographic","","","0","raw","raw","TRUE","count demog","raw","0","","","sum of counts","2","0","FALSE","FALSE","FALSE","","Persons with Disability","Count of Persons with Disability","Count of Persons with Disability","Persons with disabilities","Persons_with_Disability","Persons with Disabilities","Persons with Disabilities","","221","BOTTOM PART OF community report vs seemingly same stat near top of report is a bit different","","","","","DISABILITY","","disability","DISABILITY"
"340","018923999","0189165","0","1","1","no oldname but should be","","","DISAB_UNIVERSE","ACSDISABBAS","disab_universe","23","pctdisability","","89","names_health_count","0","0",0,0,"0",0,"0","0","0","Demographic","Demographic","","","0","raw","raw","TRUE","count demog","raw","0","","","sum of counts","","0","FALSE","FALSE","FALSE","","Civ.noninst.pop","Civilian noninstitutionalized population (denominator for % disability)","Civilian noninstitutionalized population (denominator for % disability)","Disability base--civilian non-institutionalized population","Civilian_noninstitutionalized_population","","","","999","","","","","","ACSDISABBAS","","disab_universe","ACSDISABBAS"
"341","019700262","0197999","1","0","0","api","YESNO_HOUSEBURDEN","","","","yesno_houseburden","0","","","97","names_criticalservice","0","0",0,0,"0",0,"0","0","0","other","Demographic","","","0","raw","raw","TRUE","misc","misc","","","","flag","","","FALSE","FALSE","FALSE","","Overlaps Housing Burden Community","Flag for Overlapping with Housing Burden Communities","Flag for Overlapping with Housing Burden Communities","","","Flag for Overlapping with Housing Burden Communities","Housing Burden","","262","fixed apitype2.2 to Critical Service Gaps Indicator","No","","","","","YESNO_HOUSEBURDEN","yesno_houseburden",""
"343","019700264","0197000","1","0","0","api","YESNO_FOODDESERT","","","","yesno_fooddesert","0","","","97","names_criticalservice","0","0",0,0,"0",0,"0","0","0","other","Demographic","","","0","raw","raw","TRUE","misc","misc","","","","flag","","","FALSE","FALSE","FALSE","","Overlaps Food Desert","Flag for Overlapping with Food Desert Areas","Flag for Overlapping with Food Desert Areas","0","","Flag for Overlapping with Food Desert Areas","Food Desert","","264","fixed apitype2.2 to Critical Service Gaps Indicator","No","","","","","YESNO_FOODDESERT","yesno_fooddesert",""
"344","019799252","0197999","1","1","0","api","RAW_CG_LIMITEDBBPCT","","PCT_LIMITEDBB","","pctnobroadband","99","pctnobroadband","","97","names_criticalservice","0","0",0,0,"0",0,"0","0","0","other","Demographic","","","0","raw","raw","TRUE","","","1","","broadband_universe","wtdmean","2","0","FALSE","TRUE","TRUE","","% hhlds without Broadband Internet","% Households without Broadband Internet","% Households without Broadband Internet","","","Households without Broadband Internet","Broadband Internet","","252","","20%","","","","","RAW_CG_LIMITEDBBPCT","pctnobroadband",""
"637","019799253","0197999","1","0","0","api","ACSNOHINCBAS","","","","healthinsurance_universe","99","pctnohealthinsurance","","97","names_criticalservice_count","","0",0,0,"0",0,"0","0","0","other","Demographic","","","0","raw","raw","TRUE","","","0","0","","sum of counts","","0","FALSE","FALSE","FALSE","count","health insurance universe","Civilian noninstitutionalized population for health insurance coverage status","Civilian noninstitutionalized population for health insurance coverage status","","Civilian_noninstitutionalized_population_for_health_insurance_coverage_status","","","","999","","","","","","","","healthinsurance_universe",""
"345","019799253","0197999","1","0","0","api","RAW_CG_NOHINCPCT","","PCT_NO_HEALTH_INSURANCE","","pctnohealthinsurance","99","pctnohealthinsurance","","97","names_criticalservice","0","0",0,0,"0",0,"0","0","0","other","Demographic","","","0","raw","raw","TRUE","","","1","","healthinsurance_universe","wtdmean","2","0","TRUE","TRUE","TRUE","","% without health insurance","% People without Health Insurance","% People without Health Insurance","0","Pct_Civilian_noninstitutionalized_population_without_health_insurance_coverage","Households without Health Insurance","Lack of Health Insurance","","253","","13%","","","","","RAW_CG_NOHINCPCT","pctnohealthinsurance",""
"342","019799263","0197999","1","0","0","api","YESNO_TRANSDIS","","","","yesno_transdis","99","","","97","names_criticalservice","0","0",0,0,"0",0,"0","0","0","other","Demographic","","","0","raw","raw","TRUE","misc","misc","","","","flag","","","FALSE","FALSE","FALSE","","Overlaps Transportation Disadvantaged","Flag for Overlapping with Transportation Disadvantaged Communities","Flag for Overlapping with Transportation Disadvantaged Communities","0","","Flag for Overlapping with Transportation Disadvantaged Communities","Transportation Access","","263","fixed apitype2.2 to Critical Service Gaps Indicator","Yes","","","","","YESNO_TRANSDIS","yesno_transdis",""
"346","019925999","0199217","1","0","0","api","RAW_HI_LIFEEXP","","","","lifexyears_synonym","25","lowlifex","","99","names_misc","0","0",0,0,"0",0,"0","0","0","other","Demographic","","","0","raw","raw","TRUE","","","0","","pop","wtdmean","3","1","FALSE","FALSE","FALSE","","Life Expectancy in Years","Life Expectancy in Years","Life Expectancy in Years","","","Low Life Expectancy","","","999","","79.400000000000006","","","","","RAW_HI_LIFEEXP","lifexyears_synonym",""
"347","019925999","0199217","1","0","0","api","S_HI_LIFEEXPPCT_PCTILE","","","","state.pctile.lowlifex_synonym","25","lowlifex","","99","names_misc","0","1",1,0,"0",0,"0","0","0","Demographic","Demographic","State","state","3","statepctile","pctile","TRUE","percentile","pctile","","","","lookedup","2","0","FALSE","FALSE","FALSE","","State%ile %Low life expectancy","State percentile for % with Low Life Expectancy","State percentile for % with Low Life Expectancy","0","","State Percentile of Percent of Low Life Expectancy","","","999","","","","","","","S_HI_LIFEEXPPCT_PCTILE","state.pctile.lowlifex_synonym",""
"601","0310499203","03104999","1","0","1","api","NUM_NPL","","","NPL_CNT","count.NPL","99","","count.NPL","104","names_sitesinarea","0","0",0,0,"0",0,"0","0","0","other","Environmental","","","0","raw","raw","TRUE","misc","raw","","","","sum of counts","","0","FALSE","FALSE","FALSE","","NPL site count","Count of National Priority List Superfund sites","Count of National Priority List Superfund sites","Number of Superfund facilities in the block group","","Number of Superfund Sites within the Area of Interest","Superfund","","203","","0","0","NPL_CNT","","NPL_CNT","NUM_NPL","count.NPL","NPL_CNT"
"348","035901096","0359096","1","0","1","api","RAW_E_PM25","","","PM25","pm","1","pm","pm","59","names_e","0","0",0,0,"0",0,"0","0","0","Environmental","Environmental","","","0","raw","raw","TRUE","raw data for indicator","raw","","","pop","wtdmean","NA","2","FALSE","FALSE","FALSE","(µg/m3)","PM2.5","Particulate Matter (PM 2.5 in ug/m3)","Particulate Matter (PM 2.5 in ug/m3)","Particulate Matter 2.5","","Particulate Matter","Particulate Matter 2.5 (µg/m3)","Particulate Matter 2.5 (µg/m3)","96","","6.13","9.693224","PM25","FALSE","PM25","RAW_E_PM25","pm","PM25"
"349","035902097","0359097","1","0","1","api","RAW_E_O3","","","OZONE","o3","2","o3","o3","59","names_e","0","0",0,0,"0",0,"0","0","0","Environmental","Environmental","","","0","raw","raw","TRUE","raw data for indicator","raw","","","pop","wtdmean","NA","1","FALSE","FALSE","FALSE","(ppb)","Ozone","Ozone (ppb)","Ozone (ppb)","Ozone","","Ozone","Ozone (ppb)","Ozone (ppb)","97","","58.2","59.94949","OZONE","FALSE","OZONE","RAW_E_O3","o3","OZONE"
"350","035903098","0359098","0","0","1","csv","NO2","","","NO2","no2","3","no2","","59","names_e","0","0",0,0,"0",0,"0","0","0","Environmental","Environmental","Nation","us","1","raw","raw","TRUE","raw data for indicator","raw","","","pop","wtdmean","3","1","FALSE","FALSE","FALSE","(ppbv)","NO2","Nitrogen Dioxide (NO2)","Nitrogen Dioxide (NO2)","Nitrogen Dioxide (NO2)","","Nitrogen Dioxide (NO2)","Nitrogen Dioxide (NO2) (ppbv)","Nitrogen Dioxide (NO2) (ppbv)","98","","","","","","NO2","RAW_E_NO2","no2","NO2"
"351","035904099","0359099","1","0","1","api","RAW_E_DIESEL","","","DSLPM","dpm","4","dpm","dpm","59","names_e","0","0",0,0,"0",0,"0","0","0","Environmental","Environmental","","","0","raw","raw","TRUE","raw data for indicator","raw","","","pop","wtdmean","NA","3","FALSE","FALSE","FALSE","(µg/m3)","Diesel PM","Diesel Particulate Matter (ug/m3)","Diesel Particulate Matter (ug/m3)","Diesel particulate matter","","Diesel Particulate Matter","Diesel Particulate Matter (µg/m3)","Diesel Particulate Matter (µg/m3)","99","","4.1300000000000003E-2","0.1614495","DSLPM","FALSE","DSLPM","RAW_E_DIESEL","dpm","DSLPM"
"352","035905101","0359101","1","0","1","api","RAW_E_RSEI_AIR","","","RSEI_AIR","rsei","5","rsei","rsei","59","names_e","0","0",0,0,"0",0,"0","0","0","Environmental","Environmental","","","0","raw","raw","TRUE","raw data for indicator","raw","","","pop","wtdmean","2","0","FALSE","FALSE","FALSE","(toxicity-weighted concentration)","Toxic Releases to Air","Toxic Releases to Air","Toxic Releases to Air","Toxic Releases to Air","","Toxic Releases to Air","Toxic Releases to Air (toxicity-weighted concentration)","Toxic Releases to Air (toxicity-weighted concentration)","101","","0.96","1343.228","RSEI_AIR","","RSEI_AIR","RAW_E_RSEI_AIR","rsei","RSEI_AIR"
"353","035906102","0359102","1","0","1","api","RAW_E_TRAFFIC","","","PTRAF","traffic.score","6","traffic.score","traffic.score","59","names_e","0","0",0,0,"0",0,"0","0","0","Environmental","Environmental","","","0","raw","raw","TRUE","raw data for indicator","raw","","","pop","wtdmean","2","0","FALSE","FALSE","FALSE","(daily traffic count/distance to road)","Traffic","Traffic Proximity and Volume (daily traffic count/distance to road)","Traffic Proximity and Volume (daily traffic count/distance to road)","Traffic proximity","","Traffic Proximity","Traffic Proximity and Volume (daily traffic count/distance to road)","Traffic Proximity and Volume (daily traffic count/distance to road)","102","","0.56000000000000005","32.92619","PTRAF","FALSE","PTRAF","RAW_E_TRAFFIC","traffic.score","PTRAF"
"354","035907103","0359103","1","0","1","api","RAW_E_LEAD","","","PRE1960PCT","pctpre1960","7","pctpre1960","pctpre1960","59","names_e","0","0",0,0,"0",0,"0","0","0","Environmental","Environmental","","","0","raw","raw","TRUE","raw data for indicator","raw","1","","builtunits","wtdmean","NA","2","FALSE","TRUE","TRUE","(% Pre-1960 Housing)","%pre-1960","Lead Paint Indicator (% pre-1960s housing)","Lead Paint Indicator (% pre-1960s housing)","Lead Paint","","Lead Paint","Lead Paint (% Pre-1960 Housing)","Lead Paint (% Pre-1960 Housing)","103","","0.64","0.2574627","PRE1960PCT","FALSE","PRE1960PCT","RAW_E_LEAD","pctpre1960","PRE1960PCT"
"355","035908104","0359104","1","0","1","api","RAW_E_NPL","","","PNPL","proximity.npl","8","proximity.npl","proximity.npl","59","names_e","0","0",0,0,"0",0,"0","0","0","Environmental","Environmental","","","0","raw","raw","TRUE","raw data for indicator","raw","","","pop","wtdmean","NA","2","FALSE","FALSE","FALSE","(site count/km distance)","NPL","Superfund Proximity (site count/km distance)","Superfund Proximity (site count/km distance)","Superfund proximity","","Superfund Proximity","Superfund Proximity (site count/km distance)","Superfund Proximity (site count/km distance)","104","","1.9E-2","0.07116519","PNPL","FALSE","PNPL","RAW_E_NPL","proximity.npl","PNPL"
"356","035909105","0359105","1","0","1","api","RAW_E_RMP","","","PRMP","proximity.rmp","9","proximity.rmp","proximity.rmp","59","names_e","0","0",0,0,"0",0,"0","0","0","Environmental","Environmental","","","0","raw","raw","TRUE","raw data for indicator","raw","","","pop","wtdmean","NA","2","FALSE","FALSE","FALSE","(facility count/km distance)","RMP","RMP Proximity (facility count/km distance)","RMP Proximity (facility count/km distance)","RMP facility proximity","","RMP Facility Proximity","RMP Facility Proximity (facility count/km distance)","RMP Facility Proximity (facility count/km distance)","105","","6.9000000000000006E-2","0.08557729","PRMP","FALSE","PRMP","RAW_E_RMP","proximity.rmp","PRMP"
"357","035910106","0359106","1","0","1","api","RAW_E_TSDF","","","PTSDF","proximity.tsdf","10","proximity.tsdf","proximity.tsdf","59","names_e","0","0",0,0,"0",0,"0","0","0","Environmental","Environmental","","","0","raw","raw","TRUE","raw data for indicator","raw","","","pop","wtdmean","NA","1","FALSE","FALSE","FALSE","(facility count/km distance)","TSDF","Hazardous Waste Proximity (facility count/km distance)","Hazardous Waste Proximity (facility count/km distance)","Hazardous waste proximity","","Hazardous Waste Proximity","Hazardous Waste Proximity (facility count/km distance)","Hazardous Waste Proximity (facility count/km distance)","106","","1.4E-2","0.06570527","PTSDF","FALSE","PTSDF","RAW_E_TSDF","proximity.tsdf","PTSDF"
"358","035911107","0359107","1","0","1","api","RAW_E_UST","","","UST","ust","11","ust","ust","59","names_e","0","0",0,0,"0",0,"0","0","0","Environmental","Environmental","","","0","raw","raw","TRUE","raw data for indicator","raw","","","pop","wtdmean","NA","1","FALSE","FALSE","FALSE","(count/km2)","UST","Underground Storage Tanks (UST) indicator","Underground Storage Tanks (UST) indicator","Underground storage tanks","","Underground Storage Tanks","Underground Storage Tanks (UST) (count/km2)","Underground Storage Tanks (UST) (count/km2)","107","","2E-3","1.020918","UST","FALSE","UST","RAW_E_UST","ust","UST"
"359","035912108","0359108","1","0","1","api","RAW_E_NPDES","","","PWDIS","proximity.npdes","12","proximity.npdes","proximity.npdes","59","names_e","0","0",0,0,"0",0,"0","0","0","Environmental","Environmental","","","0","raw","raw","TRUE","raw data for indicator","raw","","","pop","wtdmean","2","0","FALSE","FALSE","FALSE","(toxicity-weighted concentration/m distance)","NPDES","Wastewater Discharge Indicator (toxicity-weighted concentration/distance)","Wastewater Discharge Indicator (toxicity-weighted concentration/distance)","Wastewater discharge","","Wastewater Discharge","Wastewater Discharge (toxicity-weighted concentration/m distance)","Wastewater Discharge (toxicity-weighted concentration/m distance)","108","","2.4000000000000001E-4","0.1098278","PWDIS","FALSE","PWDIS","RAW_E_NPDES","proximity.npdes","PWDIS"
"360","035913109","0359109","0","0","1","csv","DWATER","","","DWATER","drinking","13","drinking","","59","names_e","0","0",0,0,"0",0,"0","0","0","Environmental","Environmental","Nation","us","1","raw","raw","TRUE","raw data for indicator","raw","","","pop","wtdmean","1","1","FALSE","FALSE","FALSE","(points)","Drinking","Drinking Water Non-Compliance","Drinking Water Non-Compliance","Drinking Water Non-Compliance","","Drinking Water Non-Compliance (points)","Drinking Water Non-Compliance (points)","Drinking Water Non-Compliance (points)","109","","","","","","DWATER","RAW_E_DWATER","drinking","DWATER"
"361","036001999","0360096","0","0","0","","","","","","ratio.to.avg.pm","1","pm","pm","60","names_e_ratio_to_avg","1","0",0,0,"1",0,"0","0","0","Environmental","Environmental","Nation","us","1","usratio","ratio","TRUE","ratio","ratio","","","","ratio to avg","2","1","FALSE","FALSE","FALSE","","Ratio to US avg PM2.5","Ratio to US avg Particulate Matter","Ratio to US avg Particulate Matter","0","","","","","999","","","","","FALSE","","","ratio.to.avg.pm",""
"362","036002999","0360097","0","0","0","","","","","","ratio.to.avg.o3","2","o3","o3","60","names_e_ratio_to_avg","1","0",0,0,"1",0,"0","0","0","Environmental","Environmental","Nation","us","1","usratio","ratio","TRUE","ratio","ratio","","","","ratio to avg","2","1","FALSE","FALSE","FALSE","","Ratio to US avg Ozone","Ratio to US avg Ozone","Ratio to US avg Ozone","","","","","","999","","","","","FALSE","","","ratio.to.avg.o3",""
"363","036003999","0360098","0","0","0","","","","","","ratio.to.avg.no2","3","no2","","60","names_e_ratio_to_avg","1","0",0,0,"1",0,"0","0","0","Environmental","Environmental","Nation","us","1","usratio","ratio","TRUE","ratio","ratio","","","","ratio to avg","2","1","FALSE","FALSE","FALSE","","Ratio to US avg NO2","Ratio to US avg Nitrogen Dioxide (NO2)","Ratio to US avg Nitrogen Dioxide (NO2)","0","","","","","999","","","","","","","","ratio.to.avg.no2",""
"364","036004999","0360099","0","0","0","","","","","","ratio.to.avg.dpm","4","dpm","dpm","60","names_e_ratio_to_avg","1","0",0,0,"1",0,"0","0","0","Environmental","Environmental","Nation","us","1","usratio","ratio","TRUE","ratio","ratio","","","","ratio to avg","2","1","FALSE","FALSE","FALSE","","Ratio to US avg Diesel PM","Ratio to US avg Diesel Particulate Matter","Ratio to US avg Diesel Particulate Matter","0","","","","","999","","","","","FALSE","","","ratio.to.avg.dpm",""
"365","036005999","0360101","0","0","0","","","","","","ratio.to.avg.rsei","5","rsei","rsei","60","names_e_ratio_to_avg","1","0",0,0,"1",0,"0","0","0","Environmental","Environmental","Nation","us","1","usratio","ratio","TRUE","ratio","ratio","","","","ratio to avg","2","1","FALSE","FALSE","FALSE","","Ratio to US avg Toxic Releases to Air","Ratio to US avg Toxic Releases to Air","Ratio to US avg Toxic Releases to Air","0","","0","","","999","","","","","","","","ratio.to.avg.rsei",""
"366","036006999","0360102","0","0","0","","","","","","ratio.to.avg.traffic.score","6","traffic.score","traffic.score","60","names_e_ratio_to_avg","1","0",0,0,"1",0,"0","0","0","Environmental","Environmental","Nation","us","1","usratio","ratio","TRUE","ratio","ratio","","","","ratio to avg","2","1","FALSE","FALSE","FALSE","","Ratio to US avg Traffic","Ratio to US avg Traffic Proximity and Volume","Ratio to US avg Traffic Proximity and Volume","0","","","","","999","","","","","FALSE","","","ratio.to.avg.traffic.score",""
"367","036007999","0360103","0","0","0","","","","","","ratio.to.avg.pctpre1960","7","pctpre1960","pctpre1960","60","names_e_ratio_to_avg","1","0",0,0,"1",0,"0","0","0","Environmental","Environmental","Nation","us","1","usratio","ratio","TRUE","ratio","ratio","","","","ratio to avg","2","1","FALSE","FALSE","FALSE","","Ratio to US avg %pre-1960","Ratio to US avg Lead Paint Indicator","Ratio to US avg Lead Paint Indicator","","","","","","999","","","","","FALSE","","","ratio.to.avg.pctpre1960",""
"368","036008999","0360104","0","0","0","","","","","","ratio.to.avg.proximity.npl","8","proximity.npl","proximity.npl","60","names_e_ratio_to_avg","1","0",0,0,"1",0,"0","0","0","Environmental","Environmental","Nation","us","1","usratio","ratio","TRUE","ratio","ratio","","","","ratio to avg","2","1","FALSE","FALSE","FALSE","","Ratio to US avg NPL","Ratio to US avg Superfund Proximity","Ratio to US avg Superfund Proximity","","","","","","999","","","","","FALSE","","","ratio.to.avg.proximity.npl",""
"369","036009999","0360105","0","0","0","","","","","","ratio.to.avg.proximity.rmp","9","proximity.rmp","proximity.rmp","60","names_e_ratio_to_avg","1","0",0,0,"1",0,"0","0","0","Environmental","Environmental","Nation","us","1","usratio","ratio","TRUE","ratio","ratio","","","","ratio to avg","2","1","FALSE","FALSE","FALSE","","Ratio to US avg RMP","Ratio to US avg RMP Proximity","Ratio to US avg RMP Proximity","","","","","","999","","","","","FALSE","","","ratio.to.avg.proximity.rmp",""
"370","036010999","0360106","0","0","0","","","","","","ratio.to.avg.proximity.tsdf","10","proximity.tsdf","proximity.tsdf","60","names_e_ratio_to_avg","1","0",0,0,"1",0,"0","0","0","Environmental","Environmental","Nation","us","1","usratio","ratio","TRUE","ratio","ratio","","","","ratio to avg","2","1","FALSE","FALSE","FALSE","","Ratio to US avg TSDF","Ratio to US avg Hazardous Waste Proximity","Ratio to US avg Hazardous Waste Proximity","","","","","","999","","","","","FALSE","","","ratio.to.avg.proximity.tsdf",""
"371","036011999","0360107","0","0","0","","","","","","ratio.to.avg.ust","11","ust","ust","60","names_e_ratio_to_avg","1","0",0,0,"1",0,"0","0","0","Environmental","Environmental","Nation","us","1","usratio","ratio","TRUE","ratio","ratio","","","","ratio to avg","2","1","FALSE","FALSE","FALSE","","Ratio to US avg UST","Ratio to US avg Underground Storage Tanks indicator","Ratio to US avg Underground Storage Tanks indicator","","","0","","","999","","","","","FALSE","","","ratio.to.avg.ust",""
"372","036012999","0360108","0","0","0","","","","","","ratio.to.avg.proximity.npdes","12","proximity.npdes","proximity.npdes","60","names_e_ratio_to_avg","1","0",0,0,"1",0,"0","0","0","Environmental","Environmental","Nation","us","1","usratio","ratio","TRUE","ratio","ratio","","","","ratio to avg","2","1","FALSE","FALSE","FALSE","","Ratio to US avg NPDES","Ratio to US avg Wastewater Discharge Indicator","Ratio to US avg Wastewater Discharge Indicator","","","0","","","999","","","","","FALSE","","","ratio.to.avg.proximity.npdes",""
"373","036013999","0360109","0","0","0","","","","","","ratio.to.avg.drinking","13","drinking","","60","names_e_ratio_to_avg","1","0",0,0,"1",0,"0","0","0","Environmental","Environmental","Nation","us","1","usratio","ratio","TRUE","ratio","ratio","","","","ratio to avg","2","1","FALSE","FALSE","FALSE","","Ratio to US avg Drinking","Ratio to US avg Drinking Water Non-Compliance","Ratio to US avg Drinking Water Non-Compliance","","","","","","999","","","","","","","","ratio.to.avg.drinking",""
"374","036101999","0361096","0","0","0","","","","","","ratio.to.state.avg.pm","1","pm","pm","61","names_e_ratio_to_state_avg","1","1",0,0,"1",0,"0","0","0","Environmental","Environmental","State","state","3","stateratio","ratio","TRUE","ratio","ratio","","","","ratio to avg","2","1","FALSE","FALSE","FALSE","","Ratio to State avg PM2.5","Ratio to State avg Particulate Matter","Ratio to State avg Particulate Matter","","","","","","999","","","","","FALSE","","","ratio.to.state.avg.pm",""
"375","036102999","0361097","0","0","0","","","","","","ratio.to.state.avg.o3","2","o3","o3","61","names_e_ratio_to_state_avg","1","1",0,0,"1",0,"0","0","0","Environmental","Environmental","State","state","3","stateratio","ratio","TRUE","ratio","ratio","","","","ratio to avg","2","1","FALSE","FALSE","FALSE","","Ratio to State avg Ozone","Ratio to State avg Ozone","Ratio to State avg Ozone","","","","","","999","","","","","FALSE","","","ratio.to.state.avg.o3",""
"376","036103999","0361098","0","0","0","","","","","","ratio.to.state.avg.no2","3","no2","","61","names_e_ratio_to_state_avg","1","1",0,0,"1",0,"0","0","0","Environmental","Environmental","State","state","3","stateratio","ratio","TRUE","ratio","ratio","","","","ratio to avg","2","1","FALSE","FALSE","FALSE","","Ratio to State avg NO2","Ratio to State avg Nitrogen Dioxide (NO2)","Ratio to State avg Nitrogen Dioxide (NO2)","0","","","","","999","","","","","","","","ratio.to.state.avg.no2",""
"377","036104999","0361099","0","0","0","","","","","","ratio.to.state.avg.dpm","4","dpm","dpm","61","names_e_ratio_to_state_avg","1","1",0,0,"1",0,"0","0","0","Environmental","Environmental","State","state","3","stateratio","ratio","TRUE","ratio","ratio","","","","ratio to avg","2","1","FALSE","FALSE","FALSE","","Ratio to State avg Diesel PM","Ratio to State avg Diesel Particulate Matter","Ratio to State avg Diesel Particulate Matter","0","","","","","999","","","","","FALSE","","","ratio.to.state.avg.dpm",""
"378","036105999","0361101","0","0","0","","","","","","ratio.to.state.avg.rsei","5","rsei","rsei","61","names_e_ratio_to_state_avg","1","1",0,0,"1",0,"0","0","0","Environmental","Environmental","State","state","3","stateratio","ratio","TRUE","ratio","ratio","","","","ratio to avg","2","1","FALSE","FALSE","FALSE","","Ratio to State avg Toxic Releases to Air","Ratio to State avg Toxic Releases to Air","Ratio to State avg Toxic Releases to Air","","","","","","999","","","","","","","","ratio.to.state.avg.rsei",""
"379","036106999","0361102","0","0","0","","","","","","ratio.to.state.avg.traffic.score","6","traffic.score","traffic.score","61","names_e_ratio_to_state_avg","1","1",0,0,"1",0,"0","0","0","Environmental","Environmental","State","state","3","stateratio","ratio","TRUE","ratio","ratio","","","","ratio to avg","2","1","FALSE","FALSE","FALSE","","Ratio to State avg Traffic","Ratio to State avg Traffic Proximity and Volume","Ratio to State avg Traffic Proximity and Volume","0","","","","","999","","","","","FALSE","","","ratio.to.state.avg.traffic.score",""
"380","036107999","0361103","0","0","0","","","","","","ratio.to.state.avg.pctpre1960","7","pctpre1960","pctpre1960","61","names_e_ratio_to_state_avg","1","1",0,0,"1",0,"0","0","0","Environmental","Environmental","State","state","3","stateratio","ratio","TRUE","ratio","ratio","","","","ratio to avg","2","1","FALSE","FALSE","FALSE","","Ratio to State avg %pre-1960","Ratio to State avg Lead Paint Indicator","Ratio to State avg Lead Paint Indicator","0","","","","","999","","","","","FALSE","","","ratio.to.state.avg.pctpre1960",""
"381","036108999","0361104","0","0","0","","","","","","ratio.to.state.avg.proximity.npl","8","proximity.npl","proximity.npl","61","names_e_ratio_to_state_avg","1","1",0,0,"1",0,"0","0","0","Environmental","Environmental","State","state","3","stateratio","ratio","TRUE","ratio","ratio","","","","ratio to avg","2","1","FALSE","FALSE","FALSE","","Ratio to State avg NPL","Ratio to State avg Superfund Proximity","Ratio to State avg Superfund Proximity","0","","","","","999","","","","","FALSE","","","ratio.to.state.avg.proximity.npl",""
"382","036109999","0361105","0","0","0","","","","","","ratio.to.state.avg.proximity.rmp","9","proximity.rmp","proximity.rmp","61","names_e_ratio_to_state_avg","1","1",0,0,"1",0,"0","0","0","Environmental","Environmental","State","state","3","stateratio","ratio","TRUE","ratio","ratio","","","","ratio to avg","2","1","FALSE","FALSE","FALSE","","Ratio to State avg RMP","Ratio to State avg RMP Proximity","Ratio to State avg RMP Proximity","0","","","","","999","","","","","FALSE","","","ratio.to.state.avg.proximity.rmp",""
"383","036110999","0361106","0","0","0","","","","","","ratio.to.state.avg.proximity.tsdf","10","proximity.tsdf","proximity.tsdf","61","names_e_ratio_to_state_avg","1","1",0,0,"1",0,"0","0","0","Environmental","Environmental","State","state","3","stateratio","ratio","TRUE","ratio","ratio","","","","ratio to avg","2","1","FALSE","FALSE","FALSE","","Ratio to State avg TSDF","Ratio to State avg Hazardous Waste Proximity","Ratio to State avg Hazardous Waste Proximity","","","","","","999","","","","","FALSE","","","ratio.to.state.avg.proximity.tsdf",""
"384","036111999","0361107","0","0","0","","","","","","ratio.to.state.avg.ust","11","ust","ust","61","names_e_ratio_to_state_avg","1","1",0,0,"1",0,"0","0","0","Environmental","Environmental","State","state","3","stateratio","ratio","TRUE","ratio","ratio","","","","ratio to avg","2","1","FALSE","FALSE","FALSE","","Ratio to State avg UST","Ratio to State avg Underground Storage Tanks indicator","Ratio to State avg Underground Storage Tanks indicator","","","","","","999","","","","","FALSE","","","ratio.to.state.avg.ust",""
"385","036112999","0361108","0","0","0","","","","","","ratio.to.state.avg.proximity.npdes","12","proximity.npdes","proximity.npdes","61","names_e_ratio_to_state_avg","1","1",0,0,"1",0,"0","0","0","Environmental","Environmental","State","state","3","stateratio","ratio","TRUE","ratio","ratio","","","","ratio to avg","2","1","FALSE","FALSE","FALSE","","Ratio to State avg NPDES","Ratio to State avg Wastewater Discharge Indicator","Ratio to State avg Wastewater Discharge Indicator","","","0","","","999","","","","","FALSE","","","ratio.to.state.avg.proximity.npdes",""
"386","036113999","0361109","0","0","0","","","","","","ratio.to.state.avg.drinking","13","drinking","","61","names_e_ratio_to_state_avg","1","1",0,0,"1",0,"0","0","0","Environmental","Environmental","State","state","3","stateratio","ratio","TRUE","ratio","ratio","","","","ratio to avg","2","1","FALSE","FALSE","FALSE","","Ratio to State avg Drinking","Ratio to State avg Drinking Water Non-Compliance","Ratio to State avg Drinking Water Non-Compliance","","","","","","999","","","","","","","","ratio.to.state.avg.drinking",""
"387","036201149","0362096","1","0","1","api","N_E_PM25_PER","","","P_PM25","pctile.pm","1","pm","pm","62","names_e_pctile","0","0",1,0,"0",0,"0","0","0","Environmental","Environmental","Nation","us","1","uspctile","pctile","TRUE","percentile","pctile","","","","lookedup","2","0","FALSE","FALSE","FALSE","","US%ile PM2.5","US percentile for Particulate Matter (PM 2.5 in ug/m3)","US percentile for Particulate Matter (PM 2.5 in ug/m3)","Percentile for Particulate Matter 2.5","","National Percentile of Particulate Matter","Particulate Matter (μg/m3)","","149","","9","86","P_PM25","FALSE","P_PM25","N_E_PM25_PER","pctile.pm","P_PM25"
"388","036202150","0362097","1","0","1","api","N_E_O3_PER","","","P_OZONE","pctile.o3","2","o3","o3","62","names_e_pctile","0","0",1,0,"0",0,"0","0","0","Environmental","Environmental","Nation","us","1","uspctile","pctile","TRUE","percentile","pctile","","","","lookedup","2","0","FALSE","FALSE","FALSE","","US%ile Ozone","US percentile for Ozone (ppb)","US percentile for Ozone (ppb)","Percentile for Ozone","","National Percentile of Ozone","Ozone (ppb)","","150","","25","40","P_OZONE","FALSE","P_OZONE","N_E_O3_PER","pctile.o3","P_OZONE"
"389","036203151","0362098","1","0","1","csv","P_NO2","","","P_NO2","pctile.no2","3","no2","","62","names_e_pctile","0","0",1,0,"0",0,"0","0","0","Environmental","Environmental","Nation","us","1","uspctile","pctile","TRUE","percentile","pctile","","","","lookedup","2","0","FALSE","FALSE","FALSE","","US%ile NO2","US percentile for Nitrogen Dioxide (NO2)","US percentile for Nitrogen Dioxide (NO2)","Percentile for Nitrogen Dioxide (NO2)","","National Percentile of Nitrogen Dioxide (NO2)","","","151","","","","","","P_NO2","N_E_NO2_PER","pctile.no2","P_NO2"
"390","036204152","0362099","1","0","1","api","N_E_DIESEL_PER","","","P_DSLPM","pctile.dpm","4","dpm","dpm","62","names_e_pctile","0","0",1,0,"0",0,"0","0","0","Environmental","Environmental","Nation","us","1","uspctile","pctile","TRUE","percentile","pctile","","","","lookedup","2","0","FALSE","FALSE","FALSE","","US%ile Diesel PM","US percentile for Diesel Particulate Matter (ug/m3)","US percentile for Diesel Particulate Matter (ug/m3)","Percentile for  Diesel particulate matter","","National Percentile of Diesel Particulate Matter","Diesel Particulate Matter (μg/m3)","","152","","3","34","P_DSLPM","FALSE","P_DSLPM","N_E_DIESEL_PER","pctile.dpm","P_DSLPM"
"391","036205153","0362101","1","0","1","api","N_E_RSEI_AIR_PER","","","P_RSEI_AIR","pctile.rsei","5","rsei","rsei","62","names_e_pctile","0","0",1,0,"0",0,"0","0","0","Environmental","Environmental","Nation","us","1","uspctile","pctile","TRUE","percentile","pctile","","","","lookedup","2","0","FALSE","FALSE","FALSE","","US%ile Toxic Releases to Air","US percentile for Toxic Releases to Air","US percentile for Toxic Releases to Air","Percentile for Toxic Releases to Air","","National Percentile of Toxic Releases to Air","Toxic Releases to Air","","153","","4","65","P_RSEI_AIR","","P_RSEI_AIR","N_E_RSEI_AIR_PER","pctile.rsei","P_RSEI_AIR"
"392","036206154","0362102","1","0","1","api","N_E_TRAFFIC_PER","","","P_PTRAF","pctile.traffic.score","6","traffic.score","traffic.score","62","names_e_pctile","0","0",1,0,"0",0,"0","0","0","Environmental","Environmental","Nation","us","1","uspctile","pctile","TRUE","percentile","pctile","","","","lookedup","2","0","FALSE","FALSE","FALSE","","US%ile Traffic","US percentile for Traffic Proximity and Volume (daily traffic count/distance to road)","US percentile for Traffic Proximity and Volume (daily traffic count/distance to road)","Percentile for Traffic proximity","","National Percentile of Traffic Proximity","Traffic Proximity (daily traffic count/distance to road)","","154","","2","32","P_PTRAF","FALSE","P_PTRAF","N_E_TRAFFIC_PER","pctile.traffic.score","P_PTRAF"
"393","036207155","0362103","1","0","1","api","N_E_LEAD_PER","","","P_LDPNT","pctile.pctpre1960","7","pctpre1960","pctpre1960","62","names_e_pctile","0","0",1,0,"0",0,"0","0","0","Environmental","Environmental","Nation","us","1","uspctile","pctile","TRUE","percentile","pctile","","","","lookedup","2","0","FALSE","FALSE","FALSE","","US%ile %pre-1960","US percentile for Lead Paint Indicator (% pre-1960s housing)","US percentile for Lead Paint Indicator (% pre-1960s housing)","Percentile for Lead paint","","National Percentile of Lead Paint","Lead Paint (% Pre-1960 Housing)","","155","","82","54","P_LDPNT","FALSE","P_LDPNT","N_E_LEAD_PER","pctile.pctpre1960","P_LDPNT"
"394","036208156","0362104","1","0","1","api","N_E_NPL_PER","","","P_PNPL","pctile.proximity.npl","8","proximity.npl","proximity.npl","62","names_e_pctile","0","0",1,0,"0",0,"0","0","0","Environmental","Environmental","Nation","us","1","uspctile","pctile","TRUE","percentile","pctile","","","","lookedup","2","0","FALSE","FALSE","FALSE","","US%ile NPL","US percentile for Superfund Proximity (site count/km distance)","US percentile for Superfund Proximity (site count/km distance)","Percentile for Superfund proximity","","National Percentile of Superfund Proximity","Superfund Proximity (site count/km distance)","","156","","16","55","P_PNPL","FALSE","P_PNPL","N_E_NPL_PER","pctile.proximity.npl","P_PNPL"
"395","036209157","0362105","1","0","1","api","N_E_RMP_PER","","","P_PRMP","pctile.proximity.rmp","9","proximity.rmp","proximity.rmp","62","names_e_pctile","0","0",1,0,"0",0,"0","0","0","Environmental","Environmental","Nation","us","1","uspctile","pctile","TRUE","percentile","pctile","","","","lookedup","2","0","FALSE","FALSE","FALSE","","US%ile RMP","US percentile for RMP Proximity (facility count/km distance)","US percentile for RMP Proximity (facility count/km distance)","Percentile for RMP facility proximity","","National Percentile of RMP Facility Proximity","RMP Facility Proximity (facility count/km distance)","","157","","17","24","P_PRMP","FALSE","P_PRMP","N_E_RMP_PER","pctile.proximity.rmp","P_PRMP"
"396","036210158","0362106","1","0","1","api","N_E_TSDF_PER","","","P_PTSDF","pctile.proximity.tsdf","10","proximity.tsdf","proximity.tsdf","62","names_e_pctile","0","0",1,0,"0",0,"0","0","0","Environmental","Environmental","Nation","us","1","uspctile","pctile","TRUE","percentile","pctile","","","","lookedup","2","0","FALSE","FALSE","FALSE","","US%ile TSDF","US percentile for Hazardous Waste Proximity (facility count/km distance)","US percentile for Hazardous Waste Proximity (facility count/km distance)","Percentile for Hazardous waste proximity","","National Percentile of Hazardous Waste Proximity","Hazardous Waste Proximity (facility count/km distance)","","158","","1","13","P_PTSDF","FALSE","P_PTSDF","N_E_TSDF_PER","pctile.proximity.tsdf","P_PTSDF"
"397","036211159","0362107","1","0","1","api","N_E_UST_PER","","","P_UST","pctile.ust","11","ust","ust","62","names_e_pctile","0","0",1,0,"0",0,"0","0","0","Environmental","Environmental","Nation","us","1","uspctile","pctile","TRUE","percentile","pctile","","","","lookedup","2","0","FALSE","FALSE","FALSE","","US%ile UST","US percentile for Underground Storage Tanks (UST) indicator","US percentile for Underground Storage Tanks (UST) indicator","Percentile for Underground storage tanks","","National Percentile of Underground Storage Tanks","Underground Storage Tanks (count/km2)","","159","","0","48","P_UST","FALSE","P_UST","N_E_UST_PER","pctile.ust","P_UST"
"398","036212160","0362108","1","0","1","api","N_E_NPDES_PER","","","P_PWDIS","pctile.proximity.npdes","12","proximity.npdes","proximity.npdes","62","names_e_pctile","0","0",1,0,"0",0,"0","0","0","Environmental","Environmental","Nation","us","1","uspctile","pctile","TRUE","percentile","pctile","","","","lookedup","2","0","FALSE","FALSE","FALSE","","US%ile NPDES","US percentile for Wastewater Discharge Indicator (toxicity-weighted concentration/distance)","US percentile for Wastewater Discharge Indicator (toxicity-weighted concentration/distance)","Percentile for Wastewater discharge","","National Percentile of Wastewater Discharge","Wastewater Discharge (toxicity-weighted concentration/m distance)","","160","","37","82","P_PWDIS","FALSE","P_PWDIS","N_E_NPDES_PER","pctile.proximity.npdes","P_PWDIS"
"399","036213161","0362109","1","0","1","csv","P_DWATER","","","P_DWATER","pctile.drinking","13","drinking","","62","names_e_pctile","0","0",1,0,"0",0,"0","0","0","Environmental","Environmental","Nation","us","1","uspctile","pctile","TRUE","percentile","pctile","","","","lookedup","2","0","FALSE","FALSE","FALSE","","US%ile Drinking","US percentile for Drinking Water Non-Compliance","US percentile for Drinking Water Non-Compliance","Percentile for Drinking Water Non-Compliance","","National Percentile of Drinking Water Non-Compliance (points)","","","161","","","","","","P_DWATER","N_E_DWATER_PER","pctile.drinking","P_DWATER"
"400","036301123","0363096","1","0","1","api","S_E_PM25_PER","","","S_P_PM25","state.pctile.pm","1","pm","pm","63","names_e_state_pctile","0","1",1,0,"0",0,"0","0","0","Environmental","Environmental","State","state","3","statepctile","pctile","TRUE","percentile","pctile","","","","lookedup","2","0","FALSE","FALSE","FALSE","","State%ile PM2.5","State percentile for Particulate Matter (PM 2.5 in ug/m3)","State percentile for Particulate Matter (PM 2.5 in ug/m3)","","","State Percentile of Particulate Matter","Particulate Matter (μg/m3)","","123","","0","86","S_P_PM25","FALSE","S_P_PM25","S_E_PM25_PER","state.pctile.pm","S_P_PM25"
"401","036302124","0363097","1","0","1","api","S_E_O3_PER","","","S_P_OZONE","state.pctile.o3","2","o3","o3","63","names_e_state_pctile","0","1",1,0,"0",0,"0","0","0","Environmental","Environmental","State","state","3","statepctile","pctile","TRUE","percentile","pctile","","","","lookedup","2","0","FALSE","FALSE","FALSE","","State%ile Ozone","State percentile for Ozone (ppb)","State percentile for Ozone (ppb)","","","State Percentile of Ozone","Ozone (ppb)","","124","","3","40","S_P_OZONE","FALSE","S_P_OZONE","S_E_O3_PER","state.pctile.o3","S_P_OZONE"
"402","036303125","0363098","1","0","1","csv","S_P_NO2","","","S_P_NO2","state.pctile.no2","3","no2","","63","names_e_state_pctile","0","1",1,0,"0",0,"0","0","0","Environmental","Environmental","State","state","3","statepctile","pctile","TRUE","percentile","pctile","","","","lookedup","2","0","FALSE","FALSE","FALSE","","State%ile NO2","State percentile for Nitrogen Dioxide (NO2)","State percentile for Nitrogen Dioxide (NO2)","","","State Percentile of Nitrogen Dioxide (NO2)","","","125","","","","","","S_P_NO2","S_E_NO2_PER","state.pctile.no2","S_P_NO2"
"403","036304126","0363099","1","0","1","api","S_E_DIESEL_PER","","","S_P_DSLPM","state.pctile.dpm","4","dpm","dpm","63","names_e_state_pctile","0","1",1,0,"0",0,"0","0","0","Environmental","Environmental","State","state","3","statepctile","pctile","TRUE","percentile","pctile","","","","lookedup","2","0","FALSE","FALSE","FALSE","","State%ile Diesel PM","State percentile for Diesel Particulate Matter (ug/m3)","State percentile for Diesel Particulate Matter (ug/m3)","","","State Percentile of Diesel Particulate Matter","Diesel Particulate Matter (μg/m3)","","126","","0","34","S_P_DSLPM","FALSE","S_P_DSLPM","S_E_DIESEL_PER","state.pctile.dpm","S_P_DSLPM"
"404","036305127","0363101","1","0","1","api","S_E_RSEI_AIR_PER","","","S_P_RSEI_AIR","state.pctile.rsei","5","rsei","rsei","63","names_e_state_pctile","0","1",1,0,"0",0,"0","0","0","Environmental","Environmental","State","state","3","statepctile","pctile","TRUE","percentile","pctile","","","","lookedup","2","0","FALSE","FALSE","FALSE","","State%ile Toxic Releases to Air","State percentile for Toxic Releases to Air","State percentile for Toxic Releases to Air","","","State Percentile of Toxic Releases to Air","Toxic Releases to Air","","127","","4","65","S_P_RSEI_AIR","","S_P_RSEI_AIR","S_E_RSEI_AIR_PER","state.pctile.rsei","S_P_RSEI_AIR"
"405","036306128","0363102","1","0","1","api","S_E_TRAFFIC_PER","","","S_P_PTRAF","state.pctile.traffic.score","6","traffic.score","traffic.score","63","names_e_state_pctile","0","1",1,0,"0",0,"0","0","0","Environmental","Environmental","State","state","3","statepctile","pctile","TRUE","percentile","pctile","","","","lookedup","2","0","FALSE","FALSE","FALSE","","State%ile Traffic","State percentile for Traffic Proximity and Volume (daily traffic count/distance to road)","State percentile for Traffic Proximity and Volume (daily traffic count/distance to road)","","","State Percentile of Traffic Proximity","Traffic Proximity (daily traffic count/distance to road)","","128","","5","32","S_P_PTRAF","FALSE","S_P_PTRAF","S_E_TRAFFIC_PER","state.pctile.traffic.score","S_P_PTRAF"
"406","036307129","0363103","1","0","1","api","S_E_LEAD_PER","","","S_P_LDPNT","state.pctile.pctpre1960","7","pctpre1960","pctpre1960","63","names_e_state_pctile","0","1",1,0,"0",0,"0","0","0","Environmental","Environmental","State","state","3","statepctile","pctile","TRUE","percentile","pctile","","","","lookedup","2","0","FALSE","FALSE","FALSE","","State%ile %pre-1960","State percentile for Lead Paint Indicator (% pre-1960s housing)","State percentile for Lead Paint Indicator (% pre-1960s housing)","","","State Percentile of Lead Paint","Lead Paint (% Pre-1960 Housing)","","129","","88","54","S_P_LDPNT","FALSE","S_P_LDPNT","S_E_LEAD_PER","state.pctile.pctpre1960","S_P_LDPNT"
"407","036308130","0363104","1","0","1","api","S_E_NPL_PER","","","S_P_PNPL","state.pctile.proximity.npl","8","proximity.npl","proximity.npl","63","names_e_state_pctile","0","1",1,0,"0",0,"0","0","0","Environmental","Environmental","State","state","3","statepctile","pctile","TRUE","percentile","pctile","","","","lookedup","2","0","FALSE","FALSE","FALSE","","State%ile NPL","State percentile for Superfund Proximity (site count/km distance)","State percentile for Superfund Proximity (site count/km distance)","","","State Percentile of Superfund Proximity","Superfund Proximity (site count/km distance)","","130","","34","55","S_P_PNPL","FALSE","S_P_PNPL","S_E_NPL_PER","state.pctile.proximity.npl","S_P_PNPL"
"408","036309131","0363105","1","0","1","api","S_E_RMP_PER","","","S_P_PRMP","state.pctile.proximity.rmp","9","proximity.rmp","proximity.rmp","63","names_e_state_pctile","0","1",1,0,"0",0,"0","0","0","Environmental","Environmental","State","state","3","statepctile","pctile","TRUE","percentile","pctile","","","","lookedup","2","0","FALSE","FALSE","FALSE","","State%ile RMP","State percentile for RMP Proximity (facility count/km distance)","State percentile for RMP Proximity (facility count/km distance)","","","State Percentile of RMP Facility Proximity","RMP Facility Proximity (facility count/km distance)","","131","","18","24","S_P_PRMP","FALSE","S_P_PRMP","S_E_RMP_PER","state.pctile.proximity.rmp","S_P_PRMP"
"409","036310132","0363106","1","0","1","api","S_E_TSDF_PER","","","S_P_PTSDF","state.pctile.proximity.tsdf","10","proximity.tsdf","proximity.tsdf","63","names_e_state_pctile","0","1",1,0,"0",0,"0","0","0","Environmental","Environmental","State","state","3","statepctile","pctile","TRUE","percentile","pctile","","","","lookedup","2","0","FALSE","FALSE","FALSE","","State%ile TSDF","State percentile for Hazardous Waste Proximity (facility count/km distance)","State percentile for Hazardous Waste Proximity (facility count/km distance)","","","State Percentile of Hazardous Waste Proximity","Hazardous Waste Proximity (facility count/km distance)","","132","","1","13","S_P_PTSDF","FALSE","S_P_PTSDF","S_E_TSDF_PER","state.pctile.proximity.tsdf","S_P_PTSDF"
"410","036311133","0363107","1","0","1","api","S_E_UST_PER","","","S_P_UST","state.pctile.ust","11","ust","ust","63","names_e_state_pctile","0","1",1,0,"0",0,"0","0","0","Environmental","Environmental","State","state","3","statepctile","pctile","TRUE","percentile","pctile","","","","lookedup","2","0","FALSE","FALSE","FALSE","","State%ile UST","State percentile for Underground Storage Tanks (UST) indicator","State percentile for Underground Storage Tanks (UST) indicator","","","State Percentile of Underground Storage Tanks","Underground Storage Tanks (count/km2)","","133","","0","48","S_P_UST","FALSE","S_P_UST","S_E_UST_PER","state.pctile.ust","S_P_UST"
"411","036312134","0363108","1","0","1","api","S_E_NPDES_PER","","","S_P_PWDIS","state.pctile.proximity.npdes","12","proximity.npdes","proximity.npdes","63","names_e_state_pctile","0","1",1,0,"0",0,"0","0","0","Environmental","Environmental","State","state","3","statepctile","pctile","TRUE","percentile","pctile","","","","lookedup","2","0","FALSE","FALSE","FALSE","","State%ile NPDES","State percentile for Wastewater Discharge Indicator (toxicity-weighted concentration/distance)","State percentile for Wastewater Discharge Indicator (toxicity-weighted concentration/distance)","","","State Percentile of Wastewater Discharge","Wastewater Discharge (toxicity-weighted concentration/m distance)","","134","","52","82","S_P_PWDIS","FALSE","S_P_PWDIS","S_E_NPDES_PER","state.pctile.proximity.npdes","S_P_PWDIS"
"412","036313135","0363109","1","0","1","csv","S_P_DWATER","","","S_P_DWATER","state.pctile.drinking","13","drinking","","63","names_e_state_pctile","0","1",1,0,"0",0,"0","0","0","Environmental","Environmental","State","state","3","statepctile","pctile","TRUE","percentile","pctile","","","","lookedup","2","0","FALSE","FALSE","FALSE","","State%ile Drinking","State percentile for Drinking Water Non-Compliance","State percentile for Drinking Water Non-Compliance","","","State Percentile of Drinking Water Non-Compliance (points)","","","135","","","","","","S_P_DWATER","S_E_DWATER_PER","state.pctile.drinking","S_P_DWATER"
"413","036401136","0364096","1","0","0","api","N_E_PM25","","","","avg.pm","1","pm","pm","64","names_e_avg","0","0",0,0,"1",0,"0","0","0","Environmental","Environmental","Nation","us","1","usavg","avg","TRUE","average","avg","","","","constant","3","2","FALSE","FALSE","FALSE","","US avg PM2.5","US Average for Particulate Matter (PM 2.5 in ug/m3)","US Average for Particulate Matter (PM 2.5 in ug/m3)","0","","National Average of Particulate Matter","Particulate Matter (μg/m3)","","136","","8.08","","","FALSE","","N_E_PM25","avg.pm",""
"414","036402137","0364097","1","0","0","api","N_E_O3","","","","avg.o3","2","o3","o3","64","names_e_avg","0","0",0,0,"1",0,"0","0","0","Environmental","Environmental","Nation","us","1","usavg","avg","TRUE","average","avg","","","","constant","3","1","FALSE","FALSE","FALSE","","US avg Ozone","US Average for Ozone (ppb)","US Average for Ozone (ppb)","0","","National Average of Ozone","Ozone (ppb)","","137","","61.6","","","FALSE","","N_E_O3","avg.o3",""
"415","036403138","0364098","1","0","0","api","N_E_NO2","","","","avg.no2","3","no2","","64","names_e_avg","0","0",0,0,"1",0,"0","0","0","Environmental","Environmental","Nation","us","1","usavg","avg","TRUE","average","avg","","","","constant","3","1","FALSE","FALSE","FALSE","","US avg NO2","US Average for Nitrogen Dioxide (NO2)","US Average for Nitrogen Dioxide (NO2)","","","National Average of Nitrogen Dioxide (NO2)","","","138","","","","","","","N_E_NO2","avg.no2",""
"416","036404138","0364099","1","0","0","api","N_E_DIESEL","","","","avg.dpm","4","dpm","dpm","64","names_e_avg","0","0",0,0,"1",0,"0","0","0","Environmental","Environmental","Nation","us","1","usavg","avg","TRUE","average","avg","","","","constant","3","3","FALSE","FALSE","FALSE","","US avg Diesel PM","US Average for Diesel Particulate Matter (ug/m3)","US Average for Diesel Particulate Matter (ug/m3)","","","National Average of Diesel Particulate Matter","Diesel Particulate Matter (μg/m3)","","138","","0.26100000000000001","","","FALSE","","N_E_DIESEL","avg.dpm",""
"417","036405140","0364101","1","0","0","api","N_E_RSEI_AIR","","","","avg.rsei","5","rsei","rsei","64","names_e_avg","0","0",0,0,"1",0,"0","0","0","Environmental","Environmental","Nation","us","1","usavg","avg","TRUE","average","avg","","","","constant","2","0","FALSE","FALSE","FALSE","","US avg Toxic Releases to Air","US Average for Toxic Releases to Air","US Average for Toxic Releases to Air","","","National Average of Toxic Releases to Air","Toxic Releases to Air","","140","","4600","","","","","N_E_RSEI_AIR","avg.rsei",""
"418","036406141","0364102","1","0","0","api","N_E_TRAFFIC","","","","avg.traffic.score","6","traffic.score","traffic.score","64","names_e_avg","0","0",0,0,"1",0,"0","0","0","Environmental","Environmental","Nation","us","1","usavg","avg","TRUE","average","avg","","","","constant","2","0","FALSE","FALSE","FALSE","","US avg Traffic","US Average for Traffic Proximity and Volume (daily traffic count/distance to road)","US Average for Traffic Proximity and Volume (daily traffic count/distance to road)","","","National Average of Traffic Proximity","Traffic Proximity (daily traffic count/distance to road)","","141","","210","","","FALSE","","N_E_TRAFFIC","avg.traffic.score",""
"419","036407142","0364103","1","0","0","api","N_E_LEAD","","","","avg.pctpre1960","7","pctpre1960","pctpre1960","64","names_e_avg","0","0",0,0,"1",0,"0","0","0","Environmental","Environmental","Nation","us","1","usavg","avg","TRUE","average","avg","1","","","constant","3","1","FALSE","FALSE","FALSE","","US avg %pre-1960","US Average for Lead Paint Indicator (% pre-1960s housing)","US Average for Lead Paint Indicator (% pre-1960s housing)","","","National Average of Lead Paint","Lead Paint (% Pre-1960 Housing)","","142","","0.3","","","FALSE","","N_E_LEAD","avg.pctpre1960",""
"420","036408143","0364104","1","0","0","api","N_E_NPL","","","","avg.proximity.npl","8","proximity.npl","proximity.npl","64","names_e_avg","0","0",0,0,"1",0,"0","0","0","Environmental","Environmental","Nation","us","1","usavg","avg","TRUE","average","avg","","","","constant","2","2","FALSE","FALSE","FALSE","","US avg NPL","US Average for Superfund Proximity (site count/km distance)","US Average for Superfund Proximity (site count/km distance)","","","National Average of Superfund Proximity","Superfund Proximity (site count/km distance)","","143","","0.13","","","FALSE","","N_E_NPL","avg.proximity.npl",""
"421","036409144","0364105","1","0","0","api","N_E_RMP","","","","avg.proximity.rmp","9","proximity.rmp","proximity.rmp","64","names_e_avg","0","0",0,0,"1",0,"0","0","0","Environmental","Environmental","Nation","us","1","usavg","avg","TRUE","average","avg","","","","constant","2","2","FALSE","FALSE","FALSE","","US avg RMP","US Average for RMP Proximity (facility count/km distance)","US Average for RMP Proximity (facility count/km distance)","","","National Average of RMP Facility Proximity","RMP Facility Proximity (facility count/km distance)","","144","","0.43","","","FALSE","","N_E_RMP","avg.proximity.rmp",""
"422","036410145","0364106","1","0","0","api","N_E_TSDF","","","","avg.proximity.tsdf","10","proximity.tsdf","proximity.tsdf","64","names_e_avg","0","0",0,0,"1",0,"0","0","0","Environmental","Environmental","Nation","us","1","usavg","avg","TRUE","average","avg","","","","constant","2","1","FALSE","FALSE","FALSE","","US avg TSDF","US Average for Hazardous Waste Proximity (facility count/km distance)","US Average for Hazardous Waste Proximity (facility count/km distance)","","","National Average of Hazardous Waste Proximity","Hazardous Waste Proximity (facility count/km distance)","","145","","1.9","","","FALSE","","N_E_TSDF","avg.proximity.tsdf",""
"423","036411146","0364107","1","0","0","api","N_E_UST","","","","avg.ust","11","ust","ust","64","names_e_avg","0","0",0,0,"1",0,"0","0","0","Environmental","Environmental","Nation","us","1","usavg","avg","TRUE","average","avg","","","","constant","2","1","FALSE","FALSE","FALSE","","US avg UST","US Average for Underground Storage Tanks (UST) indicator","US Average for Underground Storage Tanks (UST) indicator","","","National Average of Underground Storage Tanks","Underground Storage Tanks (count/km2)","","146","","3.9","","","FALSE","","N_E_UST","avg.ust",""
"424","036412147","0364108","1","0","0","api","N_E_NPDES","","","","avg.proximity.npdes","12","proximity.npdes","proximity.npdes","64","names_e_avg","0","0",0,0,"1",0,"0","0","0","Environmental","Environmental","Nation","us","1","usavg","avg","TRUE","average","avg","","","","constant","2","0","FALSE","FALSE","FALSE","","US avg NPDES","US Average for Wastewater Discharge Indicator (toxicity-weighted concentration/distance)","US Average for Wastewater Discharge Indicator (toxicity-weighted concentration/distance)","","","National Average of Wastewater Discharge","Wastewater Discharge (toxicity-weighted concentration/m distance)","","147","","22","","","FALSE","","N_E_NPDES","avg.proximity.npdes",""
"425","036413148","0364109","1","0","0","api","N_E_DWATER","","","","avg.drinking","13","drinking","","64","names_e_avg","0","0",0,0,"1",0,"0","0","0","Environmental","Environmental","Nation","us","1","usavg","avg","TRUE","average","avg","","","","constant","3","1","FALSE","FALSE","FALSE","","US avg Drinking","US Average for Drinking Water Non-Compliance","US Average for Drinking Water Non-Compliance","","","National Average of Drinking Water Non-Compliance (points)","","","148","","","","","","","N_E_DWATER","avg.drinking",""
"426","036501110","0365096","1","0","0","api","S_E_PM25","","","","state.avg.pm","1","pm","pm","65","names_e_state_avg","0","1",0,0,"1",0,"0","0","0","Environmental","Environmental","State","state","3","stateavg","avg","TRUE","average","avg","","","","constant","3","2","FALSE","FALSE","FALSE","","State avg PM2.5","State Average for Particulate Matter (PM 2.5 in ug/m3)","State Average for Particulate Matter (PM 2.5 in ug/m3)","","","State Average of Particulate Matter","Particulate Matter (μg/m3)","","110","","9.0299999999999994","","","FALSE","","S_E_PM25","state.avg.pm",""
"427","036502111","0365097","1","0","0","api","S_E_O3","","","","state.avg.o3","2","o3","o3","65","names_e_state_avg","0","1",0,0,"1",0,"0","0","0","Environmental","Environmental","State","state","3","stateavg","avg","TRUE","average","avg","","","","constant","3","1","FALSE","FALSE","FALSE","","State avg Ozone","State Average for Ozone (ppb)","State Average for Ozone (ppb)","","","State Average of Ozone","Ozone (ppb)","","111","","62.3","","","FALSE","","S_E_O3","state.avg.o3",""
"428","036503112","0365098","1","0","0","api","S_E_NO2","","","","state.avg.no2","3","no2","","65","names_e_state_avg","0","1",0,0,"1",0,"0","0","0","Environmental","Environmental","State","state","3","stateavg","avg","TRUE","average","avg","","","","constant","3","1","FALSE","FALSE","FALSE","","State avg NO2","State Average for Nitrogen Dioxide (NO2)","State Average for Nitrogen Dioxide (NO2)","","","State Average of Nitrogen Dioxide (NO2)","","","112","","","","","","","S_E_NO2","state.avg.no2",""
"429","036504113","0365099","1","0","0","api","S_E_DIESEL","","","","state.avg.dpm","4","dpm","dpm","65","names_e_state_avg","0","1",0,0,"1",0,"0","0","0","Environmental","Environmental","State","state","3","stateavg","avg","TRUE","average","avg","","","","constant","3","3","FALSE","FALSE","FALSE","","State avg Diesel PM","State Average for Diesel Particulate Matter (ug/m3)","State Average for Diesel Particulate Matter (ug/m3)","0","","State Average of Diesel Particulate Matter","Diesel Particulate Matter (μg/m3)","","113","","0.16600000000000001","","","FALSE","","S_E_DIESEL","state.avg.dpm",""
"430","036505114","0365101","1","0","0","api","S_E_RSEI_AIR","","","","state.avg.rsei","5","rsei","rsei","65","names_e_state_avg","0","1",0,0,"1",0,"0","0","0","Environmental","Environmental","State","state","3","stateavg","avg","TRUE","average","avg","","","","constant","2","0","FALSE","FALSE","FALSE","","State avg Toxic Releases to Air","State Average for Toxic Releases to Air","State Average for Toxic Releases to Air","0","","State Average of Toxic Releases to Air","Toxic Releases to Air","","114","","4100","","","","","S_E_RSEI_AIR","state.avg.rsei",""
"431","036506115","0365102","1","0","0","api","S_E_TRAFFIC","","","","state.avg.traffic.score","6","traffic.score","traffic.score","65","names_e_state_avg","0","1",0,0,"1",0,"0","0","0","Environmental","Environmental","State","state","3","stateavg","avg","TRUE","average","avg","","","","constant","2","0","FALSE","FALSE","FALSE","","State avg Traffic","State Average for Traffic Proximity and Volume (daily traffic count/distance to road)","State Average for Traffic Proximity and Volume (daily traffic count/distance to road)","","","State Average of Traffic Proximity","Traffic Proximity (daily traffic count/distance to road)","","115","","83","","","FALSE","","S_E_TRAFFIC","state.avg.traffic.score",""
"432","036507116","0365103","1","0","0","api","S_E_LEAD","","","","state.avg.pctpre1960","7","pctpre1960","pctpre1960","65","names_e_state_avg","0","1",0,0,"1",0,"0","0","0","Environmental","Environmental","State","state","3","stateavg","avg","TRUE","average","avg","1","","","constant","3","2","FALSE","FALSE","FALSE","","State avg %pre-1960","State Average for Lead Paint Indicator (% pre-1960s housing)","State Average for Lead Paint Indicator (% pre-1960s housing)","","","State Average of Lead Paint","Lead Paint (% Pre-1960 Housing)","","116","","0.25","","","FALSE","","S_E_LEAD","state.avg.pctpre1960",""
"433","036508117","0365104","1","0","0","api","S_E_NPL","","","","state.avg.proximity.npl","8","proximity.npl","proximity.npl","65","names_e_state_avg","0","1",0,0,"1",0,"0","0","0","Environmental","Environmental","State","state","3","stateavg","avg","TRUE","average","avg","","","","constant","2","2","FALSE","FALSE","FALSE","","State avg NPL","State Average for Superfund Proximity (site count/km distance)","State Average for Superfund Proximity (site count/km distance)","","","State Average of Superfund Proximity","Superfund Proximity (site count/km distance)","","117","","4.8000000000000001E-2","","","FALSE","","S_E_NPL","state.avg.proximity.npl",""
"434","036509118","0365105","1","0","0","api","S_E_RMP","","","","state.avg.proximity.rmp","9","proximity.rmp","proximity.rmp","65","names_e_state_avg","0","1",0,0,"1",0,"0","0","0","Environmental","Environmental","State","state","3","stateavg","avg","TRUE","average","avg","","","","constant","2","2","FALSE","FALSE","FALSE","","State avg RMP","State Average for RMP Proximity (facility count/km distance)","State Average for RMP Proximity (facility count/km distance)","","","State Average of RMP Facility Proximity","RMP Facility Proximity (facility count/km distance)","","118","","0.38","","","FALSE","","S_E_RMP","state.avg.proximity.rmp",""
"435","036510119","0365106","1","0","0","api","S_E_TSDF","","","","state.avg.proximity.tsdf","10","proximity.tsdf","proximity.tsdf","65","names_e_state_avg","0","1",0,0,"1",0,"0","0","0","Environmental","Environmental","State","state","3","stateavg","avg","TRUE","average","avg","","","","constant","NA","1","FALSE","FALSE","FALSE","","State avg TSDF","State Average for Hazardous Waste Proximity (facility count/km distance)","State Average for Hazardous Waste Proximity (facility count/km distance)","","","State Average of Hazardous Waste Proximity","Hazardous Waste Proximity (facility count/km distance)","","119","","0.43","","","FALSE","","S_E_TSDF","state.avg.proximity.tsdf",""
"436","036511120","0365107","1","0","0","api","S_E_UST","","","","state.avg.ust","11","ust","ust","65","names_e_state_avg","0","1",0,0,"1",0,"0","0","0","Environmental","Environmental","State","state","3","stateavg","avg","TRUE","average","avg","","","","constant","2","1","FALSE","FALSE","FALSE","","State avg UST","State Average for Underground Storage Tanks (UST) indicator","State Average for Underground Storage Tanks (UST) indicator","","","State Average of Underground Storage Tanks","Underground Storage Tanks (count/km2)","","120","","1.7","","","FALSE","","S_E_UST","state.avg.ust",""
"437","036512121","0365108","1","0","0","api","S_E_NPDES","","","","state.avg.proximity.npdes","12","proximity.npdes","proximity.npdes","65","names_e_state_avg","0","1",0,0,"1",0,"0","0","0","Environmental","Environmental","State","state","3","stateavg","avg","TRUE","average","avg","","","","constant","2","0","FALSE","FALSE","FALSE","","State avg NPDES","State Average for Wastewater Discharge Indicator (toxicity-weighted concentration/distance)","State Average for Wastewater Discharge Indicator (toxicity-weighted concentration/distance)","","","State Average of Wastewater Discharge","Wastewater Discharge (toxicity-weighted concentration/m distance)","","121","","5.8000000000000003E-2","","","FALSE","","S_E_NPDES","state.avg.proximity.npdes",""
"438","036513122","0365109","1","0","0","api","S_E_DWATER","","","","state.avg.drinking","13","drinking","","65","names_e_state_avg","0","1",0,0,"1",0,"0","0","0","Environmental","Environmental","State","state","3","stateavg","avg","TRUE","average","avg","","","","constant","3","2","FALSE","FALSE","FALSE","","State avg Drinking","State Average for Drinking Water Non-Compliance","State Average for Drinking Water Non-Compliance","","","State Average of Drinking Water Non-Compliance (points)","","","122","","","","","","","S_E_DWATER","state.avg.drinking",""
"602","0410400204","04104000","1","0","1","api","NUM_TSDF","","","TSDF_CNT","count.TSDF","0","","count.TSDF","104","names_sitesinarea","0","0",0,0,"0",0,"0","0","0","other","E other","","","0","raw","raw","TRUE","misc","raw","","","","sum of counts","","0","FALSE","FALSE","FALSE","","TSDF site count","Count of Treatment Storage Disposal Facilities (TSDF)","Count of Treatment Storage Disposal Facilities (TSDF)","Number of Hazardous waste facilities in the block group","","Number of Hazardous Waste Facilities within the Area of Interest","Hazardous Waste, Treatment, Storage, and Disposal Facilities","","204","","0","0","TSDF_CNT","","TSDF_CNT","NUM_TSDF","count.TSDF","TSDF_CNT"
"604","0410400206","04104000","1","0","0","api","NUM_AIRPOLL","","","","num_airpoll","0","","","104","names_sitesinarea","0","0",0,0,"0",0,"0","0","0","other","E other","","","0","raw","raw","TRUE","","","","","","sum of counts","","0","FALSE","FALSE","FALSE","","Air Pollution Facilities","Number of Air Pollution Facilities","Number of Air Pollution Facilities","0","","Number of Air Pollution Facilities","Air Pollution","","206","","0","","","","","NUM_AIRPOLL","num_airpoll",""
"606","0410400208","04104000","1","0","0","api","NUM_TRI","","","","num_tri","0","","","104","names_sitesinarea","0","0",0,0,"0",0,"0","0","0","other","E other","","","0","raw","raw","TRUE","","","","","","sum of counts","","0","FALSE","FALSE","FALSE","","Toxic Release Facilities","Number of Toxic Release Facilities","Number of Toxic Release Facilities","","","Number of Toxic Release Facilities","Toxic Release Inventory","","208","","0","","","","","NUM_TRI","num_tri",""
"603","0410499205","04104999","1","0","0","api","NUM_WATERDIS","","","","num_waterdis","99","","","104","names_sitesinarea","0","0",0,0,"0",0,"0","0","0","other","E other","","","0","raw","raw","TRUE","","","","","","sum of counts","","0","FALSE","FALSE","FALSE","","Water Discharge Facilities","Number of Water Discharge Facilities","Number of Water Discharge Facilities","0","","Number of Water Discharge Facilities","Water Dischargers","","205","","0","","","","","NUM_WATERDIS","num_waterdis",""
"605","0410499207","04104999","1","0","0","api","NUM_BROWNFIELD","","","","num_brownfield","99","","","104","names_sitesinarea","0","0",0,0,"0",0,"0","0","0","other","E other","","","0","raw","raw","TRUE","","","","","","sum of counts","","0","FALSE","FALSE","FALSE","","Brownfields","Number of Brownfields","Number of Brownfields","","","Number of Brownfields","Brownfields","","207","","0","","","","","NUM_BROWNFIELD","num_brownfield",""
"608","0413400213","04134000","1","0","0","api","YESNO_IMPWATERS","","","","yesno_impwaters","0","","","134","names_flag","0","0",0,0,"0",0,"0","0","0","other","E other","","","0","raw","raw","TRUE","misc","misc","","","","flag","","","FALSE","FALSE","FALSE","","Overlaps Impaired Waters","Flag for Overlapping with Impaired Waters","Flag for Overlapping with Impaired Waters","","","Flag for Overlapping with Impaired Waters","Impaired Waters","","213","","Yes","","","","","YESNO_IMPWATERS","yesno_impwaters",""
"607","0413499212","04134000","1","0","0","api","YESNO_AIRNONATT","","","","yesno_airnonatt","99","","","134","names_flag","0","0",0,0,"0",0,"0","0","0","other","E other","","","0","raw","raw","TRUE","misc","misc","","","","flag","","","FALSE","FALSE","FALSE","","Overlaps Nonattainment Area","Flag for Overlapping with Non-Attainment Areas","Flag for Overlapping with Non-Attainment Areas","","","Flag for Overlapping with Non-Attainment Areas","Air Non-attainment","","212","","No","","","","","YESNO_AIRNONATT","yesno_airnonatt",""
"609","0413499215","04134999","1","0","0","api","YESNO_CEJSTDIS","","","","yesno_cejstdis","99","","","134","names_flag","0","0",0,0,"0",0,"0","0","0","other","E other","","","0","raw","raw","TRUE","misc","misc","","","","flag","","","FALSE","FALSE","FALSE","","Overlaps CEJST Disadvantaged","Flag for Overlapping with CEJST Disadvantaged Communities","Flag for Overlapping with CEJST Disadvantaged Communities","","","Flag for Overlapping with CEJST Disadvantaged Communities","Selected location contains """"Justice40 defined"""" disadvantaged community","","215","","No","","","","","YESNO_CEJSTDIS","yesno_cejstdis",""
"610","0413499216","04134000","1","0","0","api","YESNO_IRADIS","","","","yesno_iradis","99","","","134","names_flag","0","0",0,0,"0",0,"0","0","0","other","E other","","","0","raw","raw","TRUE","misc","misc","","","","flag","","","FALSE","FALSE","FALSE","","Overlaps EPA IRA Disadvantaged","Flag for Overlapping with EPA IRA Disadvantaged Communities","Flag for Overlapping with EPA IRA Disadvantaged Communities","","","Flag for Overlapping with EPA IRA Disadvantaged Communities","Selected location contains an EPA IRA disadvantaged community","","216","","No","","","","","YESNO_IRADIS","yesno_iradis",""
"439","049099242","0490999","1","0","0","api","RAW_CI_FLOOD","","","","pctflood","99","pctflood","","90","names_climate","0","0",0,0,"0",0,"0","0","0","other","E other","","","0","raw","raw","TRUE","","","1","","pop","wtdmean","2","0","FALSE","TRUE","TRUE","","Current Flood Risk","Estimated Current Flood Risk","Estimated Current Flood Risk","","","Estimated Current Flood Risk","Flood Risk","","242","","11%","","","","","RAW_CI_FLOOD","pctflood",""
"440","049099243","0490999","1","0","0","api","RAW_CI_FIRE","","","","pctfire","99","pctfire","","90","names_climate","0","0",0,0,"0",0,"0","0","0","other","E other","","","0","raw","raw","TRUE","","","1","","pop","wtdmean","2","0","FALSE","TRUE","TRUE","","Current Fire Risk","Estimated Current Fire Risk","Estimated Current Fire Risk","","","Estimated Current Fire Risk","Wildfire Risk","","243","fixed description to say Fire where EJScreen API doc said Flood","91%","","","","","RAW_CI_FIRE","pctfire",""
"441","049099999","0490999","1","0","0","api","RAW_CI_FIRE30","","","","pctfire30","99","pctfire30","","90","names_climate","0","0",0,0,"0",0,"0","0","0","other","E other","","","0","raw","raw","TRUE","","","1","","pop","wtdmean","2","0","FALSE","TRUE","TRUE","","Fire Risk in 30 Years","Estimated Fire Risk in 30 Years","Estimated Fire Risk in 30 Years","","","Estimated Fire Risk in 30 Years","","","999","fixed description to say Fire where EJScreen API doc said Flood","91%","","","","","RAW_CI_FIRE30","pctfire30",""
"442","049099999","0490999","1","0","0","api","RAW_CI_FLOOD30","","","","pctflood30","99","pctflood30","","90","names_climate","0","0",0,0,"0",0,"0","0","0","other","E other","","","0","raw","raw","TRUE","","","1","","pop","wtdmean","2","0","FALSE","TRUE","TRUE","","Flood Risk in 30 Years","Estimated Flood Risk in 30 Years","Estimated Flood Risk in 30 Years","","","Estimated Flood Risk in 30 Years","","","999","","11%","","","","","RAW_CI_FLOOD30","pctflood30",""
"443","049399250","0493999","1","0","0","api","N_CI_FLOOD_PCTILE","","","","pctile.pctflood","99","pctflood","","93","names_climate_pctile","0","0",1,0,"0",0,"0","0","0","other","E other","Nation","us","1","uspctile","pctile","TRUE","percentile","pctile","","","","lookedup","2","0","FALSE","FALSE","FALSE","","US%ile Current Flood Risk","US percentile for Estimated Current Flood Risk","US percentile for Estimated Current Flood Risk","","","National Percentile of Estimated Current Flood Risk","Flood Risk","","250","","70","","","","","N_CI_FLOOD_PCTILE","pctile.pctflood",""
"444","049399251","0493999","1","0","0","api","N_CI_FIRE_PCTILE","","","","pctile.pctfire","99","pctfire","","93","names_climate_pctile","0","0",1,0,"0",0,"0","0","0","other","E other","Nation","us","1","uspctile","pctile","TRUE","percentile","pctile","","","","lookedup","2","0","FALSE","FALSE","FALSE","","US%ile Current Fire Risk","US percentile for Estimated Current Fire Risk","US percentile for Estimated Current Fire Risk","0","","National Percentile of Estimated Current Fire Risk","Wildfire Risk","","251","fixed description to say Fire where EJScreen API doc said Flood","91","","","","","N_CI_FIRE_PCTILE","pctile.pctfire",""
"445","049399999","0493999","1","0","0","api","N_CI_FIRE30_PCTILE","","","","pctile.pctfire30","99","pctfire30","","93","names_climate_pctile","0","0",1,0,"0",0,"0","0","0","other","E other","Nation","us","1","uspctile","pctile","TRUE","percentile","pctile","","","","lookedup","2","0","FALSE","FALSE","FALSE","","US%ile Fire Risk in 30 Years","US percentile for Estimated Fire Risk in 30 Years","US percentile for Estimated Fire Risk in 30 Years","0","","National Percentile of Estimated Fire Risk in 30 Years","","","999","fixed description to say Fire where EJScreen API doc said Flood","88","","","","","N_CI_FIRE30_PCTILE","pctile.pctfire30",""
"446","049399999","0493999","1","0","0","api","N_CI_FLOOD30_PCTILE","","","","pctile.pctflood30","99","pctflood30","","93","names_climate_pctile","0","0",1,0,"0",0,"0","0","0","other","E other","Nation","us","1","uspctile","pctile","TRUE","percentile","pctile","","","","lookedup","2","0","FALSE","FALSE","FALSE","","US%ile Flood Risk in 30 Years","US percentile for Estimated Flood Risk in 30 Years","US percentile for Estimated Flood Risk in 30 Years","","","National Percentile of Estimated Flood Risk in 30 Years","","","999","","67","","","","","N_CI_FLOOD30_PCTILE","pctile.pctflood30",""
"447","049499246","0494999","1","0","0","api","S_CI_FLOOD_PCTILE","","","","state.pctile.pctflood","99","pctflood","","94","names_climate_state_pctile","0","1",1,0,"0",0,"0","0","0","other","E other","State","state","3","statepctile","pctile","TRUE","percentile","pctile","","","","lookedup","2","0","FALSE","FALSE","FALSE","","State%ile Current Flood Risk","State percentile for Estimated Current Flood Risk","State percentile for Estimated Current Flood Risk","","","State Percentile of Estimated Current Flood Risk","Flood Risk","","246","","77","","","","","S_CI_FLOOD_PCTILE","state.pctile.pctflood",""
"448","049499247","0494999","1","0","0","api","S_CI_FIRE_PCTILE","","","","state.pctile.pctfire","99","pctfire","","94","names_climate_state_pctile","0","1",1,0,"0",0,"0","0","0","other","E other","State","state","3","statepctile","pctile","TRUE","percentile","pctile","","","","lookedup","2","0","FALSE","FALSE","FALSE","","State%ile Current Fire Risk","State percentile for Estimated Current Fire Risk","State percentile for Estimated Current Fire Risk","","","State Percentile of Estimated Current Fire Risk","Wildfire Risk","","247","fixed description to say Fire where EJScreen API doc said Flood","74","","","","","S_CI_FIRE_PCTILE","state.pctile.pctfire",""
"449","049499999","0494999","1","0","0","api","S_CI_FIRE30_PCTILE","","","","state.pctile.pctfire30","99","pctfire30","","94","names_climate_state_pctile","0","1",1,0,"0",0,"0","0","0","other","E other","State","state","3","statepctile","pctile","TRUE","percentile","pctile","","","","lookedup","2","0","FALSE","FALSE","FALSE","","State%ile Fire Risk in 30 Years","State percentile for Estimated Fire Risk in 30 Years","State percentile for Estimated Fire Risk in 30 Years","","","State Percentile of Estimated Fire Risk in 30 Years","","","999","fixed description to say Fire where EJScreen API doc said Flood","64","","","","","S_CI_FIRE30_PCTILE","state.pctile.pctfire30",""
"450","049499999","0494999","1","0","0","api","S_CI_FLOOD30_PCTILE","","","","state.pctile.pctflood30","99","pctflood30","","94","names_climate_state_pctile","0","1",1,0,"0",0,"0","0","0","other","E other","State","state","3","statepctile","pctile","TRUE","percentile","pctile","","","","lookedup","2","0","FALSE","FALSE","FALSE","","State%ile Flood Risk in 30 Years","State percentile for Estimated Flood Risk in 30 Years","State percentile for Estimated Flood Risk in 30 Years","","","State Percentile of Estimated Flood Risk in 30 Years","","","999","","77","","","","","S_CI_FLOOD30_PCTILE","state.pctile.pctflood30",""
"451","049599248","0495999","1","0","0","api","N_CI_FLOOD_AVG","","","","avg.pctflood","99","pctflood","","95","names_climate_avg","0","0",0,0,"1",0,"0","0","0","other","E other","Nation","us","1","usavg","avg","TRUE","average","avg","","","","constant","","0","FALSE","FALSE","FALSE","","US avg Current Flood Risk","US Average for Estimated Current Flood Risk","US Average for Estimated Current Flood Risk","","","National Average of Estimated Current Flood Risk","Flood Risk","","248","fixed apitype2.2 to say Climate Indicators where EJScreen API doc was wrong","12%","","","","","N_CI_FLOOD_AVG","avg.pctflood",""
"452","049599249","0495999","1","0","0","api","N_CI_FIRE_AVG","","","","avg.pctfire","99","pctfire","","95","names_climate_avg","0","0",0,0,"1",0,"0","0","0","other","E other","Nation","us","1","usavg","avg","TRUE","average","avg","","","","constant","","0","FALSE","FALSE","FALSE","","US avg Current Fire Risk","US Average for Estimated Current Fire Risk","US Average for Estimated Current Fire Risk","","","National Average of Estimated Current Fire Risk","Wildfire Risk","","249","fixed description to say Fire where EJScreen API doc said Flood","14%","","","","","N_CI_FIRE_AVG","avg.pctfire",""
"453","049599999","0495999","1","0","0","api","N_CI_FIRE30_AVG","","","","avg.pctfire30","99","pctfire30","","95","names_climate_avg","0","0",0,0,"1",0,"0","0","0","other","E other","Nation","us","1","usavg","avg","TRUE","average","avg","","","","constant","","0","FALSE","FALSE","FALSE","","US avg Fire Risk in 30 Years","US Average for Estimated Fire Risk in 30 Years","US Average for Estimated Fire Risk in 30 Years","","","National Average of Estimated Fire Risk in 30 Years","","","999","fixed description to say Fire where EJScreen API doc said Flood","19%","","","","","N_CI_FIRE30_AVG","avg.pctfire30",""
"454","049599999","0495999","1","0","0","api","N_CI_FLOOD30_AVG","","","","avg.pctflood30","99","pctflood30","","95","names_climate_avg","0","0",0,0,"1",0,"0","0","0","other","E other","Nation","us","1","usavg","avg","TRUE","average","avg","","","","constant","","0","FALSE","FALSE","FALSE","","US avg Flood Risk in 30 Years","US Average for Estimated Flood Risk in 30 Years","US Average for Estimated Flood Risk in 30 Years","","","National Average of Estimated Flood Risk in 30 Years","","","999","","13%","","","","","N_CI_FLOOD30_AVG","avg.pctflood30",""
"455","049699244","0496999","1","0","0","api","S_CI_FLOOD_AVG","","","","state.avg.pctflood","99","pctflood","","96","names_climate_state_avg","0","1",0,0,"1",0,"0","0","0","other","E other","State","state","3","stateavg","avg","TRUE","average","avg","","","","constant","","0","FALSE","FALSE","FALSE","","State avg Current Flood Risk","State Average for Estimated Current Flood Risk","State Average for Estimated Current Flood Risk","","","State Average of Estimated Current Flood Risk","Flood Risk","","244","","8%","","","","","S_CI_FLOOD_AVG","state.avg.pctflood",""
"456","049699245","0496999","1","0","0","api","S_CI_FIRE_AVG","","","","state.avg.pctfire","99","pctfire","","96","names_climate_state_avg","0","1",0,0,"1",0,"0","0","0","other","E other","State","state","3","stateavg","avg","TRUE","average","avg","","","","constant","","0","FALSE","FALSE","FALSE","","State avg Current Fire Risk","State Average for Estimated Current Fire Risk","State Average for Estimated Current Fire Risk","","","State Average of Estimated Current Fire Risk","Wildfire Risk","","245","fixed description to say Fire where EJScreen API doc said Flood","43%","","","","","S_CI_FIRE_AVG","state.avg.pctfire",""
"457","049699999","0496999","1","0","0","api","S_CI_FIRE30_AVG","","","","state.avg.pctfire30","99","pctfire30","","96","names_climate_state_avg","0","1",0,0,"1",0,"0","0","0","other","E other","State","state","3","stateavg","avg","TRUE","average","avg","","","","constant","","0","FALSE","FALSE","FALSE","","State avg Fire Risk in 30 Years","State Average for Estimated Fire Risk in 30 Years","State Average for Estimated Fire Risk in 30 Years","","","State Average of Estimated Fire Risk in 30 Years","","","999","fixed description to say Fire where EJScreen API doc said Flood","57%","","","","","S_CI_FIRE30_AVG","state.avg.pctfire30",""
"458","049699999","0496999","1","0","0","api","S_CI_FLOOD30_AVG","","","","state.avg.pctflood30","99","pctflood30","","96","names_climate_state_avg","0","1",0,0,"1",0,"0","0","0","other","E other","State","state","3","stateavg","avg","TRUE","average","avg","","","","constant","","0","FALSE","FALSE","FALSE","","State avg Flood Risk in 30 Years","State Average for Estimated Flood Risk in 30 Years","State Average for Estimated Flood Risk in 30 Years","","","State Average of Estimated Flood Risk in 30 Years","","","999","","8%","","","","","S_CI_FLOOD30_AVG","state.avg.pctflood30",""
"460","049900999","0499000","0","0","0","","","","","","sitecount_unique","0","","","99","names_e_other","0","0",0,0,"0",0,"0","0","0","other","E other","","","0","raw","raw","TRUE","misc","count","0","","","count of unique ids","","0","FALSE","FALSE","FALSE","","Sites Nearby (total unique)","Number of Sites Nearby (total unique)","Number of Sites Nearby (total unique)","","","","","","999","","","","","","","","sitecount_unique",""
"462","049900999","0499000","0","0","0","","","","","","distance_min_avgperson","0","","","99","names_e_other","0","0",0,0,"0",0,"0","0","0","other","E other","","","0","raw","raw","TRUE","misc","raw","0","","","min","","1","FALSE","FALSE","FALSE","","Distance to Closest Site for Avg Person","Distance to Closest Site for Avg Person","Distance to Closest Site for Avg Person","","","","","","999","","","","","","","","distance_min_avgperson",""
"459","049999999","0499999","0","0","0","","","","","","sitecount_avg","99","","","99","names_e_other","0","0",0,0,"0",0,"0","0","0","other","E other","","","0","raw","raw","TRUE","misc","count","0","","pop","wtdmean","","1","FALSE","FALSE","FALSE","","Number of Sites Nearby (avg)","Number of Sites Nearby (avg)","Number of Sites Nearby (avg)","","","","","","999","","","","","","","","sitecount_avg",""
"461","049999999","0499999","0","0","0","","","","","","sitecount_max","99","","","99","names_e_other","0","0",0,0,"0",0,"0","0","0","other","E other","","","0","raw","raw","TRUE","misc","count","0","","","max","","0","FALSE","FALSE","FALSE","","Number of Sites Nearby (max)","Number of Sites Nearby (max)","Number of Sites Nearby (max)","","","","","","999","","","","","","","","sitecount_max",""
"463","049999999","0499999","0","0","0","","","","","","distance_min","99","","","99","names_e_other","0","0",0,0,"0",0,"0","0","0","other","E other","","","0","raw","raw","TRUE","misc","raw","0","","","min","","1","FALSE","FALSE","FALSE","","Distance to Closest Site","Distance to Closest Site","Distance to Closest Site","","","","","","999","","","","","","","","distance_min",""
"464","056601999","0566096","0","0","1","csv","D2_PM25","","","D2_PM25","EJ.DISPARITY.pm.eo","1","pm","","66","names_ej","0","0",0,0,"0",0,"1","1","0","EJ Index","EJ Index","Nation","us","1","usraw","raw","TRUE","raw data for indicator","raw","","","pop","wtdmean","","3","FALSE","FALSE","FALSE","","Summary Index: PM2.5 (raw)","US type of raw score for Particulate Matter Summary Index","US type of raw score for Particulate Matter Summary Index","Particulate Matter 2.5 EJ Index","","","","","999","","","22.8961","D2_PM25","","D2_PM25","","EJ.DISPARITY.pm.eo","D2_PM25"
"465","056602999","0566097","0","0","1","csv","D2_OZONE","","","D2_OZONE","EJ.DISPARITY.o3.eo","2","o3","","66","names_ej","0","0",0,0,"0",0,"1","1","0","EJ Index","EJ Index","Nation","us","1","usraw","raw","TRUE","raw data for indicator","raw","","","pop","wtdmean","","3","FALSE","FALSE","FALSE","","Summary Index: Ozone (raw)","US type of raw score for Ozone Summary Index","US type of raw score for Ozone Summary Index","Ozone EJ Index","","","","","999","","","10.64935","D2_OZONE","","D2_OZONE","","EJ.DISPARITY.o3.eo","D2_OZONE"
"466","056603999","0566098","0","0","1","csv","D2_NO2","","","D2_NO2","EJ.DISPARITY.no2.eo","3","no2","","66","names_ej","0","0",0,0,"0",0,"1","1","0","EJ Index","EJ Index","Nation","us","1","usraw","raw","TRUE","raw data for indicator","raw","","","pop","wtdmean","","3","FALSE","FALSE","FALSE","","Summary Index: NO2 (raw)","US type of raw score for Nitrogen Dioxide (NO2) Summary Index","US type of raw score for Nitrogen Dioxide (NO2) Summary Index","Nitrogen Dioxide (NO2) EJ Index","","","","","999","","","","","","D2_NO2","","EJ.DISPARITY.no2.eo","D2_NO2"
"467","056604999","0566099","0","0","1","csv","D2_DSLPM","","","D2_DSLPM","EJ.DISPARITY.dpm.eo","4","dpm","","66","names_ej","0","0",0,0,"0",0,"1","1","0","EJ Index","EJ Index","Nation","us","1","usraw","raw","TRUE","raw data for indicator","raw","","","pop","wtdmean","","3","FALSE","FALSE","FALSE","","Summary Index: Diesel PM (raw)","US type of raw score for Diesel Particulate Matter Summary Index","US type of raw score for Diesel Particulate Matter Summary Index","Diesel particulate matter EJ Index","","","","","999","","","9.051948","D2_DSLPM","","D2_DSLPM","","EJ.DISPARITY.dpm.eo","D2_DSLPM"
"468","056605999","0566101","0","0","1","csv","D2_RSEI_AIR","","","D2_RSEI_AIR","EJ.DISPARITY.rsei.eo","5","rsei","","66","names_ej","0","0",0,0,"0",0,"1","1","0","EJ Index","EJ Index","Nation","us","1","usraw","raw","TRUE","raw data for indicator","raw","","","pop","wtdmean","","3","FALSE","FALSE","FALSE","","Summary Index: Toxic Releases to Air (raw)","US type of raw score for Toxic Releases to Air Summary Index","US type of raw score for Toxic Releases to Air Summary Index","Toxic Releases to Air EJ Index","","","","","999","","","17.30519","D2_RSEI_AIR","","D2_RSEI_AIR","","EJ.DISPARITY.rsei.eo","D2_RSEI_AIR"
"469","056606999","0566102","0","0","1","csv","D2_PTRAF","","","D2_PTRAF","EJ.DISPARITY.traffic.score.eo","6","traffic.score","","66","names_ej","0","0",0,0,"0",0,"1","1","0","EJ Index","EJ Index","Nation","us","1","usraw","raw","TRUE","raw data for indicator","raw","","","pop","wtdmean","","3","FALSE","FALSE","FALSE","","Summary Index: Traffic (raw)","US type of raw score for Traffic Proximity and Volume Summary Index","US type of raw score for Traffic Proximity and Volume Summary Index","Traffic proximity EJ Index","","","","","999","","","8.519481","D2_PTRAF","","D2_PTRAF","","EJ.DISPARITY.traffic.score.eo","D2_PTRAF"
"470","056607999","0566103","0","0","1","csv","D2_LDPNT","","","D2_LDPNT","EJ.DISPARITY.pctpre1960.eo","7","pctpre1960","","66","names_ej","0","0",0,0,"0",0,"1","1","0","EJ Index","EJ Index","Nation","us","1","usraw","raw","TRUE","raw data for indicator","raw","","","pop","wtdmean","","3","FALSE","FALSE","FALSE","","Summary Index: %pre-1960 (raw)","US type of raw score for Lead Paint Summary Index","US type of raw score for Lead Paint Summary Index","Lead paint EJ Index","","","","","999","","","14.37662","D2_LDPNT","","D2_LDPNT","","EJ.DISPARITY.pctpre1960.eo","D2_LDPNT"
"471","056608999","0566104","0","0","1","csv","D2_PNPL","","","D2_PNPL","EJ.DISPARITY.proximity.npl.eo","8","proximity.npl","","66","names_ej","0","0",0,0,"0",0,"1","1","0","EJ Index","EJ Index","Nation","us","1","usraw","raw","TRUE","raw data for indicator","raw","","","pop","wtdmean","","3","FALSE","FALSE","FALSE","","Summary Index: NPL (raw)","US type of raw score for Superfund Proximity Summary Index","US type of raw score for Superfund Proximity Summary Index","Superfund Proximity EJ Index","","","","","999","","","14.64286","D2_PNPL","","D2_PNPL","","EJ.DISPARITY.proximity.npl.eo","D2_PNPL"
"472","056609999","0566105","0","0","1","csv","D2_PRMP","","","D2_PRMP","EJ.DISPARITY.proximity.rmp.eo","9","proximity.rmp","","66","names_ej","0","0",0,0,"0",0,"1","1","0","EJ Index","EJ Index","Nation","us","1","usraw","raw","TRUE","raw data for indicator","raw","","","pop","wtdmean","","3","FALSE","FALSE","FALSE","","Summary Index: RMP (raw)","US type of raw score for RMP Proximity Summary Index","US type of raw score for RMP Proximity Summary Index","RMP Facility Proximity EJ Index","","","","","999","","","6.38961","D2_PRMP","","D2_PRMP","","EJ.DISPARITY.proximity.rmp.eo","D2_PRMP"
"473","056610999","0566106","0","0","1","csv","D2_PTSDF","","","D2_PTSDF","EJ.DISPARITY.proximity.tsdf.eo","10","proximity.tsdf","","66","names_ej","0","0",0,0,"0",0,"1","1","0","EJ Index","EJ Index","Nation","us","1","usraw","raw","TRUE","raw data for indicator","raw","","","pop","wtdmean","","3","FALSE","FALSE","FALSE","","Summary Index: TSDF (raw)","US type of raw score for Hazardous Waste Proximity Summary Index","US type of raw score for Hazardous Waste Proximity Summary Index","Hazardous waste proximity EJ Index","","","","","999","","","3.461039","D2_PTSDF","","D2_PTSDF","","EJ.DISPARITY.proximity.tsdf.eo","D2_PTSDF"
"474","056611999","0566107","0","0","1","csv","D2_UST","","","D2_UST","EJ.DISPARITY.ust.eo","11","ust","","66","names_ej","0","0",0,0,"0",0,"1","1","0","EJ Index","EJ Index","Nation","us","1","usraw","raw","TRUE","raw data for indicator","raw","","","pop","wtdmean","","3","FALSE","FALSE","FALSE","","Summary Index: UST (raw)","US type of raw score for Underground Storage Tanks Summary Index","US type of raw score for Underground Storage Tanks Summary Index","Underground storage tanks EJ Index","","0","","","999","","","12.77922","D2_UST","","D2_UST","","EJ.DISPARITY.ust.eo","D2_UST"
"475","056612999","0566108","0","0","1","csv","D2_PWDIS","","","D2_PWDIS","EJ.DISPARITY.proximity.npdes.eo","12","proximity.npdes","","66","names_ej","0","0",0,0,"0",0,"1","1","0","EJ Index","EJ Index","Nation","us","1","usraw","raw","TRUE","raw data for indicator","raw","","","pop","wtdmean","","3","FALSE","FALSE","FALSE","","Summary Index: NPDES (raw)","US type of raw score for Wastewater Discharge Summary Index","US type of raw score for Wastewater Discharge Summary Index","Wastewater discharge EJ Index","","","","","999","","","21.83117","D2_PWDIS","","D2_PWDIS","","EJ.DISPARITY.proximity.npdes.eo","D2_PWDIS"
"476","056613999","0566109","0","0","1","csv","D2_DWATER","","","D2_DWATER","EJ.DISPARITY.drinking.eo","13","drinking","","66","names_ej","0","0",0,0,"0",0,"1","1","0","EJ Index","EJ Index","Nation","us","1","usraw","raw","TRUE","raw data for indicator","raw","","","pop","wtdmean","","3","FALSE","FALSE","FALSE","","Summary Index: Drinking (raw)","US type of raw score for Drinking Water Non-Compliance Summary Index","US type of raw score for Drinking Water Non-Compliance Summary Index","Drinking Water Non-Compliance EJ Index","","","","","999","","","","","","D2_DWATER","","EJ.DISPARITY.drinking.eo","D2_DWATER"
"477","056701999","0567096","0","0","1","csv","S_D2_PM25","","","S_D2_PM25","state.EJ.DISPARITY.pm.eo","1","pm","","67","names_ej_state","0","1",0,0,"0",0,"1","1","0","EJ Index","EJ Index","State","state","3","stateraw","raw","TRUE","raw data for indicator","raw","","","pop","wtdmean","","3","FALSE","FALSE","FALSE","","Summary Index: PM2.5 (state raw)","State type of raw score for Particulate Matter Summary Index","State type of raw score for Particulate Matter Summary Index","","","","","","999","","","22.8961","S_D2_PM25","","S_D2_PM25","","state.EJ.DISPARITY.pm.eo","S_D2_PM25"
"478","056702999","0567097","0","0","1","csv","S_D2_OZONE","","","S_D2_OZONE","state.EJ.DISPARITY.o3.eo","2","o3","","67","names_ej_state","0","1",0,0,"0",0,"1","1","0","EJ Index","EJ Index","State","state","3","stateraw","raw","TRUE","raw data for indicator","raw","","","pop","wtdmean","","3","FALSE","FALSE","FALSE","","Summary Index: Ozone (state raw)","State type of raw score for Ozone Summary Index","State type of raw score for Ozone Summary Index","","","","","","999","","","10.64935","S_D2_OZONE","","S_D2_OZONE","","state.EJ.DISPARITY.o3.eo","S_D2_OZONE"
"479","056703999","0567098","0","0","1","csv","S_D2_NO2","","","S_D2_NO2","state.EJ.DISPARITY.no2.eo","3","no2","","67","names_ej_state","0","1",0,0,"0",0,"1","1","0","EJ Index","EJ Index","State","state","3","stateraw","raw","TRUE","raw data for indicator","raw","","","pop","wtdmean","","3","FALSE","FALSE","FALSE","","Summary Index: NO2 (state raw)","State type of raw score for Nitrogen Dioxide (NO2) Summary Index","State type of raw score for Nitrogen Dioxide (NO2) Summary Index","","","","","","999","","","","","","S_D2_NO2","","state.EJ.DISPARITY.no2.eo","S_D2_NO2"
"480","056704999","0567099","0","0","1","csv","S_D2_DSLPM","","","S_D2_DSLPM","state.EJ.DISPARITY.dpm.eo","4","dpm","","67","names_ej_state","0","1",0,0,"0",0,"1","1","0","EJ Index","EJ Index","State","state","3","stateraw","raw","TRUE","raw data for indicator","raw","","","pop","wtdmean","","3","FALSE","FALSE","FALSE","","Summary Index: Diesel PM (state raw)","State type of raw score for Diesel Particulate Matter Summary Index","State type of raw score for Diesel Particulate Matter Summary Index","","","","","","999","","","9.051948","S_D2_DSLPM","","S_D2_DSLPM","","state.EJ.DISPARITY.dpm.eo","S_D2_DSLPM"
"481","056705999","0567101","0","0","1","csv","S_D2_RSEI_AIR","","","S_D2_RSEI_AIR","state.EJ.DISPARITY.rsei.eo","5","rsei","","67","names_ej_state","0","1",0,0,"0",0,"1","1","0","EJ Index","EJ Index","State","state","3","stateraw","raw","TRUE","raw data for indicator","raw","","","pop","wtdmean","","3","FALSE","FALSE","FALSE","","Summary Index: Toxic Releases to Air (state raw)","State type of raw score for Toxic Releases to Air Summary Index","State type of raw score for Toxic Releases to Air Summary Index","","","","","","999","","","17.30519","S_D2_RSEI_AIR","","S_D2_RSEI_AIR","","state.EJ.DISPARITY.rsei.eo","S_D2_RSEI_AIR"
"482","056706999","0567102","0","0","1","csv","S_D2_PTRAF","","","S_D2_PTRAF","state.EJ.DISPARITY.traffic.score.eo","6","traffic.score","","67","names_ej_state","0","1",0,0,"0",0,"1","1","0","EJ Index","EJ Index","State","state","3","stateraw","raw","TRUE","raw data for indicator","raw","","","pop","wtdmean","","3","FALSE","FALSE","FALSE","","Summary Index: Traffic (state raw)","State type of raw score for Traffic Proximity and Volume Summary Index","State type of raw score for Traffic Proximity and Volume Summary Index","","","","","","999","","","8.519481","S_D2_PTRAF","","S_D2_PTRAF","","state.EJ.DISPARITY.traffic.score.eo","S_D2_PTRAF"
"483","056707999","0567103","0","0","1","csv","S_D2_LDPNT","","","S_D2_LDPNT","state.EJ.DISPARITY.pctpre1960.eo","7","pctpre1960","","67","names_ej_state","0","1",0,0,"0",0,"1","1","0","EJ Index","EJ Index","State","state","3","stateraw","raw","TRUE","raw data for indicator","raw","","","pop","wtdmean","","3","FALSE","FALSE","FALSE","","Summary Index: %pre-1960 (state raw)","State type of raw score for Lead Paint Summary Index","State type of raw score for Lead Paint Summary Index","","","0","","","999","","","14.37662","S_D2_LDPNT","","S_D2_LDPNT","","state.EJ.DISPARITY.pctpre1960.eo","S_D2_LDPNT"
"484","056708999","0567104","0","0","1","csv","S_D2_PNPL","","","S_D2_PNPL","state.EJ.DISPARITY.proximity.npl.eo","8","proximity.npl","","67","names_ej_state","0","1",0,0,"0",0,"1","1","0","EJ Index","EJ Index","State","state","3","stateraw","raw","TRUE","raw data for indicator","raw","","","pop","wtdmean","","3","FALSE","FALSE","FALSE","","Summary Index: NPL (state raw)","State type of raw score for Superfund Proximity Summary Index","State type of raw score for Superfund Proximity Summary Index","","","","","","999","","","14.64286","S_D2_PNPL","","S_D2_PNPL","","state.EJ.DISPARITY.proximity.npl.eo","S_D2_PNPL"
"485","056709999","0567105","0","0","1","csv","S_D2_PRMP","","","S_D2_PRMP","state.EJ.DISPARITY.proximity.rmp.eo","9","proximity.rmp","","67","names_ej_state","0","1",0,0,"0",0,"1","1","0","EJ Index","EJ Index","State","state","3","stateraw","raw","TRUE","raw data for indicator","raw","","","pop","wtdmean","","3","FALSE","FALSE","FALSE","","Summary Index: RMP (state raw)","State type of raw score for RMP Proximity Summary Index","State type of raw score for RMP Proximity Summary Index","","","","","","999","","","6.38961","S_D2_PRMP","","S_D2_PRMP","","state.EJ.DISPARITY.proximity.rmp.eo","S_D2_PRMP"
"486","056710999","0567106","0","0","1","csv","S_D2_PTSDF","","","S_D2_PTSDF","state.EJ.DISPARITY.proximity.tsdf.eo","10","proximity.tsdf","","67","names_ej_state","0","1",0,0,"0",0,"1","1","0","EJ Index","EJ Index","State","state","3","stateraw","raw","TRUE","raw data for indicator","raw","","","pop","wtdmean","","3","FALSE","FALSE","FALSE","","Summary Index: TSDF (state raw)","State type of raw score for Hazardous Waste Proximity Summary Index","State type of raw score for Hazardous Waste Proximity Summary Index","","","","","","999","","","3.461039","S_D2_PTSDF","","S_D2_PTSDF","","state.EJ.DISPARITY.proximity.tsdf.eo","S_D2_PTSDF"
"487","056711999","0567107","0","0","1","csv","S_D2_UST","","","S_D2_UST","state.EJ.DISPARITY.ust.eo","11","ust","","67","names_ej_state","0","1",0,0,"0",0,"1","1","0","EJ Index","EJ Index","State","state","3","stateraw","raw","TRUE","raw data for indicator","raw","","","pop","wtdmean","","3","FALSE","FALSE","FALSE","","Summary Index: UST (state raw)","State type of raw score for Underground Storage Tanks Summary Index","State type of raw score for Underground Storage Tanks Summary Index","","","0","","","999","","","12.77922","S_D2_UST","","S_D2_UST","","state.EJ.DISPARITY.ust.eo","S_D2_UST"
"488","056712999","0567108","0","0","1","csv","S_D2_PWDIS","","","S_D2_PWDIS","state.EJ.DISPARITY.proximity.npdes.eo","12","proximity.npdes","","67","names_ej_state","0","1",0,0,"0",0,"1","1","0","EJ Index","EJ Index","State","state","3","stateraw","raw","TRUE","raw data for indicator","raw","","","pop","wtdmean","","3","FALSE","FALSE","FALSE","","Summary Index: NPDES (state raw)","State type of raw score for Wastewater Discharge Summary Index","State type of raw score for Wastewater Discharge Summary Index","","","","","","999","","","21.83117","S_D2_PWDIS","","S_D2_PWDIS","","state.EJ.DISPARITY.proximity.npdes.eo","S_D2_PWDIS"
"489","056713999","0567109","0","0","1","csv","S_D2_DWATER","","","S_D2_DWATER","state.EJ.DISPARITY.drinking.eo","13","drinking","","67","names_ej_state","0","1",0,0,"0",0,"1","1","0","EJ Index","EJ Index","State","state","3","stateraw","raw","TRUE","raw data for indicator","raw","","","pop","wtdmean","","3","FALSE","FALSE","FALSE","","Summary Index: Drinking (state raw)","State type of raw score for Drinking Water Non-Compliance Summary Index","State type of raw score for Drinking Water Non-Compliance Summary Index","","","","","","999","","","","","","S_D2_DWATER","","state.EJ.DISPARITY.drinking.eo","S_D2_DWATER"
"490","057001057","0570096","1","0","1","api","N_P2_PM25","","","P_D2_PM25","pctile.EJ.DISPARITY.pm.eo","1","pm","EJ.DISPARITY.pm.eo","70","names_ej_pctile","0","0",1,0,"0",0,"1","1","0","EJ Index","EJ Index","Nation","us","1","uspctile","pctile","TRUE","percentile","pctile","","","","lookedup","2","0","FALSE","FALSE","FALSE","","Summary Index: PM2.5 (US%ile)","US percentile for Summary Index for Particulate Matter","US percentile for Summary Index for Particulate Matter","Percentile for Particulate Matter 2.5 EJ Index","","National Percentile of Particulate Matter EJ Index","Particulate Matter","Particulate Matter 2.5 EJ Index (US%ile)","57","","8","71","P_D2_PM25","FALSE","P_D2_PM25","N_P2_PM25","pctile.EJ.DISPARITY.pm.eo","P_D2_PM25"
"491","057002058","0570097","1","0","1","api","N_P2_O3","","","P_D2_OZONE","pctile.EJ.DISPARITY.o3.eo","2","o3","EJ.DISPARITY.o3.eo","70","names_ej_pctile","0","0",1,0,"0",0,"1","1","0","EJ Index","EJ Index","Nation","us","1","uspctile","pctile","TRUE","percentile","pctile","","","","lookedup","2","0","FALSE","FALSE","FALSE","","Summary Index: Ozone (US%ile)","US percentile for Summary Index for Ozone","US percentile for Summary Index for Ozone","Percentile for Ozone EJ Index","","National Percentile of Ozone EJ Index","Ozone","Ozone EJ Index (US%ile)","58","","19","47","P_D2_OZONE","FALSE","P_D2_OZONE","N_P2_O3","pctile.EJ.DISPARITY.o3.eo","P_D2_OZONE"
"492","057003059","0570098","1","0","1","csv","P_D2_NO2","","","P_D2_NO2","pctile.EJ.DISPARITY.no2.eo","3","no2","","70","names_ej_pctile","0","0",1,0,"0",0,"1","1","0","EJ Index","EJ Index","Nation","us","1","uspctile","pctile","TRUE","percentile","pctile","","","","lookedup","2","0","FALSE","FALSE","FALSE","","Summary Index: NO2 (US%ile)","US percentile for Summary Index for Nitrogen Dioxide (NO2)","US percentile for Summary Index for Nitrogen Dioxide (NO2)","Percentile for Nitrogen Dioxide (NO2) EJ Index","","National Percentile of Nitrogen Dioxide EJ Index (NO2)","","","59","","","","","","P_D2_NO2","N_P2_NO2","pctile.EJ.DISPARITY.no2.eo","P_D2_NO2"
"493","057004060","0570099","1","0","1","api","N_P2_DIESEL","","","P_D2_DSLPM","pctile.EJ.DISPARITY.dpm.eo","4","dpm","EJ.DISPARITY.dpm.eo","70","names_ej_pctile","0","0",1,0,"0",0,"1","1","0","EJ Index","EJ Index","Nation","us","1","uspctile","pctile","TRUE","percentile","pctile","","","","lookedup","2","0","FALSE","FALSE","FALSE","","Summary Index: Diesel PM (US%ile)","US percentile for Summary Index for Diesel Particulate Matter","US percentile for Summary Index for Diesel Particulate Matter","Percentile for Diesel particulate matter EJ Index","","National Percentile of Diesel Particulate Matter EJ Index","Diesel Particulate Matter","Diesel Particulate Matter EJ Index (US%ile)","60","","3","42","P_D2_DSLPM","FALSE","P_D2_DSLPM","N_P2_DIESEL","pctile.EJ.DISPARITY.dpm.eo","P_D2_DSLPM"
"494","057005061","0570101","1","0","1","api","N_P2_RSEI_AIR","","","P_D2_RSEI_AIR","pctile.EJ.DISPARITY.rsei.eo","5","rsei","EJ.DISPARITY.rsei.eo","70","names_ej_pctile","0","0",1,0,"0",0,"1","1","0","EJ Index","EJ Index","Nation","us","1","uspctile","pctile","TRUE","percentile","pctile","","","","lookedup","2","0","FALSE","FALSE","FALSE","","Summary Index: Toxic Releases to Air (US%ile)","US percentile for Summary Index for Toxic Releases to Air","US percentile for Summary Index for Toxic Releases to Air","Percentile for Toxic Releases to Air EJ Index","","National Percentile of Toxic Releases to Air EJ Index","Toxic Releases To Air","Toxic Releases To Air EJ Index (US%ile)","61","","3","62","P_D2_RSEI_AIR","FALSE","P_D2_RSEI_AIR","N_P2_RSEI_AIR","pctile.EJ.DISPARITY.rsei.eo","P_D2_RSEI_AIR"
"495","057006062","0570102","1","0","1","api","N_P2_TRAFFIC","","","P_D2_PTRAF","pctile.EJ.DISPARITY.traffic.score.eo","6","traffic.score","EJ.DISPARITY.traffic.score.eo","70","names_ej_pctile","0","0",1,0,"0",0,"1","1","0","EJ Index","EJ Index","Nation","us","1","uspctile","pctile","TRUE","percentile","pctile","","","","lookedup","2","0","FALSE","FALSE","FALSE","","Summary Index: Traffic (US%ile)","US percentile for Summary Index for Traffic Proximity and Volume","US percentile for Summary Index for Traffic Proximity and Volume","Percentile for Traffic proximity EJ Index","","National Percentile of Traffic Proximity EJ Index","Traffic Proximity","Traffic Proximity EJ Index (US%ile)","62","","2","39","P_D2_PTRAF","FALSE","P_D2_PTRAF","N_P2_TRAFFIC","pctile.EJ.DISPARITY.traffic.score.eo","P_D2_PTRAF"
"496","057007063","0570103","1","0","1","api","N_P2_LEAD","","","P_D2_LDPNT","pctile.EJ.DISPARITY.pctpre1960.eo","7","pctpre1960","EJ.DISPARITY.pctpre1960.eo","70","names_ej_pctile","0","0",1,0,"0",0,"1","1","0","EJ Index","EJ Index","Nation","us","1","uspctile","pctile","TRUE","percentile","pctile","","","","lookedup","2","0","FALSE","FALSE","FALSE","","Summary Index: %pre-1960 (US%ile)","US percentile for Summary Index for Lead Paint Indicator","US percentile for Summary Index for Lead Paint Indicator","Percentile for Lead paint EJ Index","","National Percentile of Lead Paint EJ Index","Lead Paint","Lead Paint EJ Index (US%ile)","63","","48","56","P_D2_LDPNT","FALSE","P_D2_LDPNT","N_P2_LEAD","pctile.EJ.DISPARITY.pctpre1960.eo","P_D2_LDPNT"
"497","057008064","0570104","1","0","1","api","N_P2_NPL","","","P_D2_PNPL","pctile.EJ.DISPARITY.proximity.npl.eo","8","proximity.npl","EJ.DISPARITY.proximity.npl.eo","70","names_ej_pctile","0","0",1,0,"0",0,"1","1","0","EJ Index","EJ Index","Nation","us","1","uspctile","pctile","TRUE","percentile","pctile","","","","lookedup","2","0","FALSE","FALSE","FALSE","","Summary Index: NPL (US%ile)","US percentile for Summary Index for Superfund Proximity","US percentile for Summary Index for Superfund Proximity","Percentile for Superfund proximity EJ Index","","National Percentile of Superfund Proximity EJ Index","Superfund Proximity","Superfund Proximity EJ Index (US%ile)","64","","11","57","P_D2_PNPL","FALSE","P_D2_PNPL","N_P2_NPL","pctile.EJ.DISPARITY.proximity.npl.eo","P_D2_PNPL"
"498","057009065","0570105","1","0","1","api","N_P2_RMP","","","P_D2_PRMP","pctile.EJ.DISPARITY.proximity.rmp.eo","9","proximity.rmp","EJ.DISPARITY.proximity.rmp.eo","70","names_ej_pctile","0","0",1,0,"0",0,"1","1","0","EJ Index","EJ Index","Nation","us","1","uspctile","pctile","TRUE","percentile","pctile","","","","lookedup","2","0","FALSE","FALSE","FALSE","","Summary Index: RMP (US%ile)","US percentile for Summary Index for RMP Proximity","US percentile for Summary Index for RMP Proximity","Percentile for RMP Facility Proximity EJ Index","","National Percentile of RMP Facility Proximity EJ Index","RMP Facility Proximity","RMP Facility Proximity EJ Index (US%ile)","65","","14","32","P_D2_PRMP","FALSE","P_D2_PRMP","N_P2_RMP","pctile.EJ.DISPARITY.proximity.rmp.eo","P_D2_PRMP"
"499","057010066","0570106","1","0","1","api","N_P2_TSDF","","","P_D2_PTSDF","pctile.EJ.DISPARITY.proximity.tsdf.eo","10","proximity.tsdf","EJ.DISPARITY.proximity.tsdf.eo","70","names_ej_pctile","0","0",1,0,"0",0,"1","1","0","EJ Index","EJ Index","Nation","us","1","uspctile","pctile","TRUE","percentile","pctile","","","","lookedup","2","0","FALSE","FALSE","FALSE","","Summary Index: TSDF (US%ile)","US percentile for Summary Index for Hazardous Waste Proximity","US percentile for Summary Index for Hazardous Waste Proximity","Percentile for Hazardous waste proximity EJ Index","","National Percentile of Hazardous Waste Proximity EJ Index","Hazardous Waste Proximity","Hazardous Waste Proximity EJ Index (US%ile)","66","","0","21","P_D2_PTSDF","FALSE","P_D2_PTSDF","N_P2_TSDF","pctile.EJ.DISPARITY.proximity.tsdf.eo","P_D2_PTSDF"
"500","057011067","0570107","1","0","1","api","N_P2_UST","","","P_D2_UST","pctile.EJ.DISPARITY.ust.eo","11","ust","EJ.DISPARITY.ust.eo","70","names_ej_pctile","0","0",1,0,"0",0,"1","1","0","EJ Index","EJ Index","Nation","us","1","uspctile","pctile","TRUE","percentile","pctile","","","","lookedup","2","0","FALSE","FALSE","FALSE","","Summary Index: UST (US%ile)","US percentile for Summary Index for Underground Storage Tanks (UST) indicator","US percentile for Summary Index for Underground Storage Tanks (UST) indicator","Percentile for Underground storage tanks EJ Index","","National Percentile of Underground Storage Tanks EJ Index","Underground Storage Tanks","Underground Storage Tanks EJ Index (US%ile)","67","","0","53","P_D2_UST","FALSE","P_D2_UST","N_P2_UST","pctile.EJ.DISPARITY.ust.eo","P_D2_UST"
"501","057012068","0570108","1","0","1","api","N_P2_NPDES","","","P_D2_PWDIS","pctile.EJ.DISPARITY.proximity.npdes.eo","12","proximity.npdes","EJ.DISPARITY.proximity.npdes.eo","70","names_ej_pctile","0","0",1,0,"0",0,"1","1","0","EJ Index","EJ Index","Nation","us","1","uspctile","pctile","TRUE","percentile","pctile","","","","lookedup","2","0","FALSE","FALSE","FALSE","","Summary Index: NPDES (US%ile)","US percentile for Summary Index for Wastewater Discharge Indicator","US percentile for Summary Index for Wastewater Discharge Indicator","Percentile for Wastewater discharge EJ Index","","National Percentile of Wastewater Discharge EJ Index","Wastewater Discharge","Wastewater Discharge EJ Index (US%ile)","68","","25","69","P_D2_PWDIS","FALSE","P_D2_PWDIS","N_P2_NPDES","pctile.EJ.DISPARITY.proximity.npdes.eo","P_D2_PWDIS"
"502","057013069","0570109","1","0","1","csv","P_D2_DWATER","","","P_D2_DWATER","pctile.EJ.DISPARITY.drinking.eo","13","drinking","","70","names_ej_pctile","0","0",1,0,"0",0,"1","1","0","EJ Index","EJ Index","Nation","us","1","uspctile","pctile","TRUE","percentile","pctile","","","","lookedup","2","0","FALSE","FALSE","FALSE","","Summary Index: Drinking (US%ile)","US percentile for Summary Index for Drinking Water Non-Compliance","US percentile for Summary Index for Drinking Water Non-Compliance","Percentile for Drinking Water Non-Compliance EJ Index","","National Percentile of Drinking Water Non-Compliance EJ Index","","","69","","","","","","P_D2_DWATER","N_P2_DWATER","pctile.EJ.DISPARITY.drinking.eo","P_D2_DWATER"
"503","057101044","0571096","1","0","1","api","S_P2_PM25","","","S_P_D2_PM25","state.pctile.EJ.DISPARITY.pm.eo","1","pm","EJ.DISPARITY.pm.eo","71","names_ej_state_pctile","0","1",1,0,"0",0,"1","1","0","EJ Index","EJ Index","State","state","3","statepctile","pctile","TRUE","percentile","pctile","","","","lookedup","2","0","FALSE","FALSE","FALSE","","Summary Index: PM2.5 (State%ile)","State percentile for Summary Index for Particulate Matter","State percentile for Summary Index for Particulate Matter","","","State Percentile of Particulate Matter EJ Index","Particulate Matter","Particulate Matter 2.5 EJ Index (State%ile)","44","","0","71","S_P_D2_PM25","FALSE","S_P_D2_PM25","S_P2_PM25","state.pctile.EJ.DISPARITY.pm.eo","S_P_D2_PM25"
"504","057102045","0571097","1","0","1","api","S_P2_O3","","","S_P_D2_OZONE","state.pctile.EJ.DISPARITY.o3.eo","2","o3","EJ.DISPARITY.o3.eo","71","names_ej_state_pctile","0","1",1,0,"0",0,"1","1","0","EJ Index","EJ Index","State","state","3","statepctile","pctile","TRUE","percentile","pctile","","","","lookedup","2","0","FALSE","FALSE","FALSE","","Summary Index: Ozone (State%ile)","State percentile for Summary Index for Ozone","State percentile for Summary Index for Ozone","","","State Percentile of Ozone EJ Index","Ozone","Ozone EJ Index (State%ile)","45","","0","47","S_P_D2_OZONE","FALSE","S_P_D2_OZONE","S_P2_O3","state.pctile.EJ.DISPARITY.o3.eo","S_P_D2_OZONE"
"505","057103046","0571098","1","0","1","csv","S_P_D2_NO2","","","S_P_D2_NO2","state.pctile.EJ.DISPARITY.no2.eo","3","no2","","71","names_ej_state_pctile","0","1",1,0,"0",0,"1","1","0","EJ Index","EJ Index","State","state","3","statepctile","pctile","TRUE","percentile","pctile","","","","lookedup","2","0","FALSE","FALSE","FALSE","","Summary Index: NO2 (State%ile)","State percentile for Summary Index for Nitrogen Dioxide (NO2)","State percentile for Summary Index for Nitrogen Dioxide (NO2)","","","State Percentile of Nitrogen Dioxide (NO2) EJ Index","","","46","","","","","","S_P_D2_NO2","S_P2_NO2","state.pctile.EJ.DISPARITY.no2.eo","S_P_D2_NO2"
"506","057104047","0571099","1","0","1","api","S_P2_DIESEL","","","S_P_D2_DSLPM","state.pctile.EJ.DISPARITY.dpm.eo","4","dpm","EJ.DISPARITY.dpm.eo","71","names_ej_state_pctile","0","1",1,0,"0",0,"1","1","0","EJ Index","EJ Index","State","state","3","statepctile","pctile","TRUE","percentile","pctile","","","","lookedup","2","0","FALSE","FALSE","FALSE","","Summary Index: Diesel PM (State%ile)","State percentile for Summary Index for Diesel Particulate Matter","State percentile for Summary Index for Diesel Particulate Matter","","","State Percentile of Diesel Particulate Matter EJ Index","Diesel Particulate Matter","Diesel Particulate Matter EJ Index (State%ile)","47","","0","42","S_P_D2_DSLPM","FALSE","S_P_D2_DSLPM","S_P2_DIESEL","state.pctile.EJ.DISPARITY.dpm.eo","S_P_D2_DSLPM"
"507","057105048","0571101","1","0","1","api","S_P2_RSEI_AIR","","","S_P_D2_RSEI_AIR","state.pctile.EJ.DISPARITY.rsei.eo","5","rsei","EJ.DISPARITY.rsei.eo","71","names_ej_state_pctile","0","1",1,0,"0",0,"1","1","0","EJ Index","EJ Index","State","state","3","statepctile","pctile","TRUE","percentile","pctile","","","","lookedup","2","0","FALSE","FALSE","FALSE","","Summary Index: Toxic Releases to Air (State%ile)","State percentile for Summary Index for Toxic Releases to Air","State percentile for Summary Index for Toxic Releases to Air","","","State Percentile of Toxic Releases to Air EJ Index","Toxic Releases To Air","Toxic Releases To Air EJ Index (State%ile)","48","","4","62","S_P_D2_RSEI_AIR","FALSE","S_P_D2_RSEI_AIR","S_P2_RSEI_AIR","state.pctile.EJ.DISPARITY.rsei.eo","S_P_D2_RSEI_AIR"
"508","057106049","0571102","1","0","1","api","S_P2_TRAFFIC","","","S_P_D2_PTRAF","state.pctile.EJ.DISPARITY.traffic.score.eo","6","traffic.score","EJ.DISPARITY.traffic.score.eo","71","names_ej_state_pctile","0","1",1,0,"0",0,"1","1","0","EJ Index","EJ Index","State","state","3","statepctile","pctile","TRUE","percentile","pctile","","","","lookedup","2","0","FALSE","FALSE","FALSE","","Summary Index: Traffic (State%ile)","State percentile for Summary Index for Traffic Proximity and Volume","State percentile for Summary Index for Traffic Proximity and Volume","","","State Percentile of Traffic Proximity EJ Index","Traffic Proximity","Traffic Proximity EJ Index (State%ile)","49","","4","39","S_P_D2_PTRAF","FALSE","S_P_D2_PTRAF","S_P2_TRAFFIC","state.pctile.EJ.DISPARITY.traffic.score.eo","S_P_D2_PTRAF"
"509","057107050","0571103","1","0","1","api","S_P2_LEAD","","","S_P_D2_LDPNT","state.pctile.EJ.DISPARITY.pctpre1960.eo","7","pctpre1960","EJ.DISPARITY.pctpre1960.eo","71","names_ej_state_pctile","0","1",1,0,"0",0,"1","1","0","EJ Index","EJ Index","State","state","3","statepctile","pctile","TRUE","percentile","pctile","","","","lookedup","2","0","FALSE","FALSE","FALSE","","Summary Index: %pre-1960 (State%ile)","State percentile for Summary Index for Lead Paint Indicator","State percentile for Summary Index for Lead Paint Indicator","","","State Percentile of Lead Paint EJ Index","Lead Paint","Lead Paint EJ Index (State%ile)","50","","40","56","S_P_D2_LDPNT","FALSE","S_P_D2_LDPNT","S_P2_LEAD","state.pctile.EJ.DISPARITY.pctpre1960.eo","S_P_D2_LDPNT"
"510","057108051","0571104","1","0","1","api","S_P2_NPL","","","S_P_D2_PNPL","state.pctile.EJ.DISPARITY.proximity.npl.eo","8","proximity.npl","EJ.DISPARITY.proximity.npl.eo","71","names_ej_state_pctile","0","1",1,0,"0",0,"1","1","0","EJ Index","EJ Index","State","state","3","statepctile","pctile","TRUE","percentile","pctile","","","","lookedup","2","0","FALSE","FALSE","FALSE","","Summary Index: NPL (State%ile)","State percentile for Summary Index for Superfund Proximity","State percentile for Summary Index for Superfund Proximity","","","State Percentile of Superfund Proximity EJ Index","Superfund Proximity","Superfund Proximity EJ Index (State%ile)","51","","16","57","S_P_D2_PNPL","FALSE","S_P_D2_PNPL","S_P2_NPL","state.pctile.EJ.DISPARITY.proximity.npl.eo","S_P_D2_PNPL"
"511","057109052","0571105","1","0","1","api","S_P2_RMP","","","S_P_D2_PRMP","state.pctile.EJ.DISPARITY.proximity.rmp.eo","9","proximity.rmp","EJ.DISPARITY.proximity.rmp.eo","71","names_ej_state_pctile","0","1",1,0,"0",0,"1","1","0","EJ Index","EJ Index","State","state","3","statepctile","pctile","TRUE","percentile","pctile","","","","lookedup","2","0","FALSE","FALSE","FALSE","","Summary Index: RMP (State%ile)","State percentile for Summary Index for RMP Proximity","State percentile for Summary Index for RMP Proximity","","","State Percentile of RMP Facility Proximity EJ Index","RMP Facility Proximity","RMP Facility Proximity EJ Index (State%ile)","52","","9","32","S_P_D2_PRMP","FALSE","S_P_D2_PRMP","S_P2_RMP","state.pctile.EJ.DISPARITY.proximity.rmp.eo","S_P_D2_PRMP"
"512","057110053","0571106","1","0","1","api","S_P2_TSDF","","","S_P_D2_PTSDF","state.pctile.EJ.DISPARITY.proximity.tsdf.eo","10","proximity.tsdf","EJ.DISPARITY.proximity.tsdf.eo","71","names_ej_state_pctile","0","1",1,0,"0",0,"1","1","0","EJ Index","EJ Index","State","state","3","statepctile","pctile","TRUE","percentile","pctile","","","","lookedup","2","0","FALSE","FALSE","FALSE","","Summary Index: TSDF (State%ile)","State percentile for Summary Index for Hazardous Waste Proximity","State percentile for Summary Index for Hazardous Waste Proximity","","","State Percentile of Hazardous Waste Proximity EJ Index","Hazardous Waste Proximity","Hazardous Waste Proximity EJ Index (State%ile)","53","","0","21","S_P_D2_PTSDF","FALSE","S_P_D2_PTSDF","S_P2_TSDF","state.pctile.EJ.DISPARITY.proximity.tsdf.eo","S_P_D2_PTSDF"
"513","057111054","0571107","1","0","1","api","S_P2_UST","","","S_P_D2_UST","state.pctile.EJ.DISPARITY.ust.eo","11","ust","EJ.DISPARITY.ust.eo","71","names_ej_state_pctile","0","1",1,0,"0",0,"1","1","0","EJ Index","EJ Index","State","state","3","statepctile","pctile","TRUE","percentile","pctile","","","","lookedup","2","0","FALSE","FALSE","FALSE","","Summary Index: UST (State%ile)","State percentile for Summary Index for Underground Storage Tanks (UST) indicator","State percentile for Summary Index for Underground Storage Tanks (UST) indicator","","","State Percentile of Underground Storage Tanks EJ Index","Underground Storage Tanks","Underground Storage Tanks EJ Index (State%ile)","54","","0","53","S_P_D2_UST","FALSE","S_P_D2_UST","S_P2_UST","state.pctile.EJ.DISPARITY.ust.eo","S_P_D2_UST"
"514","057112055","0571108","1","0","1","api","S_P2_NPDES","","","S_P_D2_PWDIS","state.pctile.EJ.DISPARITY.proximity.npdes.eo","12","proximity.npdes","EJ.DISPARITY.proximity.npdes.eo","71","names_ej_state_pctile","0","1",1,0,"0",0,"1","1","0","EJ Index","EJ Index","State","state","3","statepctile","pctile","TRUE","percentile","pctile","","","","lookedup","2","0","FALSE","FALSE","FALSE","","Summary Index: NPDES (State%ile)","State percentile for Summary Index for Wastewater Discharge Indicator","State percentile for Summary Index for Wastewater Discharge Indicator","","","State Percentile of Wastewater Discharge EJ Index","Wastewater Discharge","Wastewater Discharge EJ Index (State%ile)","55","","25","69","S_P_D2_PWDIS","FALSE","S_P_D2_PWDIS","S_P2_NPDES","state.pctile.EJ.DISPARITY.proximity.npdes.eo","S_P_D2_PWDIS"
"515","057113056","0571109","1","0","1","csv","S_P_D2_DWATER","","","S_P_D2_DWATER","state.pctile.EJ.DISPARITY.drinking.eo","13","drinking","","71","names_ej_state_pctile","0","1",1,0,"0",0,"1","1","0","EJ Index","EJ Index","State","state","3","statepctile","pctile","TRUE","percentile","pctile","","","","lookedup","2","0","FALSE","FALSE","FALSE","","Summary Index: Drinking (State%ile)","State percentile for Summary Index for Drinking Water Non-Compliance","State percentile for Summary Index for Drinking Water Non-Compliance","","","State Percentile of Drinking Water Non-Compliance (points) EJ Index","","","56","","","","","","S_P_D2_DWATER","S_P2_DWATER","state.pctile.EJ.DISPARITY.drinking.eo","S_P_D2_DWATER"
"516","057401999","0574096","0","0","1","csv","D5_PM25","","","D5_PM25","EJ.DISPARITY.pm.supp","1","pm","EJ.DISPARITY.pm.supp","74","names_ej_supp","0","0",0,0,"0",0,"1","0","1","EJ Index","EJ Index","Nation","us","1","usraw","raw","TRUE","raw data for indicator","raw","","","pop","wtdmean","","3","FALSE","FALSE","FALSE","","Summary Suppl.  Index: PM2.5 (raw)","US type of raw score for Particulate Matter Supplemental Summary Index","US type of raw score for Particulate Matter Supplemental Summary Index","Particulate Matter 2.5 Supplemental Index","","0","","Particulate Matter 2.5 Supplemental Index","999","","","14.76675","D5_PM25","TRUE","D5_PM25","","EJ.DISPARITY.pm.supp","D5_PM25"
"517","057402999","0574097","0","0","1","csv","D5_OZONE","","","D5_OZONE","EJ.DISPARITY.o3.supp","2","o3","EJ.DISPARITY.o3.supp","74","names_ej_supp","0","0",0,0,"0",0,"1","0","1","EJ Index","EJ Index","Nation","us","1","usraw","raw","TRUE","raw data for indicator","raw","","","pop","wtdmean","","3","FALSE","FALSE","FALSE","","Summary Suppl.  Index: Ozone (raw)","US type of raw score for Ozone Supplemental Summary Index","US type of raw score for Ozone Supplemental Summary Index","","","","","Ozone Supplemental Index","999","","","6.868256","D5_OZONE","TRUE","D5_OZONE","","EJ.DISPARITY.o3.supp","D5_OZONE"
"518","057403999","0574098","0","0","1","csv","D5_NO2","","","D5_NO2","EJ.DISPARITY.no2.supp","3","no2","","74","names_ej_supp","0","0",0,0,"0",0,"1","0","1","EJ Index","EJ Index","Nation","us","1","usraw","raw","TRUE","raw data for indicator","raw","","","pop","wtdmean","","3","FALSE","FALSE","FALSE","","Summary Suppl.  Index: NO2 (raw)","US type of raw score for Nitrogen Dioxide (NO2) Supplemental Summary Index","US type of raw score for Nitrogen Dioxide (NO2) Supplemental Summary Index","Nitrogen Dioxide (NO2) Supplemental Index","","","","","999","","","","","","D5_NO2","","EJ.DISPARITY.no2.supp","D5_NO2"
"519","057404999","0574099","0","0","1","csv","D5_DSLPM","","","D5_DSLPM","EJ.DISPARITY.dpm.supp","4","dpm","EJ.DISPARITY.dpm.supp","74","names_ej_supp","0","0",0,0,"0",0,"1","0","1","EJ Index","EJ Index","Nation","us","1","usraw","raw","TRUE","raw data for indicator","raw","","","pop","wtdmean","","3","FALSE","FALSE","FALSE","","Summary Suppl.  Index: Diesel PM (raw)","US type of raw score for Diesel Particulate Matter Supplemental Summary Index","US type of raw score for Diesel Particulate Matter Supplemental Summary Index","","","","","Diesel Particulate Matter Supplemental Index","999","","","5.838017","D5_DSLPM","TRUE","D5_DSLPM","","EJ.DISPARITY.dpm.supp","D5_DSLPM"
"520","057405999","0574101","0","0","1","csv","D5_RSEI_AIR","","","D5_RSEI_AIR","EJ.DISPARITY.rsei.supp","5","rsei","rsei","74","names_ej_supp","0","0",0,0,"0",0,"1","0","1","EJ Index","EJ Index","Nation","us","1","usraw","raw","TRUE","raw data for indicator","raw","","","pop","wtdmean","","3","FALSE","FALSE","FALSE","","Summary Suppl.  Index: Toxic Releases to Air (raw)","US type of raw score for Toxic Releases to Air Supplemental Summary Index","US type of raw score for Toxic Releases to Air Supplemental Summary Index","Toxic Releases to Air Supplemental Index","","","","","999","","","11.16092","D5_RSEI_AIR","","D5_RSEI_AIR","","EJ.DISPARITY.rsei.supp","D5_RSEI_AIR"
"521","057406999","0574102","0","0","1","csv","D5_PTRAF","","","D5_PTRAF","EJ.DISPARITY.traffic.score.supp","6","traffic.score","EJ.DISPARITY.traffic.score.supp","74","names_ej_supp","0","0",0,0,"0",0,"1","0","1","EJ Index","EJ Index","Nation","us","1","usraw","raw","TRUE","raw data for indicator","raw","","","pop","wtdmean","","3","FALSE","FALSE","FALSE","","Summary Suppl.  Index: Traffic (raw)","US type of raw score for Traffic Proximity and Volume Supplemental Summary Index","US type of raw score for Traffic Proximity and Volume Supplemental Summary Index","","","","","Traffic Proximity Supplemental Index","999","","","5.494605","D5_PTRAF","TRUE","D5_PTRAF","","EJ.DISPARITY.traffic.score.supp","D5_PTRAF"
"522","057407999","0574103","0","0","1","csv","D5_LDPNT","","","D5_LDPNT","EJ.DISPARITY.pctpre1960.supp","7","pctpre1960","EJ.DISPARITY.pctpre1960.supp","74","names_ej_supp","0","0",0,0,"0",0,"1","0","1","EJ Index","EJ Index","Nation","us","1","usraw","raw","TRUE","raw data for indicator","raw","","","pop","wtdmean","","3","FALSE","FALSE","FALSE","","Summary Suppl.  Index: %pre-1960 (raw)","US type of raw score for Lead Paint Supplemental Summary Index","US type of raw score for Lead Paint Supplemental Summary Index","","","","","Lead Paint Supplemental Index","999","","","9.272145","D5_LDPNT","TRUE","D5_LDPNT","","EJ.DISPARITY.pctpre1960.supp","D5_LDPNT"
"523","057408999","0574104","0","0","1","csv","D5_PNPL","","","D5_PNPL","EJ.DISPARITY.proximity.npl.supp","8","proximity.npl","EJ.DISPARITY.proximity.npl.supp","74","names_ej_supp","0","0",0,0,"0",0,"1","0","1","EJ Index","EJ Index","Nation","us","1","usraw","raw","TRUE","raw data for indicator","raw","","","pop","wtdmean","","3","FALSE","FALSE","FALSE","","Summary Suppl.  Index: NPL (raw)","US type of raw score for Superfund Proximity Supplemental Summary Index","US type of raw score for Superfund Proximity Supplemental Summary Index","","","","","Superfund Proximity Supplemental Index","999","","","9.443852","D5_PNPL","TRUE","D5_PNPL","","EJ.DISPARITY.proximity.npl.supp","D5_PNPL"
"524","057409999","0574105","0","0","1","csv","D5_PRMP","","","D5_PRMP","EJ.DISPARITY.proximity.rmp.supp","9","proximity.rmp","EJ.DISPARITY.proximity.rmp.supp","74","names_ej_supp","0","0",0,0,"0",0,"1","0","1","EJ Index","EJ Index","Nation","us","1","usraw","raw","TRUE","raw data for indicator","raw","","","pop","wtdmean","","3","FALSE","FALSE","FALSE","","Summary Suppl.  Index: RMP (raw)","US type of raw score for RMP Proximity Supplemental Summary Index","US type of raw score for RMP Proximity Supplemental Summary Index","","","","","RMP Facility Proximity Supplemental Index","999","","","4.120954","D5_PRMP","TRUE","D5_PRMP","","EJ.DISPARITY.proximity.rmp.supp","D5_PRMP"
"525","057410999","0574106","0","0","1","csv","D5_PTSDF","","","D5_PTSDF","EJ.DISPARITY.proximity.tsdf.supp","10","proximity.tsdf","EJ.DISPARITY.proximity.tsdf.supp","74","names_ej_supp","0","0",0,0,"0",0,"1","0","1","EJ Index","EJ Index","Nation","us","1","usraw","raw","TRUE","raw data for indicator","raw","","","pop","wtdmean","","3","FALSE","FALSE","FALSE","","Summary Suppl.  Index: TSDF (raw)","US type of raw score for Hazardous Waste Proximity Supplemental Summary Index","US type of raw score for Hazardous Waste Proximity Supplemental Summary Index","","","","","Hazardous Waste Proximity Supplemental Index","999","","","2.232183","D5_PTSDF","TRUE","D5_PTSDF","","EJ.DISPARITY.proximity.tsdf.supp","D5_PTSDF"
"526","057411999","0574107","0","0","1","csv","D5_UST","","","D5_UST","EJ.DISPARITY.ust.supp","11","ust","EJ.DISPARITY.ust.supp","74","names_ej_supp","0","0",0,0,"0",0,"1","0","1","EJ Index","EJ Index","Nation","us","1","usraw","raw","TRUE","raw data for indicator","raw","","","pop","wtdmean","","3","FALSE","FALSE","FALSE","","Summary Suppl.  Index: UST (raw)","US type of raw score for Underground Storage Tanks Supplemental Summary Index","US type of raw score for Underground Storage Tanks Supplemental Summary Index","","","","","Underground Storage Tanks Supplemental Index","999","","","8.241907","D5_UST","TRUE","D5_UST","","EJ.DISPARITY.ust.supp","D5_UST"
"527","057412999","0574108","0","0","1","csv","D5_PWDIS","","","D5_PWDIS","EJ.DISPARITY.proximity.npdes.supp","12","proximity.npdes","EJ.DISPARITY.proximity.npdes.supp","74","names_ej_supp","0","0",0,0,"0",0,"1","0","1","EJ Index","EJ Index","Nation","us","1","usraw","raw","TRUE","raw data for indicator","raw","","","pop","wtdmean","","3","FALSE","FALSE","FALSE","","Summary Suppl.  Index: NPDES (raw)","US type of raw score for Wastewater Discharge Supplemental Summary Index","US type of raw score for Wastewater Discharge Supplemental Summary Index","","","","","Wastewater Discharge Supplemental Index","999","","","14.07992","D5_PWDIS","TRUE","D5_PWDIS","","EJ.DISPARITY.proximity.npdes.supp","D5_PWDIS"
"528","057413999","0574109","0","0","1","csv","D5_DWATER","","","D5_DWATER","EJ.DISPARITY.drinking.supp","13","drinking","","74","names_ej_supp","0","0",0,0,"0",0,"1","0","1","EJ Index","EJ Index","Nation","us","1","usraw","raw","TRUE","raw data for indicator","raw","","","pop","wtdmean","","3","FALSE","FALSE","FALSE","","Summary Suppl.  Index: Drinking (raw)","US type of raw score for Drinking Water Non-Compliance Supplemental Summary Index","US type of raw score for Drinking Water Non-Compliance Supplemental Summary Index","Drinking Water Non-Compliance Supplemental Index","","","","","999","","","","","","D5_DWATER","","EJ.DISPARITY.drinking.supp","D5_DWATER"
"529","057501999","0575096","0","0","1","csv","S_D5_PM25","","","S_D5_PM25","state.EJ.DISPARITY.pm.supp","1","pm","","75","names_ej_supp_state","0","1",0,0,"0",0,"1","0","1","EJ Index","EJ Index","State","state","3","stateraw","raw","TRUE","raw data for indicator","raw","","","pop","wtdmean","","3","FALSE","FALSE","FALSE","","Summary Suppl.  Index: PM2.5 (state raw)","State type of raw score for Particulate Matter Supplemental Summary Index","State type of raw score for Particulate Matter Supplemental Summary Index","","","","","","999","","","14.76675","S_D5_PM25","","S_D5_PM25","","state.EJ.DISPARITY.pm.supp","S_D5_PM25"
"530","057502999","0575097","0","0","1","csv","S_D5_OZONE","","","S_D5_OZONE","state.EJ.DISPARITY.o3.supp","2","o3","","75","names_ej_supp_state","0","1",0,0,"0",0,"1","0","1","EJ Index","EJ Index","State","state","3","stateraw","raw","TRUE","raw data for indicator","raw","","","pop","wtdmean","","3","FALSE","FALSE","FALSE","","Summary Suppl.  Index: Ozone (state raw)","State type of raw score for Ozone Supplemental Summary Index","State type of raw score for Ozone Supplemental Summary Index","","","","","","999","","","6.868256","S_D5_OZONE","","S_D5_OZONE","","state.EJ.DISPARITY.o3.supp","S_D5_OZONE"
"531","057503999","0575098","0","0","1","csv","S_D5_NO2","","","S_D5_NO2","state.EJ.DISPARITY.no2.supp","3","no2","","75","names_ej_supp_state","0","1",0,0,"0",0,"1","0","1","EJ Index","EJ Index","State","state","3","stateraw","raw","TRUE","raw data for indicator","raw","","","pop","wtdmean","","3","FALSE","FALSE","FALSE","","Summary Suppl.  Index: NO2 (state raw)","State type of raw score for Nitrogen Dioxide (NO2) Supplemental Summary Index","State type of raw score for Nitrogen Dioxide (NO2) Supplemental Summary Index","","","","","","999","","","","","","S_D5_NO2","","state.EJ.DISPARITY.no2.supp","S_D5_NO2"
"532","057504999","0575099","0","0","1","csv","S_D5_DSLPM","","","S_D5_DSLPM","state.EJ.DISPARITY.dpm.supp","4","dpm","","75","names_ej_supp_state","0","1",0,0,"0",0,"1","0","1","EJ Index","EJ Index","State","state","3","stateraw","raw","TRUE","raw data for indicator","raw","","","pop","wtdmean","","3","FALSE","FALSE","FALSE","","Summary Suppl.  Index: Diesel PM (state raw)","State type of raw score for Diesel Particulate Matter Supplemental Summary Index","State type of raw score for Diesel Particulate Matter Supplemental Summary Index","","","0","","","999","","","5.838017","S_D5_DSLPM","","S_D5_DSLPM","","state.EJ.DISPARITY.dpm.supp","S_D5_DSLPM"
"533","057505999","0575101","0","0","1","csv","S_D5_RSEI_AIR","","","S_D5_RSEI_AIR","state.EJ.DISPARITY.rsei.supp","5","rsei","","75","names_ej_supp_state","0","1",0,0,"0",0,"1","0","1","EJ Index","EJ Index","State","state","3","stateraw","raw","TRUE","raw data for indicator","raw","","","pop","wtdmean","","3","FALSE","FALSE","FALSE","","Summary Suppl.  Index: Toxic Releases to Air (state raw)","State type of raw score for Toxic Releases to Air Supplemental Summary Index","State type of raw score for Toxic Releases to Air Supplemental Summary Index","","","","","","999","","","11.16092","S_D5_RSEI_AIR","","S_D5_RSEI_AIR","","state.EJ.DISPARITY.rsei.supp","S_D5_RSEI_AIR"
"534","057506999","0575102","0","0","1","csv","S_D5_PTRAF","","","S_D5_PTRAF","state.EJ.DISPARITY.traffic.score.supp","6","traffic.score","","75","names_ej_supp_state","0","1",0,0,"0",0,"1","0","1","EJ Index","EJ Index","State","state","3","stateraw","raw","TRUE","raw data for indicator","raw","","","pop","wtdmean","","3","FALSE","FALSE","FALSE","","Summary Suppl.  Index: Traffic (state raw)","State type of raw score for Traffic Proximity and Volume Supplemental Summary Index","State type of raw score for Traffic Proximity and Volume Supplemental Summary Index","","","","","","999","","","5.494605","S_D5_PTRAF","","S_D5_PTRAF","","state.EJ.DISPARITY.traffic.score.supp","S_D5_PTRAF"
"535","057507999","0575103","0","0","1","csv","S_D5_LDPNT","","","S_D5_LDPNT","state.EJ.DISPARITY.pctpre1960.supp","7","pctpre1960","","75","names_ej_supp_state","0","1",0,0,"0",0,"1","0","1","EJ Index","EJ Index","State","state","3","stateraw","raw","TRUE","raw data for indicator","raw","","","pop","wtdmean","","3","FALSE","FALSE","FALSE","","Summary Suppl.  Index: %pre-1960 (state raw)","State type of raw score for Lead Paint Supplemental Summary Index","State type of raw score for Lead Paint Supplemental Summary Index","","","","","","999","","","9.272145","S_D5_LDPNT","","S_D5_LDPNT","","state.EJ.DISPARITY.pctpre1960.supp","S_D5_LDPNT"
"536","057508999","0575104","0","0","1","csv","S_D5_PNPL","","","S_D5_PNPL","state.EJ.DISPARITY.proximity.npl.supp","8","proximity.npl","","75","names_ej_supp_state","0","1",0,0,"0",0,"1","0","1","EJ Index","EJ Index","State","state","3","stateraw","raw","TRUE","raw data for indicator","raw","","","pop","wtdmean","","3","FALSE","FALSE","FALSE","","Summary Suppl.  Index: NPL (state raw)","State type of raw score for Superfund Proximity Supplemental Summary Index","State type of raw score for Superfund Proximity Supplemental Summary Index","","","","","","999","","","9.443852","S_D5_PNPL","","S_D5_PNPL","","state.EJ.DISPARITY.proximity.npl.supp","S_D5_PNPL"
"537","057509999","0575105","0","0","1","csv","S_D5_PRMP","","","S_D5_PRMP","state.EJ.DISPARITY.proximity.rmp.supp","9","proximity.rmp","","75","names_ej_supp_state","0","1",0,0,"0",0,"1","0","1","EJ Index","EJ Index","State","state","3","stateraw","raw","TRUE","raw data for indicator","raw","","","pop","wtdmean","","3","FALSE","FALSE","FALSE","","Summary Suppl.  Index: RMP (state raw)","State type of raw score for RMP Proximity Supplemental Summary Index","State type of raw score for RMP Proximity Supplemental Summary Index","","","","","","999","","","4.120954","S_D5_PRMP","","S_D5_PRMP","","state.EJ.DISPARITY.proximity.rmp.supp","S_D5_PRMP"
"538","057510999","0575106","0","0","1","csv","S_D5_PTSDF","","","S_D5_PTSDF","state.EJ.DISPARITY.proximity.tsdf.supp","10","proximity.tsdf","","75","names_ej_supp_state","0","1",0,0,"0",0,"1","0","1","EJ Index","EJ Index","State","state","3","stateraw","raw","TRUE","raw data for indicator","raw","","","pop","wtdmean","","3","FALSE","FALSE","FALSE","","Summary Suppl.  Index: TSDF (state raw)","State type of raw score for Hazardous Waste Proximity Supplemental Summary Index","State type of raw score for Hazardous Waste Proximity Supplemental Summary Index","","","","","","999","","","2.232183","S_D5_PTSDF","","S_D5_PTSDF","","state.EJ.DISPARITY.proximity.tsdf.supp","S_D5_PTSDF"
"539","057511999","0575107","0","0","1","csv","S_D5_UST","","","S_D5_UST","state.EJ.DISPARITY.ust.supp","11","ust","","75","names_ej_supp_state","0","1",0,0,"0",0,"1","0","1","EJ Index","EJ Index","State","state","3","stateraw","raw","TRUE","raw data for indicator","raw","","","pop","wtdmean","","3","FALSE","FALSE","FALSE","","Summary Suppl.  Index: UST (state raw)","State type of raw score for Underground Storage Tanks Supplemental Summary Index","State type of raw score for Underground Storage Tanks Supplemental Summary Index","","","","","","999","","","8.241907","S_D5_UST","","S_D5_UST","","state.EJ.DISPARITY.ust.supp","S_D5_UST"
"540","057512999","0575108","0","0","1","csv","S_D5_PWDIS","","","S_D5_PWDIS","state.EJ.DISPARITY.proximity.npdes.supp","12","proximity.npdes","","75","names_ej_supp_state","0","1",0,0,"0",0,"1","0","1","EJ Index","EJ Index","State","state","3","stateraw","raw","TRUE","raw data for indicator","raw","","","pop","wtdmean","","3","FALSE","FALSE","FALSE","","Summary Suppl.  Index: NPDES (state raw)","State type of raw score for Wastewater Discharge Supplemental Summary Index","State type of raw score for Wastewater Discharge Supplemental Summary Index","","","","","","999","","","14.07992","S_D5_PWDIS","","S_D5_PWDIS","","state.EJ.DISPARITY.proximity.npdes.supp","S_D5_PWDIS"
"541","057513999","0575109","0","0","1","csv","S_D5_DWATER","","","S_D5_DWATER","state.EJ.DISPARITY.drinking.supp","13","drinking","","75","names_ej_supp_state","0","1",0,0,"0",0,"1","0","1","EJ Index","EJ Index","State","state","3","stateraw","raw","TRUE","raw data for indicator","raw","","","pop","wtdmean","","3","FALSE","FALSE","FALSE","","Summary Suppl.  Index: Drinking (state raw)","State type of raw score for Drinking Water Non-Compliance Supplemental Summary Index","State type of raw score for Drinking Water Non-Compliance Supplemental Summary Index","","","0","","","999","","","","","","S_D5_DWATER","","state.EJ.DISPARITY.drinking.supp","S_D5_DWATER"
"542","057801083","0578096","1","0","1","api","N_P5_PM25","","","P_D5_PM25","pctile.EJ.DISPARITY.pm.supp","1","pm","","78","names_ej_supp_pctile","0","0",1,0,"0",0,"1","0","1","EJ Index","EJ Index","Nation","us","1","uspctile","pctile","TRUE","percentile","pctile","","","","lookedup","2","0","FALSE","FALSE","FALSE","","Summary Suppl.  Index: PM2.5 (US%ile)","US percentile for Supplemental Summary Index for Particulate Matter","US percentile for Supplemental Summary Index for Particulate Matter","Percentile for Particulate Matter 2.5 Supplemental Index","","National Percentile of Particulate Matter Supplemental Index","Particulate Matter","Particulate Matter 2.5 Supplemental Index","83","","13","87","P_D5_PM25","TRUE","P_D5_PM25","N_P5_PM25","pctile.EJ.DISPARITY.pm.supp","P_D5_PM25"
"543","057802084","0578097","1","0","1","api","N_P5_O3","","","P_D5_OZONE","pctile.EJ.DISPARITY.o3.supp","2","o3","","78","names_ej_supp_pctile","0","0",1,0,"0",0,"1","0","1","EJ Index","EJ Index","Nation","us","1","uspctile","pctile","TRUE","percentile","pctile","","","","lookedup","2","0","FALSE","FALSE","FALSE","","Summary Suppl.  Index: Ozone (US%ile)","US percentile for Supplemental Summary Index for Ozone","US percentile for Supplemental Summary Index for Ozone","Percentile for Ozone Supplemental Index","","National Percentile of Ozone Supplemental Index","Ozone","Ozone Supplemental Index","84","","32","61","P_D5_OZONE","TRUE","P_D5_OZONE","N_P5_O3","pctile.EJ.DISPARITY.o3.supp","P_D5_OZONE"
"544","057803085","0578098","1","0","1","csv","P_D5_NO2","","","P_D5_NO2","pctile.EJ.DISPARITY.no2.supp","3","no2","","78","names_ej_supp_pctile","0","0",1,0,"0",0,"1","0","1","EJ Index","EJ Index","Nation","us","1","uspctile","pctile","TRUE","percentile","pctile","","","","lookedup","2","0","FALSE","FALSE","FALSE","","Summary Suppl.  Index: NO2 (US%ile)","US percentile for Supplemental Summary Index for Nitrogen Dioxide (NO2)","US percentile for Supplemental Summary Index for Nitrogen Dioxide (NO2)","Percentile for Nitrogen Dioxide (NO2) Supplemental Index","","National Percentile of Nitrogen Dioxide (NO2) Supplemental Index","","","85","","","","","","P_D5_NO2","N_P5_NO2","pctile.EJ.DISPARITY.no2.supp","P_D5_NO2"
"545","057804086","0578099","1","0","1","api","N_P5_DIESEL","","","P_D5_DSLPM","pctile.EJ.DISPARITY.dpm.supp","4","dpm","","78","names_ej_supp_pctile","0","0",1,0,"0",0,"1","0","1","EJ Index","EJ Index","Nation","us","1","uspctile","pctile","TRUE","percentile","pctile","","","","lookedup","2","0","FALSE","FALSE","FALSE","","Summary Suppl.  Index: Diesel PM (US%ile)","US percentile for Supplemental Summary Index for Diesel Particulate Matter","US percentile for Supplemental Summary Index for Diesel Particulate Matter","Percentile for Diesel particulate matter Supplemental Index","","National Percentile of Diesel Particulate Matter Supplemental Index","Diesel Particulate Matter","Diesel Particulate Matter Supplemental Index","86","","4","55","P_D5_DSLPM","TRUE","P_D5_DSLPM","N_P5_DIESEL","pctile.EJ.DISPARITY.dpm.supp","P_D5_DSLPM"
"546","057805087","0578101","1","0","1","api","N_P5_RSEI_AIR","","","P_D5_RSEI_AIR","pctile.EJ.DISPARITY.rsei.supp","5","rsei","","78","names_ej_supp_pctile","0","0",1,0,"0",0,"1","0","1","EJ Index","EJ Index","Nation","us","1","uspctile","pctile","TRUE","percentile","pctile","","","","lookedup","2","0","FALSE","FALSE","FALSE","","Summary Suppl.  Index: Toxic Releases to Air (US%ile)","US percentile for Supplemental Summary Index for Toxic Releases to Air","US percentile for Supplemental Summary Index for Toxic Releases to Air","Percentile for Toxic Releases to Air Supplemental Index","","National Percentile of Toxic Releases to Air Supplemental Index","Toxic Releases To Air","Toxic Releases To Air EJ Index Supplemental Index (US%ile)","87","","5","79","P_D5_RSEI_AIR","TRUE","P_D5_RSEI_AIR","N_P5_RSEI_AIR","pctile.EJ.DISPARITY.rsei.supp","P_D5_RSEI_AIR"
"547","057806088","0578102","1","0","1","api","N_P5_TRAFFIC","","","P_D5_PTRAF","pctile.EJ.DISPARITY.traffic.score.supp","6","traffic.score","","78","names_ej_supp_pctile","0","0",1,0,"0",0,"1","0","1","EJ Index","EJ Index","Nation","us","1","uspctile","pctile","TRUE","percentile","pctile","","","","lookedup","2","0","FALSE","FALSE","FALSE","","Summary Suppl.  Index: Traffic (US%ile)","US percentile for Supplemental Summary Index for Traffic Proximity and Volume","US percentile for Supplemental Summary Index for Traffic Proximity and Volume","Percentile for Traffic proximity Supplemental Index","","National Percentile of Traffic Proximity Supplemental Index","Traffic Proximity","Traffic Proximity Supplemental Index","88","","3","50","P_D5_PTRAF","TRUE","P_D5_PTRAF","N_P5_TRAFFIC","pctile.EJ.DISPARITY.traffic.score.supp","P_D5_PTRAF"
"548","057807089","0578103","1","0","1","api","N_P5_LEAD","","","P_D5_LDPNT","pctile.EJ.DISPARITY.pctpre1960.supp","7","pctpre1960","","78","names_ej_supp_pctile","0","0",1,0,"0",0,"1","0","1","EJ Index","EJ Index","Nation","us","1","uspctile","pctile","TRUE","percentile","pctile","","","","lookedup","2","0","FALSE","FALSE","FALSE","","Summary Suppl.  Index: %pre-1960 (US%ile)","US percentile for Supplemental Summary Index for Lead Paint Indicator","US percentile for Supplemental Summary Index for Lead Paint Indicator","Percentile for Lead paint Supplemental Index","","National Percentile of Lead Paint Supplemental Index","Lead Paint","Lead Paint Supplemental Index","89","","76","69","P_D5_LDPNT","TRUE","P_D5_LDPNT","N_P5_LEAD","pctile.EJ.DISPARITY.pctpre1960.supp","P_D5_LDPNT"
"549","057808090","0578104","1","0","1","api","N_P5_NPL","","","P_D5_PNPL","pctile.EJ.DISPARITY.proximity.npl.supp","8","proximity.npl","","78","names_ej_supp_pctile","0","0",1,0,"0",0,"1","0","1","EJ Index","EJ Index","Nation","us","1","uspctile","pctile","TRUE","percentile","pctile","","","","lookedup","2","0","FALSE","FALSE","FALSE","","Summary Suppl.  Index: NPL (US%ile)","US percentile for Supplemental Summary Index for Superfund Proximity","US percentile for Supplemental Summary Index for Superfund Proximity","Percentile for Superfund proximity Supplemental Index","","National Percentile of Superfund Proximity Supplemental Index","Superfund Proximity","Superfund Proximity Supplemental Index","90","","20","74","P_D5_PNPL","TRUE","P_D5_PNPL","N_P5_NPL","pctile.EJ.DISPARITY.proximity.npl.supp","P_D5_PNPL"
"550","057809091","0578105","1","0","1","api","N_P5_RMP","","","P_D5_PRMP","pctile.EJ.DISPARITY.proximity.rmp.supp","9","proximity.rmp","","78","names_ej_supp_pctile","0","0",1,0,"0",0,"1","0","1","EJ Index","EJ Index","Nation","us","1","uspctile","pctile","TRUE","percentile","pctile","","","","lookedup","2","0","FALSE","FALSE","FALSE","","Summary Suppl.  Index: RMP (US%ile)","US percentile for Supplemental Summary Index for RMP Proximity","US percentile for Supplemental Summary Index for RMP Proximity","Percentile for RMP Facility Proximity Supplemental Index","","National Percentile of RMP Facility Proximity Supplemental Index","RMP Facility Proximity","RMP Facility Proximity Supplemental Index","91","","24","41","P_D5_PRMP","TRUE","P_D5_PRMP","N_P5_RMP","pctile.EJ.DISPARITY.proximity.rmp.supp","P_D5_PRMP"
"551","057810092","0578106","1","0","1","api","N_P5_TSDF","","","P_D5_PTSDF","pctile.EJ.DISPARITY.proximity.tsdf.supp","10","proximity.tsdf","","78","names_ej_supp_pctile","0","0",1,0,"0",0,"1","0","1","EJ Index","EJ Index","Nation","us","1","uspctile","pctile","TRUE","percentile","pctile","","","","lookedup","2","0","FALSE","FALSE","FALSE","","Summary Suppl.  Index: TSDF (US%ile)","US percentile for Supplemental Summary Index for Hazardous Waste Proximity","US percentile for Supplemental Summary Index for Hazardous Waste Proximity","Percentile for Hazardous waste proximity Supplemental Index","","National Percentile of Hazardous Waste Proximity Supplemental Index","Hazardous Waste Proximity","Hazardous Waste Proximity Supplemental Index","92","","0","24","P_D5_PTSDF","TRUE","P_D5_PTSDF","N_P5_TSDF","pctile.EJ.DISPARITY.proximity.tsdf.supp","P_D5_PTSDF"
"552","057811093","0578107","1","0","1","api","N_P5_UST","","","P_D5_UST","pctile.EJ.DISPARITY.ust.supp","11","ust","","78","names_ej_supp_pctile","0","0",1,0,"0",0,"1","0","1","EJ Index","EJ Index","Nation","us","1","uspctile","pctile","TRUE","percentile","pctile","","","","lookedup","2","0","FALSE","FALSE","FALSE","","Summary Suppl.  Index: UST (US%ile)","US percentile for Supplemental Summary Index for Underground Storage Tanks (UST) indicator","US percentile for Supplemental Summary Index for Underground Storage Tanks (UST) indicator","Percentile for Underground storage tanks Supplemental Index","","National Percentile of Underground Storage Tanks Supplemental Index","Underground Storage Tanks","Underground Storage Tanks Supplemental Index (US%ile)","93","","0","66","P_D5_UST","TRUE","P_D5_UST","N_P5_UST","pctile.EJ.DISPARITY.ust.supp","P_D5_UST"
"553","057812094","0578108","1","0","1","api","N_P5_NPDES","","","P_D5_PWDIS","pctile.EJ.DISPARITY.proximity.npdes.supp","12","proximity.npdes","","78","names_ej_supp_pctile","0","0",1,0,"0",0,"1","0","1","EJ Index","EJ Index","Nation","us","1","uspctile","pctile","TRUE","percentile","pctile","","","","lookedup","2","0","FALSE","FALSE","FALSE","","Summary Suppl.  Index: NPDES (US%ile)","US percentile for Supplemental Summary Index for Wastewater Discharge Indicator","US percentile for Supplemental Summary Index for Wastewater Discharge Indicator","Percentile for Wastewater discharge Supplemental Index","","National Percentile of Wastewater Discharge Supplemental Index","Wastewater Discharge","Wastewater Discharge Supplemental Index","94","","46","85","P_D5_PWDIS","TRUE","P_D5_PWDIS","N_P5_NPDES","pctile.EJ.DISPARITY.proximity.npdes.supp","P_D5_PWDIS"
"554","057813095","0578109","1","0","1","csv","P_D5_DWATER","","","P_D5_DWATER","pctile.EJ.DISPARITY.drinking.supp","13","drinking","","78","names_ej_supp_pctile","0","0",1,0,"0",0,"1","0","1","EJ Index","EJ Index","Nation","us","1","uspctile","pctile","TRUE","percentile","pctile","","","","lookedup","2","0","FALSE","FALSE","FALSE","","Summary Suppl.  Index: Drinking (US%ile)","US percentile for Supplemental Summary Index for Drinking Water Non-Compliance","US percentile for Supplemental Summary Index for Drinking Water Non-Compliance","Percentile for Drinking Water Non-Compliance Supplemental Index","","National Percentile of Drinking Water Non-Compliance (points) Supplemental Index","","","95","","","","","","P_D5_DWATER","N_P5_DWATER","pctile.EJ.DISPARITY.drinking.supp","P_D5_DWATER"
"555","057901070","0579096","1","0","1","api","S_P5_PM25","","","S_P_D5_PM25","state.pctile.EJ.DISPARITY.pm.supp","1","pm","EJ.DISPARITY.pm.supp","79","names_ej_supp_state_pctile","0","1",1,0,"0",0,"1","0","1","EJ Index","EJ Index","State","state","3","statepctile","pctile","TRUE","percentile","pctile","","","","lookedup","2","0","FALSE","FALSE","FALSE","","Summary Suppl.  Index: PM2.5 (State%ile)","State percentile for Supplemental Summary Index for Particulate Matter","State percentile for Supplemental Summary Index for Particulate Matter","","","State Percentile of Particulate Matter Supplemental Index","Particulate Matter","Particulate Matter 2.5 Supplemental Index","70","","0","87","S_P_D5_PM25","FALSE","S_P_D5_PM25","S_P5_PM25","state.pctile.EJ.DISPARITY.pm.supp","S_P_D5_PM25"
"556","057902071","0579097","1","0","1","api","S_P5_O3","","","S_P_D5_OZONE","state.pctile.EJ.DISPARITY.o3.supp","2","o3","EJ.DISPARITY.o3.supp","79","names_ej_supp_state_pctile","0","1",1,0,"0",0,"1","0","1","EJ Index","EJ Index","State","state","3","statepctile","pctile","TRUE","percentile","pctile","","","","lookedup","2","0","FALSE","FALSE","FALSE","","Summary Suppl.  Index: Ozone (State%ile)","State percentile for Supplemental Summary Index for Ozone","State percentile for Supplemental Summary Index for Ozone","","","State Percentile of Ozone Supplemental Index","Ozone","Ozone Supplemental Index","71","","3","61","S_P_D5_OZONE","FALSE","S_P_D5_OZONE","S_P5_O3","state.pctile.EJ.DISPARITY.o3.supp","S_P_D5_OZONE"
"557","057903072","0579098","1","0","1","csv","S_P_D5_NO2","","","S_P_D5_NO2","state.pctile.EJ.DISPARITY.no2.supp","3","no2","","79","names_ej_supp_state_pctile","0","1",1,0,"0",0,"1","0","1","EJ Index","EJ Index","State","state","3","statepctile","pctile","TRUE","percentile","pctile","","","","lookedup","2","0","FALSE","FALSE","FALSE","","Summary Suppl.  Index: NO2 (State%ile)","State percentile for Supplemental Summary Index for Nitrogen Dioxide (NO2)","State percentile for Supplemental Summary Index for Nitrogen Dioxide (NO2)","","","State Percentile of Nitrogen Dioxide (NO2) Supplemental Index","","","72","","","","","","S_P_D5_NO2","S_P5_NO2","state.pctile.EJ.DISPARITY.no2.supp","S_P_D5_NO2"
"558","057904073","0579099","1","0","1","api","S_P5_DIESEL","","","S_P_D5_DSLPM","state.pctile.EJ.DISPARITY.dpm.supp","4","dpm","EJ.DISPARITY.dpm.supp","79","names_ej_supp_state_pctile","0","1",1,0,"0",0,"1","0","1","EJ Index","EJ Index","State","state","3","statepctile","pctile","TRUE","percentile","pctile","","","","lookedup","2","0","FALSE","FALSE","FALSE","","Summary Suppl.  Index: Diesel PM (State%ile)","State percentile for Supplemental Summary Index for Diesel Particulate Matter","State percentile for Supplemental Summary Index for Diesel Particulate Matter","","","State Percentile of Diesel Particulate Matter Supplemental Index","Diesel Particulate Matter","Diesel Particulate Matter Supplemental Index","73","","0","55","S_P_D5_DSLPM","FALSE","S_P_D5_DSLPM","S_P5_DIESEL","state.pctile.EJ.DISPARITY.dpm.supp","S_P_D5_DSLPM"
"559","057905074","0579101","1","0","1","api","S_P5_RSEI_AIR","","","S_P_D5_RSEI_AIR","state.pctile.EJ.DISPARITY.rsei.supp","5","rsei","rsei","79","names_ej_supp_state_pctile","0","1",1,0,"0",0,"1","0","1","EJ Index","EJ Index","State","state","3","statepctile","pctile","TRUE","percentile","pctile","","","","lookedup","2","0","FALSE","FALSE","FALSE","","Summary Suppl.  Index: Toxic Releases to Air (State%ile)","State percentile for Supplemental Summary Index for Toxic Releases to Air","State percentile for Supplemental Summary Index for Toxic Releases to Air","","","State Percentile of Toxic Releases to Air Supplemental Index","Toxic Releases To Air","Toxic Releases To Air EJ Index Supplemental Index (State%ile)","74","","4","79","S_P_D5_RSEI_AIR","","S_P_D5_RSEI_AIR","S_P5_RSEI_AIR","state.pctile.EJ.DISPARITY.rsei.supp","S_P_D5_RSEI_AIR"
"560","057906075","0579102","1","0","1","api","S_P5_TRAFFIC","","","S_P_D5_PTRAF","state.pctile.EJ.DISPARITY.traffic.score.supp","6","traffic.score","EJ.DISPARITY.traffic.score.supp","79","names_ej_supp_state_pctile","0","1",1,0,"0",0,"1","0","1","EJ Index","EJ Index","State","state","3","statepctile","pctile","TRUE","percentile","pctile","","","","lookedup","2","0","FALSE","FALSE","FALSE","","Summary Suppl.  Index: Traffic (State%ile)","State percentile for Supplemental Summary Index for Traffic Proximity and Volume","State percentile for Supplemental Summary Index for Traffic Proximity and Volume","","","State Percentile of Traffic Proximity Supplemental Index","Traffic Proximity","Traffic Proximity Supplemental Index","75","","5","50","S_P_D5_PTRAF","FALSE","S_P_D5_PTRAF","S_P5_TRAFFIC","state.pctile.EJ.DISPARITY.traffic.score.supp","S_P_D5_PTRAF"
"561","057907076","0579103","1","0","1","api","S_P5_LEAD","","","S_P_D5_LDPNT","state.pctile.EJ.DISPARITY.pctpre1960.supp","7","pctpre1960","EJ.DISPARITY.pctpre1960.supp","79","names_ej_supp_state_pctile","0","1",1,0,"0",0,"1","0","1","EJ Index","EJ Index","State","state","3","statepctile","pctile","TRUE","percentile","pctile","","","","lookedup","2","0","FALSE","FALSE","FALSE","","Summary Suppl.  Index: %pre-1960 (State%ile)","State percentile for Supplemental Summary Index for Lead Paint Indicator","State percentile for Supplemental Summary Index for Lead Paint Indicator","","","State Percentile of Lead Paint Supplemental Index","Lead Paint","Lead Paint Supplemental Index","76","","71","69","S_P_D5_LDPNT","FALSE","S_P_D5_LDPNT","S_P5_LEAD","state.pctile.EJ.DISPARITY.pctpre1960.supp","S_P_D5_LDPNT"
"562","057908077","0579104","1","0","1","api","S_P5_NPL","","","S_P_D5_PNPL","state.pctile.EJ.DISPARITY.proximity.npl.supp","8","proximity.npl","EJ.DISPARITY.proximity.npl.supp","79","names_ej_supp_state_pctile","0","1",1,0,"0",0,"1","0","1","EJ Index","EJ Index","State","state","3","statepctile","pctile","TRUE","percentile","pctile","","","","lookedup","2","0","FALSE","FALSE","FALSE","","Summary Suppl.  Index: NPL (State%ile)","State percentile for Supplemental Summary Index for Superfund Proximity","State percentile for Supplemental Summary Index for Superfund Proximity","","","State Percentile of Superfund Proximity Supplemental Index","Superfund Proximity","Superfund Proximity Supplemental Index","77","","38","74","S_P_D5_PNPL","FALSE","S_P_D5_PNPL","S_P5_NPL","state.pctile.EJ.DISPARITY.proximity.npl.supp","S_P_D5_PNPL"
"563","057909078","0579105","1","0","1","api","S_P5_RMP","","","S_P_D5_PRMP","state.pctile.EJ.DISPARITY.proximity.rmp.supp","9","proximity.rmp","EJ.DISPARITY.proximity.rmp.supp","79","names_ej_supp_state_pctile","0","1",1,0,"0",0,"1","0","1","EJ Index","EJ Index","State","state","3","statepctile","pctile","TRUE","percentile","pctile","","","","lookedup","2","0","FALSE","FALSE","FALSE","","Summary Suppl.  Index: RMP (State%ile)","State percentile for Supplemental Summary Index for RMP Proximity","State percentile for Supplemental Summary Index for RMP Proximity","","","State Percentile of RMP Facility Proximity Supplemental Index","RMP Facility Proximity","RMP Facility Proximity Supplemental Index","78","","21","41","S_P_D5_PRMP","FALSE","S_P_D5_PRMP","S_P5_RMP","state.pctile.EJ.DISPARITY.proximity.rmp.supp","S_P_D5_PRMP"
"564","057910079","0579106","1","0","1","api","S_P5_TSDF","","","S_P_D5_PTSDF","state.pctile.EJ.DISPARITY.proximity.tsdf.supp","10","proximity.tsdf","EJ.DISPARITY.proximity.tsdf.supp","79","names_ej_supp_state_pctile","0","1",1,0,"0",0,"1","0","1","EJ Index","EJ Index","State","state","3","statepctile","pctile","TRUE","percentile","pctile","","","","lookedup","2","0","FALSE","FALSE","FALSE","","Summary Suppl.  Index: TSDF (State%ile)","State percentile for Supplemental Summary Index for Hazardous Waste Proximity","State percentile for Supplemental Summary Index for Hazardous Waste Proximity","","","State Percentile of Hazardous Waste Proximity Supplemental Index","Hazardous Waste Proximity","Hazardous Waste Proximity Supplemental Index","79","","0","24","S_P_D5_PTSDF","FALSE","S_P_D5_PTSDF","S_P5_TSDF","state.pctile.EJ.DISPARITY.proximity.tsdf.supp","S_P_D5_PTSDF"
"565","057911080","0579107","1","0","1","api","S_P5_UST","","","S_P_D5_UST","state.pctile.EJ.DISPARITY.ust.supp","11","ust","EJ.DISPARITY.ust.supp","79","names_ej_supp_state_pctile","0","1",1,0,"0",0,"1","0","1","EJ Index","EJ Index","State","state","3","statepctile","pctile","TRUE","percentile","pctile","","","","lookedup","2","0","FALSE","FALSE","FALSE","","Summary Suppl.  Index: UST (State%ile)","State percentile for Supplemental Summary Index for Underground Storage Tanks (UST) indicator","State percentile for Supplemental Summary Index for Underground Storage Tanks (UST) indicator","","","State Percentile of Underground Storage Tanks Supplemental Index","Underground Storage Tanks","Underground Storage Tanks Supplemental Index (State%ile)","80","","0","66","S_P_D5_UST","FALSE","S_P_D5_UST","S_P5_UST","state.pctile.EJ.DISPARITY.ust.supp","S_P_D5_UST"
"566","057912081","0579108","1","0","1","api","S_P5_NPDES","","","S_P_D5_PWDIS","state.pctile.EJ.DISPARITY.proximity.npdes.supp","12","proximity.npdes","EJ.DISPARITY.proximity.npdes.supp","79","names_ej_supp_state_pctile","0","1",1,0,"0",0,"1","0","1","EJ Index","EJ Index","State","state","3","statepctile","pctile","TRUE","percentile","pctile","","","","lookedup","2","0","FALSE","FALSE","FALSE","","Summary Suppl.  Index: NPDES (State%ile)","State percentile for Supplemental Summary Index for Wastewater Discharge Indicator","State percentile for Supplemental Summary Index for Wastewater Discharge Indicator","","","State Percentile of Wastewater Discharge Supplemental Index","Wastewater Discharge","Wastewater Discharge Supplemental Index","81","","53","85","S_P_D5_PWDIS","FALSE","S_P_D5_PWDIS","S_P5_NPDES","state.pctile.EJ.DISPARITY.proximity.npdes.supp","S_P_D5_PWDIS"
"567","057913082","0579109","1","0","1","csv","S_P_D5_DWATER","","","S_P_D5_DWATER","state.pctile.EJ.DISPARITY.drinking.supp","13","drinking","","79","names_ej_supp_state_pctile","0","1",1,0,"0",0,"1","0","1","EJ Index","EJ Index","State","state","3","statepctile","pctile","TRUE","percentile","pctile","","","","lookedup","2","0","FALSE","FALSE","FALSE","","Summary Suppl.  Index: Drinking (State%ile)","State percentile for Supplemental Summary Index for Drinking Water Non-Compliance","State percentile for Supplemental Summary Index for Drinking Water Non-Compliance","","","State Percentile of Drinking Water Non-Compliance (points) Supplemental Index","","","82","","","","","","S_P_D5_DWATER","S_P5_DWATER","state.pctile.EJ.DISPARITY.drinking.supp","S_P_D5_DWATER"
"573","059999999","0599999","0","0","1","csv","EXCEED_COUNT_80","","","EXCEED_COUNT_80","count.ej.80up","99","80up","","99","names_countabove","0","0",0,0,"0",0,"0","0","0","EJ Index","EJ Index","Nation","us","1","usraw","raw","TRUE","misc","count","","","","countabove","2","0","FALSE","FALSE","FALSE","","Number of Suppl. Summary Indexes at 80th+ (US%ile)","Number of Supplemental Summary Indexes at 80th+ US percentile","Number of Supplemental Summary Indexes at 80th+ US percentile","","","","","","999","","","2","EXCEED2_COUNT_80","TRUE","EXCEED_COUNT_80","","count.ej.80up","EXCEED_COUNT_80"
"572","059999999","0599999","0","0","1","csv","EXCEED_COUNT_80_SUP","","","EXCEED_COUNT_80_SUP","count.ej.80up.supp","99","80up","","99","names_countabove","0","0",0,0,"0",0,"0","0","1","EJ Index","EJ Index","Nation","us","1","usraw","raw","TRUE","misc","count","","","","countabove","2","0","FALSE","FALSE","FALSE","","Number of Suppl Indexes exceeding 80 %ile","Number of Supplemental Indexes exceeding 80 percentile","Number of Supplemental Indexes exceeding 80 percentile","","","","","","999","","","4","EXCEED2_COUNT_80_SUP","","EXCEED_COUNT_80_SUP","","count.ej.80up.supp","EXCEED_COUNT_80_SUP"
"568","059999999","0599999","0","0","1","csv","EXCEED2_COUNT_80","","","EXCEED2_COUNT_80","count.ej.80up2.eo","99","80up","","99","names_countabove","0","0",0,0,"0",0,"0","1","0","EJ Index","EJ Index","","","","raw","raw","TRUE","","","","","","countabove","2","0","FALSE","FALSE","FALSE","","Number of Summary Indexes at 80th+ (US%ile)","Number of Summary Indexes at 80th+ US percentile","Number of Summary Indexes at 80th+ US percentile","Number of EJ Indexes exceeding 80 percentile","","","","","999","","","","","","EXCEED2_COUNT_80","","count.ej.80up2.eo","EXCEED2_COUNT_80"
"569","059999999","0599999","0","0","1","csv","EXCEED2_COUNT_80_SUP","","","EXCEED2_COUNT_80_SUP","count.ej.80up2.supp","99","80up","","99","names_countabove","0","0",0,0,"0",0,"0","0","1","EJ Index","EJ Index","","","","raw","raw","TRUE","","","","","","countabove","2","0","FALSE","FALSE","FALSE","","Number of Suppl. Summary Indexes at 80th+ (US%ile)","Number of Supplemental Summary Indexes at 80th+ US percentile","Number of Supplemental Summary Indexes at 80th+ US percentile","Number of Supplemental Indexes exceeding 80 percentile","","","","","999","","","","","","EXCEED2_COUNT_80_SUP","","count.ej.80up2.supp","EXCEED2_COUNT_80_SUP"
"571","059999999","0599999","0","0","1","csv","S_EXCEED_COUNT_80","","","S_EXCEED_COUNT_80","state.count.ej.80up","99","80up","","99","names_countabove","0","1",0,0,"0",0,"0","0","0","EJ Index","EJ Index","State","state","3","stateraw","raw","TRUE","misc","count","","","","countabove","2","0","FALSE","FALSE","FALSE","","Number of Summary Indexes at 80th+ (State%ile)","Number of Summary Indexes at 80th+ State percentile","Number of Summary Indexes at 80th+ State percentile","","","","","","999","","","2","S_EXCEED2_COUNT_80","","S_EXCEED_COUNT_80","","state.count.ej.80up","S_EXCEED_COUNT_80"
"570","059999999","0599999","0","0","1","csv","S_EXCEED_COUNT_80_SUP","","","S_EXCEED_COUNT_80_SUP","state.count.ej.80up.supp","99","80up","","99","names_countabove","0","1",0,0,"0",0,"0","0","1","EJ Index","EJ Index","State","state","3","stateraw","raw","TRUE","misc","count","","","","countabove","2","0","FALSE","FALSE","FALSE","","Number of Suppl. Summary Indexes at 80th+ (State%ile)","Number of Supplemental Summary Indexes at 80th+ State percentile","Number of Supplemental Summary Indexes at 80th+ State percentile","","","","","","999","","","4","S_EXCEED2_COUNT_80_SUP","","S_EXCEED_COUNT_80_SUP","","state.count.ej.80up.supp","S_EXCEED_COUNT_80_SUP"
"612","999900003","9999999","1","0","0","api","inputAreaMiles","","","","inputAreaMiles","0","","inputAreaMiles","99","names_geo","0","0",0,0,"0",0,"0","0","0","other","geo","","","0","geo","raw","TRUE","misc","misc","","","","sum of counts","","1","FALSE","FALSE","FALSE","","Area (sqmi)","Area of Circular Buffer in Square Miles","Area of Circular Buffer in Square Miles","","","Size for the Area of Interest","Area in square miles","","3","","3.14","","","FALSE","","inputAreaMiles","inputAreaMiles",""
"612","999900003","9999000","1","0","0","","","","","","area_sqmi","0","","area_sqmi","99","names_geo","0","0",0,0,"0",0,"0","0","0","other","geo","","","0","geo","raw","TRUE","misc","misc","","","","sum of counts","","1","FALSE","FALSE","FALSE","","Area (sqmi)","Area of Analyzed Location(s) in Square Miles","Area of Analyzed Location(s) in Square Miles","","","Size for the Area of Interest","Area in square miles","","3","","3.14","","","FALSE","","","area_sqmi",""
"613","999900999","9999000","1","0","0","api","unit","","","","unit","0","","unit","99","names_geo","0","0",0,0,"0",0,"0","0","0","other","geo","","","0","raw","raw","TRUE","misc","misc","","","","input","","0","FALSE","FALSE","FALSE","","Units on radius","Units on radius (Miles, etc)","Units on radius (Miles, etc)","","","for internal use only","","","999","","9035","","","FALSE","","unit","unit",""
"615","999900999","9999000","1","0","0","api","statlevel","","","","statlevel","0","","statlevel","99","names_geo","0","0",0,0,"0",0,"0","0","0","other","geo","","","0","raw","raw","TRUE","misc","misc","","","","input","","0","FALSE","FALSE","FALSE","","Resolution of Census Units for Indicators","Resolution of Census Units for Indicators","Resolution of Census Units for Indicators","","","for internal use only","","","999","","blockgroup","","","FALSE","","statlevel","statlevel",""
"616","999900999","9999999","0","1","1","csv","ID","","STCNTRBG","ID","id","0","","id","99","names_geo","0","0",0,0,"0",0,"0","0","0","other","geo","","","0","geo","raw","TRUE","misc","misc","","","","input","","","FALSE","FALSE","FALSE","","Point ID","Point ID","Point ID","Census FIPS code for block group","State/County/Tract/BG Code","0","","","999","","","10010201001","ID","TRUE","ID","","id","ID"
"617","999900999","9999000","0","0","1","csv","CNTY_NAME","","","CNTY_NAME","countyname","0","","countyname","99","names_geo","0","0",0,0,"0",0,"0","0","0","other","geo","","","0","geo","raw","TRUE","misc","misc","","","","lookedup","","","FALSE","FALSE","FALSE","","County name","County name","County name","County Name","","","","","999","","","Autauga County","CNTY_NAME","","CNTY_NAME","","countyname","CNTY_NAME"
"619","999900999","9999000","1","0","0","api","statLayerZeroPopCount","","","","bgcount_zeropop_near_site","0","","bgcount_zeropop_near_site","99","names_geo","0","0",0,0,"0",0,"0","0","0","other","geo","","","0","raw","raw","TRUE","misc","misc","","","","count of unique ids","","0","FALSE","FALSE","FALSE","","Blocks with no residents","Count of Census Block Groups with zero population","Count of Census Block Groups with zero population","","","for internal use only","","","999","","0","","","FALSE","","statLayerZeroPopCount","bgcount_zeropop_near_site",""
"622","999900999","9999999","1","0","1","api","stateName","","","STATE_NAME","statename","0","","statename","99","names_geo","0","0",0,0,"0",0,"0","0","0","other","geo","","","3","geo","raw","TRUE","misc","misc","","","","mode","","","FALSE","FALSE","FALSE","","State","State Name","State Name","Name of state","","State Name","","","999","","OKLAHOMA","Alabama","STATE_NAME","FALSE","STATE_NAME","stateName","statename","STATE_NAME"
"624","999900999","9999000","0","1","1","csv","Shape_Length","","Shape_Length","Shape_Length","Shape_Length","0","","Shape_Length","99","names_geo","0","0",0,0,"0",0,"0","0","0","other","geo","","","0","geo","raw","TRUE","misc","misc","","","","constant","","","FALSE","FALSE","FALSE","","Shape length for block group in geodatabase","Shape length for block group in geodatabase","Shape length for block group in geodatabase","Shape length","Shape_Length","","","","999","","","13436.9","Shape_Length","","Shape_Length","","Shape_Length","Shape_Length"
"626","999900999","9999999","1","0","0","api","placename","","","","placename","0","","","99","names_geo","0","0",0,0,"0",0,"0","0","0","other","geo","","","0","geo","raw","TRUE","misc","","","","","lookedup","","","FALSE","FALSE","FALSE","","City or County Plus State for the Area of Interest","City or County Plus State for the Area of Interest","City or County Plus State for the Area of Interest","","","City or County Plus State for the Area of Interest","","","999","","Beaver County, OK","","","","","placename","placename",""
"628","999900999","9999000","1","0","0","api","geometry.x","centroidX","","","lon","0","","","99","names_geo","0","0",0,0,"0",0,"0","0","0","other","geo","","","0","geo","raw","TRUE","misc","misc","","","","input","","","FALSE","FALSE","FALSE","","Longitude","Longitude","Longitude","","","","","","999","","","","","","","geometry.x","lon",""
"630","999900999","9999000","1","0","0","api","geometry.spatialReference.wkid","geometry.wkid","","","geometry.wkid","0","","","99","names_geo","0","0",0,0,"0",0,"0","0","0","other","geo","","","0","geo","raw","TRUE","misc","misc","","","","input","","","FALSE","FALSE","FALSE","","WKID (for internal use)","WKID (for internal use)","WKID (for internal use)","","","","","","999","added row based on how API output parsed here","4326","","","","","geometry.spatialReference.wkid","geometry.wkid",""
"632","999900999","9999000","1","0","0","api","areatype","","","","areatype","0","","","99","names_geo","0","0",0,0,"0",0,"0","0","0","other","geo","","","0","geo","raw","TRUE","","","","","","input","","","FALSE","FALSE","FALSE","","Type of area (for internal use)","Type of area (for internal use)","Type of area (for internal use)","","","for internal use only","","","999","","NULL","","","","","areatype","areatype",""
"611","999999001","9999000","1","0","0","api","distance","","","","radius.miles","99","","radius.miles","99","names_geo","0","0",0,0,"0",0,"0","0","0","other","geo","","","0","raw","raw","TRUE","misc","misc","","","","input","","2","FALSE","FALSE","FALSE","","Buffer distance (miles)","Buffer distance (miles)","Buffer distance (miles)","","","for internal use only","Distance from point (miles radius of ring)","","1","added reportlabel","1","","","FALSE","","distance","radius.miles",""
"614","999999999","9999999","1","0","0","api","timeSeconds","","","","timeSeconds","99","","timeSeconds","99","names_geo","0","0",0,0,"0",0,"0","0","0","other","geo","","","0","raw","raw","TRUE","misc","misc","","","","constant","","1","FALSE","FALSE","FALSE","","Seconds elapsed obtaining data","Seconds elapsed obtaining data","Seconds elapsed obtaining data","","","for internal use only","","","999","","1.5150216999999999","","","FALSE","","timeSeconds","timeSeconds",""
"618","999999999","9999000","1","0","0","api","weightLayerCount","","","","blockcount_near_site","99","","blockcount_near_site","99","names_geo","0","0",0,0,"0",0,"0","0","0","other","geo","","","0","raw","raw","TRUE","raw data for indicator","raw","","","","count of unique ids","","0","FALSE","FALSE","FALSE","","Census blocks (count)","Census blocks (count)","Census blocks (count)","","","for internal use only","","Census blocks","999","","1","","","FALSE","","weightLayerCount","blockcount_near_site",""
"620","999999999","9999999","1","0","0","api","statLayerCount","","","","bgcount_near_site","99","","bgcount_near_site","99","names_geo","0","0",0,0,"0",0,"0","0","0","other","geo","","","0","raw","raw","TRUE","misc","misc","","","","count of unique ids","","0","FALSE","FALSE","FALSE","","Census blockgroups (count)","Census blockgroups (count)","Census blockgroups (count)","","","for internal use only","","Census blockgroups","999","","1","","","FALSE","","statLayerCount","bgcount_near_site",""
"621","999999999","9999999","0","0","1","csv","AREAWATER","","","AREAWATER","areawater","99","","areawater","99","names_geo","0","0",0,0,"0",0,"0","0","0","other","geo","","","0","geo","raw","TRUE","misc","misc","","","","sum of counts","","1","FALSE","FALSE","FALSE","","Water area of block group in geodatabase","Water area of block group in geodatabase","Water area of block group in geodatabase","Water area in square meters","","","","","999","","","28435","AREAWATER","","AREAWATER","","areawater","AREAWATER"
"623","999999999","9999999","1","0","1","api","stateAbbr","","","ST_ABBREV","ST","99","","ST","99","names_geo","0","0",0,0,"0",0,"0","0","0","other","geo","","","3","geo","raw","TRUE","misc","misc","","","","mode","","","FALSE","FALSE","FALSE","","ST","State Abbreviation","State Abbreviation","Two-letter abbreviation for state","","State Abbreviation","","","999","","OK","AL","ST_ABBREV","FALSE","ST_ABBREV","stateAbbr","ST","ST_ABBREV"
"625","999999999","9999999","1","0","1","api","epaRegion","","","REGION","REGION","99","","REGION","99","names_geo","0","0",0,0,"0",0,"0","0","0","other","geo","","","4","geo","raw","TRUE","misc","misc","","","","mode","","","FALSE","FALSE","FALSE","","EPA Region","EPA Region","EPA Region","US EPA region number","","EPA Region","","EPA Region","999","","6","4","REGION","FALSE","REGION","epaRegion","REGION","REGION"
"627","999999999","9999999","0","0","1","csv","OID_","","","OID_","OBJECTID","99","","OBJECTID","99","names_geo","0","0",0,0,"0",0,"0","0","0","other","geo","","","0","geo","raw","TRUE","misc","misc","","","","input","","","FALSE","FALSE","FALSE","","OBJECTID","OBJECTID","OBJECTID","","","","","","999","","","1","OBJECTID","TRUE","OBJECTID","","OBJECTID","OBJECTID"
"629","999999999","9999999","1","0","0","api","geometry.y","centroidY","","","lat","99","","","99","names_geo","0","0",0,0,"0",0,"0","0","0","other","geo","","","0","geo","raw","TRUE","misc","misc","","","","input","","","FALSE","FALSE","FALSE","","Latitude","Latitude","Latitude","","","","","","999","","","","","","","geometry.y","lat",""
"631","999999999","9999999","1","0","0","api","geometry","","","","geometry","99","","","99","names_geo","0","0",0,0,"0",0,"0","0","0","other","geo","","","0","geo","raw","TRUE","misc","misc","","","","input","","","FALSE","FALSE","FALSE","","Geometry (for internal use)","Geometry (for internal use)","Geometry (for internal use)","","","for internal use only","","","999","","NULL","","","","","geometry","geometry",""
"633","999999999","9999999","0","0","1","csv","AREALAND","","","AREALAND","arealand","99","","arealand","99","names_geo","0","0",0,0,"0",0,"0","0","0","other","geo","","","0","geo","raw","TRUE","misc","misc","","","","sum of counts","","1","FALSE","FALSE","FALSE","","Land area of block group in geodatabase","Land area of block group in geodatabase","Land area of block group in geodatabase","Land area in square meters","","","","","999","","","4264299","AREALAND","","AREALAND","","arealand","AREALAND"
"634","999999999","9999999","1","0","0","api","areaid","","","","areaid","99","","","99","names_geo","0","0",0,0,"0",0,"0","0","0","other","geo","","","0","geo","raw","TRUE","","","","","","input","","","FALSE","FALSE","FALSE","","Area ID","Area ID","Area ID","","","for internal use only","","","999","","NULL","","","","","areaid","areaid",""
"635","999999999","9999999","0","1","1","csv","Shape_Area","","Shape_Area","Shape_Area","area","99","","area","99","names_geo","0","0",0,0,"0",0,"0","0","0","other","geo","","","0","geo","raw","TRUE","misc","misc","","","","sum of counts","","1","FALSE","FALSE","FALSE","","Area of block group in geodatabase","Area of block group in geodatabase","Area of block group in geodatabase","Shape area","Shape_Area","","","","999","","","6047647","Shape_Area","","Shape_Area","","area","Shape_Area"
"","","","","","","","","","LAN_ENGLISH","","lan_english","","","","","names_d_language_count","","",0,0,"",0,"","","","Demographic","","","","","raw","","","","","","","","sum of counts","","","","","","","","Number speaking only English at home","","","","","","","","","","","","","","","lan_english",""
"","","","","","","","","","LAN_FRENCH","","lan_french","","","","","names_d_language_count","","",0,0,"",0,"","","","Demographic","","","","","raw","","","","","","","","sum of counts","","","","","","","","Number speaking French, Haitian, or Cajun at home","","","","","","","","","","","","","","","lan_french",""
"","","","","","","","","","LAN_GERMAN","","lan_german","","","","","names_d_language_count","","",0,0,"",0,"","","","Demographic","","","","","raw","","","","","","","","sum of counts","","","","","","","","Number speaking German or other West Germanic languages at home","","","","","","","","","","","","","","","lan_german",""
"","","","","","","","","","LAN_RUS_POL_SLAV","","lan_rus_pol_slav","","","","","names_d_language_count","","",0,0,"",0,"","","","Demographic","","","","","raw","","","","","","","","sum of counts","","","","","","","","Number speaking Russian, Polish, or other Slavic languages at home","","","","","","","","","","","","","","","lan_rus_pol_slav",""
"","","","","","","","","","LAN_OTHER_IE","","lan_other_ie","","","","","names_d_language_count","","",0,0,"",0,"","","","Demographic","","","","","raw","","","","","","","","sum of counts","","","","","","","","Number speaking Other Indo-European languages at home","","","","","","","","","","","","","","","lan_other_ie",""
"","","","","","","","","","LAN_KOREAN","","lan_korean","","","","","names_d_language_count","","",0,0,"",0,"","","","Demographic","","","","","raw","","","","","","","","sum of counts","","","","","","","","Number speaking Korean at home","","","","","","","","","","","","","","","lan_korean",""
"","","","","","","","","","LAN_CHINESE","","lan_chinese","","","","","names_d_language_count","","",0,0,"",0,"","","","Demographic","","","","","raw","","","","","","","","sum of counts","","","","","","","","Number speaking Chinese (including Mandarin, Cantonese) at home","","","","","","","","","","","","","","","lan_chinese",""
"","","","","","","","","","LAN_VIETNAMESE","","lan_vietnamese","","","","","names_d_language_count","","",0,0,"",0,"","","","Demographic","","","","","raw","","","","","","","","sum of counts","","","","","","","","Number speaking Vietnamese at home","","","","","","","","","","","","","","","lan_vietnamese",""
"","","","","","","","","","LAN_TAGALOG","","lan_tagalog","","","","","names_d_language_count","","",0,0,"",0,"","","","Demographic","","","","","raw","","","","","","","","sum of counts","","","","","","","","Number speaking Tagalog (including Filipino) at home","","","","","","","","","","","","","","","lan_tagalog",""
"","","","","","","","","","LAN_OTHER_ASIAN","","lan_other_asian","","","","","names_d_language_count","","",0,0,"",0,"","","","Demographic","","","","","raw","","","","","","","","sum of counts","","","","","","","","Number speaking Other Asian and Pacific Island languages at home","","","","","","","","","","","","","","","lan_other_asian",""
"","","","","","","","","","LAN_ARABIC","","lan_arabic","","","","","names_d_language_count","","",0,0,"",0,"","","","Demographic","","","","","raw","","","","","","","","sum of counts","","","","","","","","Number speaking Arabic at home","","","","","","","","","","","","","","","lan_arabic",""
"","","","","","","","","","LAN_OTHER_AND_UNSPECIFIED","","lan_other_and_unspecified","","","","","names_d_language_count","","",0,0,"",0,"","","","Demographic","","","","","raw","","","","","","","","sum of counts","","","","","","","","Number speaking Other and unspecified languages at home","","","","","","","","","","","","","","","lan_other_and_unspecified",""
"","","","","","","","","","PCT_LAN_GERMAN","","pctlan_german","","","","","names_d_language","","",0,0,"",0,"","","","Demographic","","","","","raw","","","","","","","lan_universe","wtdmean","","","","","","","","% speaking German or other West Germanic languages at home","","","","","","","","","","","","","","","pctlan_german",""
"","","","","","","","","","PCT_LAN_TAGALOG","","pctlan_tagalog","","","","","names_d_language","","",0,0,"",0,"","","","Demographic","","","","","raw","","","","","","","lan_universe","wtdmean","","","","","","","","% speaking Tagalog (including Filipino) at home","","","","","","","","","","","","","","","pctlan_tagalog",""
"","","","","","","","","","PCT_LAN_OTHER_AND_UNSPECIFIED","","pctlan_other_and_unspecified","","","","","names_d_language","","",0,0,"",0,"","","","Demographic","","","","","raw","","","","","","","lan_universe","wtdmean","","","","","","","","% speaking Other and unspecified languages at home","","","","","","","","","","","","","","","pctlan_other_and_unspecified",""
"","","","","","","","","","","ID","bgfips","","","","","","","",0,0,"",0,"","","","","","","","","","","","","","","","","","","","","","","","","Block group FIPS","","","","","","","","","","","","","ID","","bgfips","ID"
"","","","","","","","","","","","EXCEED_COUNT_90","","","","","ejscreen_schema_extra","","",0,0,"",0,"","","","","","","","","","","","","","","","","","","","","","","","","Count of EJ indexes at or above the 90th percentile","","","","","","","","","","","","","EXCEED_COUNT_90","","EXCEED_COUNT_90","EXCEED_COUNT_90"
"","","","","","","","","","","","EXCEED_COUNT_90_SUP","","","","","ejscreen_schema_extra","","",0,0,"",0,"","","","","","","","","","","","","","","","","","","","","","","","","Count of supplemental EJ indexes at or above the 90th percentile","","","","","","","","","","","","","EXCEED_COUNT_90_SUP","","EXCEED_COUNT_90_SUP","EXCEED_COUNT_90_SUP"
"","","","","","","","","","","","SYMBOLOGY_EXCEED_COUNT_80","","","","","ejscreen_schema_extra","","",0,0,"",0,"","","","","","","","","","","","","","","","","","","","","","","","","EJSCREEN symbology category for exceedance count","","","","","","","","","","","","","SYMBOLOGY_EXCEED_COUNT_80","","SYMBOLOGY_EXCEED_COUNT_80","SYMBOLOGY_EXCEED_COUNT_80"
"","","","","","","","","","","","Shape__Area","","","","","ejscreen_arcgis_service_field","","",0,0,"",0,"","","","","","","","","","","","","","","","","","","","","","","","","ArcGIS service geometry area field","","","","","","","","","","","","","Shape__Area","","Shape__Area","Shape__Area"
"","","","","","","","","","","","Shape__Length","","","","","ejscreen_arcgis_service_field","","",0,0,"",0,"","","","","","","","","","","","","","","","","","","","","","","","","ArcGIS service geometry length field","","","","","","","","","","","","","Shape__Length","","Shape__Length","Shape__Length"
"","","","","","","","","","","","bin.Demog.Index","","","","","","","",0,0,"",1,"","","","Demographic","","","","","map_bin","","","","","","","","map_bin","","","","","","","","US percentile for Demographic Index map bin","","","","","","","","","","","","","B_DEMOGIDX_2","","bin.Demog.Index","B_DEMOGIDX_2"
"","","","","","","","","","","","text.Demog.Index","","","","","","","",0,1,"",0,"","","","Demographic","","","","","map_text","","","","","","","","map_text","","","","","","","","US percentile for Demographic Index popup text","","","","","","","","","","","","","T_DEMOGIDX_2","","text.Demog.Index","T_DEMOGIDX_2"
"","","","","","","","","","","","bin.Demog.Index.Supp","","","","","","","",0,0,"",1,"","","","Demographic","","","","","map_bin","","","","","","","","map_bin","","","","","","","","US percentile for Supplemental Summary Index for Supplemental Demographic Index map bin","","","","","","","","","","","","","B_DEMOGIDX_5","","bin.Demog.Index.Supp","B_DEMOGIDX_5"
"","","","","","","","","","","","text.Demog.Index.Supp","","","","","","","",0,1,"",0,"","","","Demographic","","","","","map_text","","","","","","","","map_text","","","","","","","","US percentile for Supplemental Summary Index for Supplemental Demographic Index popup text","","","","","","","","","","","","","T_DEMOGIDX_5","","text.Demog.Index.Supp","T_DEMOGIDX_5"
"","","","","","","","","","","","bin.pctlowinc","","","","","","","",0,0,"",1,"","","","Demographic","","","","","map_bin","","","","","","","","map_bin","","","","","","","","US percentile for % Low Income map bin","","","","","","","","","","","","","B_LOWINCPCT","","bin.pctlowinc","B_LOWINCPCT"
"","","","","","","","","","","","text.pctlowinc","","","","","","","",0,1,"",0,"","","","Demographic","","","","","map_text","","","","","","","","map_text","","","","","","","","US percentile for % Low Income popup text","","","","","","","","","","","","","T_LOWINCPCT","","text.pctlowinc","T_LOWINCPCT"
"","","","","","","","","","","","bin.pctlingiso","","","","","","","",0,0,"",1,"","","","Demographic","","","","","map_bin","","","","","","","","map_bin","","","","","","","","US percentile for % in limited English-speaking Households map bin","","","","","","","","","","","","","B_LINGISOPCT","","bin.pctlingiso","B_LINGISOPCT"
"","","","","","","","","","","","text.pctlingiso","","","","","","","",0,1,"",0,"","","","Demographic","","","","","map_text","","","","","","","","map_text","","","","","","","","US percentile for % in limited English-speaking Households popup text","","","","","","","","","","","","","T_LINGISOPCT","","text.pctlingiso","T_LINGISOPCT"
"","","","","","","","","","","","bin.pctunemployed","","","","","","","",0,0,"",1,"","","","Demographic","","","","","map_bin","","","","","","","","map_bin","","","","","","","","US percentile for % Unemployed map bin","","","","","","","","","","","","","B_UNEMPPCT","","bin.pctunemployed","B_UNEMPPCT"
"","","","","","","","","","","","text.pctunemployed","","","","","","","",0,1,"",0,"","","","Demographic","","","","","map_text","","","","","","","","map_text","","","","","","","","US percentile for % Unemployed popup text","","","","","","","","","","","","","T_UNEMPPCT","","text.pctunemployed","T_UNEMPPCT"
"","","","","","","","","","","","bin.pctlths","","","","","","","",0,0,"",1,"","","","Demographic","","","","","map_bin","","","","","","","","map_bin","","","","","","","","US percentile for % with Less Than High School Education map bin","","","","","","","","","","","","","B_LESSHSPCT","","bin.pctlths","B_LESSHSPCT"
"","","","","","","","","","","","text.pctlths","","","","","","","",0,1,"",0,"","","","Demographic","","","","","map_text","","","","","","","","map_text","","","","","","","","US percentile for % with Less Than High School Education popup text","","","","","","","","","","","","","T_LESSHSPCT","","text.pctlths","T_LESSHSPCT"
"","","","","","","","","","","","bin.pctunder5","","","","","","","",0,0,"",1,"","","","Demographic","","","","","map_bin","","","","","","","","map_bin","","","","","","","","US percentile for % under Age 5 map bin","","","","","","","","","","","","","B_UNDER5PCT","","bin.pctunder5","B_UNDER5PCT"
"","","","","","","","","","","","text.pctunder5","","","","","","","",0,1,"",0,"","","","Demographic","","","","","map_text","","","","","","","","map_text","","","","","","","","US percentile for % under Age 5 popup text","","","","","","","","","","","","","T_UNDER5PCT","","text.pctunder5","T_UNDER5PCT"
"","","","","","","","","","","","bin.pctover64","","","","","","","",0,0,"",1,"","","","Demographic","","","","","map_bin","","","","","","","","map_bin","","","","","","","","US percentile for % over Age 64 map bin","","","","","","","","","","","","","B_OVER64PCT","","bin.pctover64","B_OVER64PCT"
"","","","","","","","","","","","text.pctover64","","","","","","","",0,1,"",0,"","","","Demographic","","","","","map_text","","","","","","","","map_text","","","","","","","","US percentile for % over Age 64 popup text","","","","","","","","","","","","","T_OVER64PCT","","text.pctover64","T_OVER64PCT"
"","","","","","","","","","","","bin.pctmin","","","","","","","",0,0,"",1,"","","","Demographic","","","","","map_bin","","","","","","","","map_bin","","","","","","","","US percentile for % People of Color map bin","","","","","","","","","","","","","B_PEOPCOLORPCT","","bin.pctmin","B_PEOPCOLORPCT"
"","","","","","","","","","","","text.pctmin","","","","","","","",0,1,"",0,"","","","Demographic","","","","","map_text","","","","","","","","map_text","","","","","","","","US percentile for % People of Color popup text","","","","","","","","","","","","","T_PEOPCOLORPCT","","text.pctmin","T_PEOPCOLORPCT"
"","","","","","","","","","","","bin.pctdisability","","","","","","","",0,0,"",1,"","","","Demographic","","","","","map_bin","","","","","","","","map_bin","","","","","","","","US percentile for % with Disabilities map bin","","","","","","","","","","","","","B_DISABILITYPCT","","bin.pctdisability","B_DISABILITYPCT"
"","","","","","","","","","","","text.pctdisability","","","","","","","",0,1,"",0,"","","","Demographic","","","","","map_text","","","","","","","","map_text","","","","","","","","US percentile for % with Disabilities popup text","","","","","","","","","","","","","T_DISABILITYPCT","","text.pctdisability","T_DISABILITYPCT"
"","","","","","","","","","","","bin.lowlifex","","","","","","","",0,0,"",1,"","","","Demographic","","","","","map_bin","","","","","","","","map_bin","","","","","","","","US percentile for % with Low Life Expectancy map bin","","","","","","","","","","","","","B_LIFEEXPPCT","","bin.lowlifex","B_LIFEEXPPCT"
"","","","","","","","","","","","text.lowlifex","","","","","","","",0,1,"",0,"","","","Demographic","","","","","map_text","","","","","","","","map_text","","","","","","","","US percentile for % with Low Life Expectancy popup text","","","","","","","","","","","","","T_LIFEEXPPCT","","text.lowlifex","T_LIFEEXPPCT"
"","","","","","","","","","","","bin.pm","","","","","","","",0,0,"",1,"","","","Environmental","","","","","map_bin","","","","","","","","map_bin","","","","","","","","US percentile for Particulate Matter (PM 2.5 in ug/m3) map bin","","","","","","","","","","","","","B_PM25","","bin.pm","B_PM25"
"","","","","","","","","","","","text.pm","","","","","","","",0,1,"",0,"","","","Environmental","","","","","map_text","","","","","","","","map_text","","","","","","","","US percentile for Particulate Matter (PM 2.5 in ug/m3) popup text","","","","","","","","","","","","","T_PM25","","text.pm","T_PM25"
"","","","","","","","","","","","bin.o3","","","","","","","",0,0,"",1,"","","","Environmental","","","","","map_bin","","","","","","","","map_bin","","","","","","","","US percentile for Ozone (ppb) map bin","","","","","","","","","","","","","B_OZONE","","bin.o3","B_OZONE"
"","","","","","","","","","","","text.o3","","","","","","","",0,1,"",0,"","","","Environmental","","","","","map_text","","","","","","","","map_text","","","","","","","","US percentile for Ozone (ppb) popup text","","","","","","","","","","","","","T_OZONE","","text.o3","T_OZONE"
"","","","","","","","","","","","bin.no2","","","","","","","",0,0,"",1,"","","","Environmental","","","","","map_bin","","","","","","","","map_bin","","","","","","","","US percentile for Nitrogen Dioxide (NO2) map bin","","","","","","","","","","","","","B_NO2","","bin.no2","B_NO2"
"","","","","","","","","","","","text.no2","","","","","","","",0,1,"",0,"","","","Environmental","","","","","map_text","","","","","","","","map_text","","","","","","","","US percentile for Nitrogen Dioxide (NO2) popup text","","","","","","","","","","","","","T_NO2","","text.no2","T_NO2"
"","","","","","","","","","","","bin.dpm","","","","","","","",0,0,"",1,"","","","Environmental","","","","","map_bin","","","","","","","","map_bin","","","","","","","","US percentile for Diesel Particulate Matter (ug/m3) map bin","","","","","","","","","","","","","B_DSLPM","","bin.dpm","B_DSLPM"
"","","","","","","","","","","","text.dpm","","","","","","","",0,1,"",0,"","","","Environmental","","","","","map_text","","","","","","","","map_text","","","","","","","","US percentile for Diesel Particulate Matter (ug/m3) popup text","","","","","","","","","","","","","T_DSLPM","","text.dpm","T_DSLPM"
"","","","","","","","","","","","bin.rsei","","","","","","","",0,0,"",1,"","","","Environmental","","","","","map_bin","","","","","","","","map_bin","","","","","","","","US percentile for Toxic Releases to Air map bin","","","","","","","","","","","","","B_RSEI_AIR","","bin.rsei","B_RSEI_AIR"
"","","","","","","","","","","","text.rsei","","","","","","","",0,1,"",0,"","","","Environmental","","","","","map_text","","","","","","","","map_text","","","","","","","","US percentile for Toxic Releases to Air popup text","","","","","","","","","","","","","T_RSEI_AIR","","text.rsei","T_RSEI_AIR"
"","","","","","","","","","","","bin.traffic.score","","","","","","","",0,0,"",1,"","","","Environmental","","","","","map_bin","","","","","","","","map_bin","","","","","","","","US percentile for Traffic Proximity and Volume (daily traffic count/distance to road) map bin","","","","","","","","","","","","","B_PTRAF","","bin.traffic.score","B_PTRAF"
"","","","","","","","","","","","text.traffic.score","","","","","","","",0,1,"",0,"","","","Environmental","","","","","map_text","","","","","","","","map_text","","","","","","","","US percentile for Traffic Proximity and Volume (daily traffic count/distance to road) popup text","","","","","","","","","","","","","T_PTRAF","","text.traffic.score","T_PTRAF"
"","","","","","","","","","","","bin.pctpre1960","","","","","","","",0,0,"",1,"","","","Environmental","","","","","map_bin","","","","","","","","map_bin","","","","","","","","US percentile for Lead Paint Indicator (% pre-1960s housing) map bin","","","","","","","","","","","","","B_LDPNT","","bin.pctpre1960","B_LDPNT"
"","","","","","","","","","","","text.pctpre1960","","","","","","","",0,1,"",0,"","","","Environmental","","","","","map_text","","","","","","","","map_text","","","","","","","","US percentile for Lead Paint Indicator (% pre-1960s housing) popup text","","","","","","","","","","","","","T_LDPNT","","text.pctpre1960","T_LDPNT"
"","","","","","","","","","","","bin.proximity.npl","","","","","","","",0,0,"",1,"","","","Environmental","","","","","map_bin","","","","","","","","map_bin","","","","","","","","US percentile for Superfund Proximity (site count/km distance) map bin","","","","","","","","","","","","","B_PNPL","","bin.proximity.npl","B_PNPL"
"","","","","","","","","","","","text.proximity.npl","","","","","","","",0,1,"",0,"","","","Environmental","","","","","map_text","","","","","","","","map_text","","","","","","","","US percentile for Superfund Proximity (site count/km distance) popup text","","","","","","","","","","","","","T_PNPL","","text.proximity.npl","T_PNPL"
"","","","","","","","","","","","bin.proximity.rmp","","","","","","","",0,0,"",1,"","","","Environmental","","","","","map_bin","","","","","","","","map_bin","","","","","","","","US percentile for RMP Proximity (facility count/km distance) map bin","","","","","","","","","","","","","B_PRMP","","bin.proximity.rmp","B_PRMP"
"","","","","","","","","","","","text.proximity.rmp","","","","","","","",0,1,"",0,"","","","Environmental","","","","","map_text","","","","","","","","map_text","","","","","","","","US percentile for RMP Proximity (facility count/km distance) popup text","","","","","","","","","","","","","T_PRMP","","text.proximity.rmp","T_PRMP"
"","","","","","","","","","","","bin.proximity.tsdf","","","","","","","",0,0,"",1,"","","","Environmental","","","","","map_bin","","","","","","","","map_bin","","","","","","","","US percentile for Hazardous Waste Proximity (facility count/km distance) map bin","","","","","","","","","","","","","B_PTSDF","","bin.proximity.tsdf","B_PTSDF"
"","","","","","","","","","","","text.proximity.tsdf","","","","","","","",0,1,"",0,"","","","Environmental","","","","","map_text","","","","","","","","map_text","","","","","","","","US percentile for Hazardous Waste Proximity (facility count/km distance) popup text","","","","","","","","","","","","","T_PTSDF","","text.proximity.tsdf","T_PTSDF"
"","","","","","","","","","","","bin.ust","","","","","","","",0,0,"",1,"","","","Environmental","","","","","map_bin","","","","","","","","map_bin","","","","","","","","US percentile for Underground Storage Tanks (UST) indicator map bin","","","","","","","","","","","","","B_UST","","bin.ust","B_UST"
"","","","","","","","","","","","text.ust","","","","","","","",0,1,"",0,"","","","Environmental","","","","","map_text","","","","","","","","map_text","","","","","","","","US percentile for Underground Storage Tanks (UST) indicator popup text","","","","","","","","","","","","","T_UST","","text.ust","T_UST"
"","","","","","","","","","","","bin.proximity.npdes","","","","","","","",0,0,"",1,"","","","Environmental","","","","","map_bin","","","","","","","","map_bin","","","","","","","","US percentile for Wastewater Discharge Indicator (toxicity-weighted concentration/distance) map bin","","","","","","","","","","","","","B_PWDIS","","bin.proximity.npdes","B_PWDIS"
"","","","","","","","","","","","text.proximity.npdes","","","","","","","",0,1,"",0,"","","","Environmental","","","","","map_text","","","","","","","","map_text","","","","","","","","US percentile for Wastewater Discharge Indicator (toxicity-weighted concentration/distance) popup text","","","","","","","","","","","","","T_PWDIS","","text.proximity.npdes","T_PWDIS"
"","","","","","","","","","","","bin.drinking","","","","","","","",0,0,"",1,"","","","Environmental","","","","","map_bin","","","","","","","","map_bin","","","","","","","","US percentile for Drinking Water Non-Compliance map bin","","","","","","","","","","","","","B_DWATER","","bin.drinking","B_DWATER"
"","","","","","","","","","","","text.drinking","","","","","","","",0,1,"",0,"","","","Environmental","","","","","map_text","","","","","","","","map_text","","","","","","","","US percentile for Drinking Water Non-Compliance popup text","","","","","","","","","","","","","T_DWATER","","text.drinking","T_DWATER"
"","","","","","","","","","","","bin.EJ.DISPARITY.pm.eo","","","","","","","",0,0,"",1,"","","","EJ Index","","","","","map_bin","","","","","","","","map_bin","","","","","","","","US percentile for Summary Index for Particulate Matter map bin","","","","","","","","","","","","","B_D2_PM25","","bin.EJ.DISPARITY.pm.eo","B_D2_PM25"
"","","","","","","","","","","","text.EJ.DISPARITY.pm.eo","","","","","","","",0,1,"",0,"","","","EJ Index","","","","","map_text","","","","","","","","map_text","","","","","","","","US percentile for Summary Index for Particulate Matter popup text","","","","","","","","","","","","","T_D2_PM25","","text.EJ.DISPARITY.pm.eo","T_D2_PM25"
"","","","","","","","","","","","bin.EJ.DISPARITY.o3.eo","","","","","","","",0,0,"",1,"","","","EJ Index","","","","","map_bin","","","","","","","","map_bin","","","","","","","","US percentile for Summary Index for Ozone map bin","","","","","","","","","","","","","B_D2_OZONE","","bin.EJ.DISPARITY.o3.eo","B_D2_OZONE"
"","","","","","","","","","","","text.EJ.DISPARITY.o3.eo","","","","","","","",0,1,"",0,"","","","EJ Index","","","","","map_text","","","","","","","","map_text","","","","","","","","US percentile for Summary Index for Ozone popup text","","","","","","","","","","","","","T_D2_OZONE","","text.EJ.DISPARITY.o3.eo","T_D2_OZONE"
"","","","","","","","","","","","bin.EJ.DISPARITY.no2.eo","","","","","","","",0,0,"",1,"","","","EJ Index","","","","","map_bin","","","","","","","","map_bin","","","","","","","","US percentile for Summary Index for Nitrogen Dioxide (NO2) map bin","","","","","","","","","","","","","B_D2_NO2","","bin.EJ.DISPARITY.no2.eo","B_D2_NO2"
"","","","","","","","","","","","text.EJ.DISPARITY.no2.eo","","","","","","","",0,1,"",0,"","","","EJ Index","","","","","map_text","","","","","","","","map_text","","","","","","","","US percentile for Summary Index for Nitrogen Dioxide (NO2) popup text","","","","","","","","","","","","","T_D2_NO2","","text.EJ.DISPARITY.no2.eo","T_D2_NO2"
"","","","","","","","","","","","bin.EJ.DISPARITY.dpm.eo","","","","","","","",0,0,"",1,"","","","EJ Index","","","","","map_bin","","","","","","","","map_bin","","","","","","","","US percentile for Summary Index for Diesel Particulate Matter map bin","","","","","","","","","","","","","B_D2_DSLPM","","bin.EJ.DISPARITY.dpm.eo","B_D2_DSLPM"
"","","","","","","","","","","","text.EJ.DISPARITY.dpm.eo","","","","","","","",0,1,"",0,"","","","EJ Index","","","","","map_text","","","","","","","","map_text","","","","","","","","US percentile for Summary Index for Diesel Particulate Matter popup text","","","","","","","","","","","","","T_D2_DSLPM","","text.EJ.DISPARITY.dpm.eo","T_D2_DSLPM"
"","","","","","","","","","","","bin.EJ.DISPARITY.rsei.eo","","","","","","","",0,0,"",1,"","","","EJ Index","","","","","map_bin","","","","","","","","map_bin","","","","","","","","US percentile for Summary Index for Toxic Releases to Air map bin","","","","","","","","","","","","","B_D2_RSEI_AIR","","bin.EJ.DISPARITY.rsei.eo","B_D2_RSEI_AIR"
"","","","","","","","","","","","text.EJ.DISPARITY.rsei.eo","","","","","","","",0,1,"",0,"","","","EJ Index","","","","","map_text","","","","","","","","map_text","","","","","","","","US percentile for Summary Index for Toxic Releases to Air popup text","","","","","","","","","","","","","T_D2_RSEI_AIR","","text.EJ.DISPARITY.rsei.eo","T_D2_RSEI_AIR"
"","","","","","","","","","","","bin.EJ.DISPARITY.traffic.score.eo","","","","","","","",0,0,"",1,"","","","EJ Index","","","","","map_bin","","","","","","","","map_bin","","","","","","","","US percentile for Summary Index for Traffic Proximity and Volume map bin","","","","","","","","","","","","","B_D2_PTRAF","","bin.EJ.DISPARITY.traffic.score.eo","B_D2_PTRAF"
"","","","","","","","","","","","text.EJ.DISPARITY.traffic.score.eo","","","","","","","",0,1,"",0,"","","","EJ Index","","","","","map_text","","","","","","","","map_text","","","","","","","","US percentile for Summary Index for Traffic Proximity and Volume popup text","","","","","","","","","","","","","T_D2_PTRAF","","text.EJ.DISPARITY.traffic.score.eo","T_D2_PTRAF"
"","","","","","","","","","","","bin.EJ.DISPARITY.pctpre1960.eo","","","","","","","",0,0,"",1,"","","","EJ Index","","","","","map_bin","","","","","","","","map_bin","","","","","","","","US percentile for Summary Index for Lead Paint Indicator map bin","","","","","","","","","","","","","B_D2_LDPNT","","bin.EJ.DISPARITY.pctpre1960.eo","B_D2_LDPNT"
"","","","","","","","","","","","text.EJ.DISPARITY.pctpre1960.eo","","","","","","","",0,1,"",0,"","","","EJ Index","","","","","map_text","","","","","","","","map_text","","","","","","","","US percentile for Summary Index for Lead Paint Indicator popup text","","","","","","","","","","","","","T_D2_LDPNT","","text.EJ.DISPARITY.pctpre1960.eo","T_D2_LDPNT"
"","","","","","","","","","","","bin.EJ.DISPARITY.proximity.npl.eo","","","","","","","",0,0,"",1,"","","","EJ Index","","","","","map_bin","","","","","","","","map_bin","","","","","","","","US percentile for Summary Index for Superfund Proximity map bin","","","","","","","","","","","","","B_D2_PNPL","","bin.EJ.DISPARITY.proximity.npl.eo","B_D2_PNPL"
"","","","","","","","","","","","text.EJ.DISPARITY.proximity.npl.eo","","","","","","","",0,1,"",0,"","","","EJ Index","","","","","map_text","","","","","","","","map_text","","","","","","","","US percentile for Summary Index for Superfund Proximity popup text","","","","","","","","","","","","","T_D2_PNPL","","text.EJ.DISPARITY.proximity.npl.eo","T_D2_PNPL"
"","","","","","","","","","","","bin.EJ.DISPARITY.proximity.rmp.eo","","","","","","","",0,0,"",1,"","","","EJ Index","","","","","map_bin","","","","","","","","map_bin","","","","","","","","US percentile for Summary Index for RMP Proximity map bin","","","","","","","","","","","","","B_D2_PRMP","","bin.EJ.DISPARITY.proximity.rmp.eo","B_D2_PRMP"
"","","","","","","","","","","","text.EJ.DISPARITY.proximity.rmp.eo","","","","","","","",0,1,"",0,"","","","EJ Index","","","","","map_text","","","","","","","","map_text","","","","","","","","US percentile for Summary Index for RMP Proximity popup text","","","","","","","","","","","","","T_D2_PRMP","","text.EJ.DISPARITY.proximity.rmp.eo","T_D2_PRMP"
"","","","","","","","","","","","bin.EJ.DISPARITY.proximity.tsdf.eo","","","","","","","",0,0,"",1,"","","","EJ Index","","","","","map_bin","","","","","","","","map_bin","","","","","","","","US percentile for Summary Index for Hazardous Waste Proximity map bin","","","","","","","","","","","","","B_D2_PTSDF","","bin.EJ.DISPARITY.proximity.tsdf.eo","B_D2_PTSDF"
"","","","","","","","","","","","text.EJ.DISPARITY.proximity.tsdf.eo","","","","","","","",0,1,"",0,"","","","EJ Index","","","","","map_text","","","","","","","","map_text","","","","","","","","US percentile for Summary Index for Hazardous Waste Proximity popup text","","","","","","","","","","","","","T_D2_PTSDF","","text.EJ.DISPARITY.proximity.tsdf.eo","T_D2_PTSDF"
"","","","","","","","","","","","bin.EJ.DISPARITY.ust.eo","","","","","","","",0,0,"",1,"","","","EJ Index","","","","","map_bin","","","","","","","","map_bin","","","","","","","","US percentile for Summary Index for Underground Storage Tanks (UST) indicator map bin","","","","","","","","","","","","","B_D2_UST","","bin.EJ.DISPARITY.ust.eo","B_D2_UST"
"","","","","","","","","","","","text.EJ.DISPARITY.ust.eo","","","","","","","",0,1,"",0,"","","","EJ Index","","","","","map_text","","","","","","","","map_text","","","","","","","","US percentile for Summary Index for Underground Storage Tanks (UST) indicator popup text","","","","","","","","","","","","","T_D2_UST","","text.EJ.DISPARITY.ust.eo","T_D2_UST"
"","","","","","","","","","","","bin.EJ.DISPARITY.proximity.npdes.eo","","","","","","","",0,0,"",1,"","","","EJ Index","","","","","map_bin","","","","","","","","map_bin","","","","","","","","US percentile for Summary Index for Wastewater Discharge Indicator map bin","","","","","","","","","","","","","B_D2_PWDIS","","bin.EJ.DISPARITY.proximity.npdes.eo","B_D2_PWDIS"
"","","","","","","","","","","","text.EJ.DISPARITY.proximity.npdes.eo","","","","","","","",0,1,"",0,"","","","EJ Index","","","","","map_text","","","","","","","","map_text","","","","","","","","US percentile for Summary Index for Wastewater Discharge Indicator popup text","","","","","","","","","","","","","T_D2_PWDIS","","text.EJ.DISPARITY.proximity.npdes.eo","T_D2_PWDIS"
"","","","","","","","","","","","bin.EJ.DISPARITY.drinking.eo","","","","","","","",0,0,"",1,"","","","EJ Index","","","","","map_bin","","","","","","","","map_bin","","","","","","","","US percentile for Summary Index for Drinking Water Non-Compliance map bin","","","","","","","","","","","","","B_D2_DWATER","","bin.EJ.DISPARITY.drinking.eo","B_D2_DWATER"
"","","","","","","","","","","","text.EJ.DISPARITY.drinking.eo","","","","","","","",0,1,"",0,"","","","EJ Index","","","","","map_text","","","","","","","","map_text","","","","","","","","US percentile for Summary Index for Drinking Water Non-Compliance popup text","","","","","","","","","","","","","T_D2_DWATER","","text.EJ.DISPARITY.drinking.eo","T_D2_DWATER"
"","","","","","","","","","","","bin.EJ.DISPARITY.pm.supp","","","","","","","",0,0,"",1,"","","","EJ Index","","","","","map_bin","","","","","","","","map_bin","","","","","","","","US percentile for Supplemental Summary Index for Particulate Matter map bin","","","","","","","","","","","","","B_D5_PM25","","bin.EJ.DISPARITY.pm.supp","B_D5_PM25"
"","","","","","","","","","","","text.EJ.DISPARITY.pm.supp","","","","","","","",0,1,"",0,"","","","EJ Index","","","","","map_text","","","","","","","","map_text","","","","","","","","US percentile for Supplemental Summary Index for Particulate Matter popup text","","","","","","","","","","","","","T_D5_PM25","","text.EJ.DISPARITY.pm.supp","T_D5_PM25"
"","","","","","","","","","","","bin.EJ.DISPARITY.o3.supp","","","","","","","",0,0,"",1,"","","","EJ Index","","","","","map_bin","","","","","","","","map_bin","","","","","","","","US percentile for Supplemental Summary Index for Ozone map bin","","","","","","","","","","","","","B_D5_OZONE","","bin.EJ.DISPARITY.o3.supp","B_D5_OZONE"
"","","","","","","","","","","","text.EJ.DISPARITY.o3.supp","","","","","","","",0,1,"",0,"","","","EJ Index","","","","","map_text","","","","","","","","map_text","","","","","","","","US percentile for Supplemental Summary Index for Ozone popup text","","","","","","","","","","","","","T_D5_OZONE","","text.EJ.DISPARITY.o3.supp","T_D5_OZONE"
"","","","","","","","","","","","bin.EJ.DISPARITY.no2.supp","","","","","","","",0,0,"",1,"","","","EJ Index","","","","","map_bin","","","","","","","","map_bin","","","","","","","","US percentile for Supplemental Summary Index for Nitrogen Dioxide (NO2) map bin","","","","","","","","","","","","","B_D5_NO2","","bin.EJ.DISPARITY.no2.supp","B_D5_NO2"
"","","","","","","","","","","","text.EJ.DISPARITY.no2.supp","","","","","","","",0,1,"",0,"","","","EJ Index","","","","","map_text","","","","","","","","map_text","","","","","","","","US percentile for Supplemental Summary Index for Nitrogen Dioxide (NO2) popup text","","","","","","","","","","","","","T_D5_NO2","","text.EJ.DISPARITY.no2.supp","T_D5_NO2"
"","","","","","","","","","","","bin.EJ.DISPARITY.dpm.supp","","","","","","","",0,0,"",1,"","","","EJ Index","","","","","map_bin","","","","","","","","map_bin","","","","","","","","US percentile for Supplemental Summary Index for Diesel Particulate Matter map bin","","","","","","","","","","","","","B_D5_DSLPM","","bin.EJ.DISPARITY.dpm.supp","B_D5_DSLPM"
"","","","","","","","","","","","text.EJ.DISPARITY.dpm.supp","","","","","","","",0,1,"",0,"","","","EJ Index","","","","","map_text","","","","","","","","map_text","","","","","","","","US percentile for Supplemental Summary Index for Diesel Particulate Matter popup text","","","","","","","","","","","","","T_D5_DSLPM","","text.EJ.DISPARITY.dpm.supp","T_D5_DSLPM"
"","","","","","","","","","","","bin.EJ.DISPARITY.rsei.supp","","","","","","","",0,0,"",1,"","","","EJ Index","","","","","map_bin","","","","","","","","map_bin","","","","","","","","US percentile for Supplemental Summary Index for Toxic Releases to Air map bin","","","","","","","","","","","","","B_D5_RSEI_AIR","","bin.EJ.DISPARITY.rsei.supp","B_D5_RSEI_AIR"
"","","","","","","","","","","","text.EJ.DISPARITY.rsei.supp","","","","","","","",0,1,"",0,"","","","EJ Index","","","","","map_text","","","","","","","","map_text","","","","","","","","US percentile for Supplemental Summary Index for Toxic Releases to Air popup text","","","","","","","","","","","","","T_D5_RSEI_AIR","","text.EJ.DISPARITY.rsei.supp","T_D5_RSEI_AIR"
"","","","","","","","","","","","bin.EJ.DISPARITY.traffic.score.supp","","","","","","","",0,0,"",1,"","","","EJ Index","","","","","map_bin","","","","","","","","map_bin","","","","","","","","US percentile for Supplemental Summary Index for Traffic Proximity and Volume map bin","","","","","","","","","","","","","B_D5_PTRAF","","bin.EJ.DISPARITY.traffic.score.supp","B_D5_PTRAF"
"","","","","","","","","","","","text.EJ.DISPARITY.traffic.score.supp","","","","","","","",0,1,"",0,"","","","EJ Index","","","","","map_text","","","","","","","","map_text","","","","","","","","US percentile for Supplemental Summary Index for Traffic Proximity and Volume popup text","","","","","","","","","","","","","T_D5_PTRAF","","text.EJ.DISPARITY.traffic.score.supp","T_D5_PTRAF"
"","","","","","","","","","","","bin.EJ.DISPARITY.pctpre1960.supp","","","","","","","",0,0,"",1,"","","","EJ Index","","","","","map_bin","","","","","","","","map_bin","","","","","","","","US percentile for Supplemental Summary Index for Lead Paint Indicator map bin","","","","","","","","","","","","","B_D5_LDPNT","","bin.EJ.DISPARITY.pctpre1960.supp","B_D5_LDPNT"
"","","","","","","","","","","","text.EJ.DISPARITY.pctpre1960.supp","","","","","","","",0,1,"",0,"","","","EJ Index","","","","","map_text","","","","","","","","map_text","","","","","","","","US percentile for Supplemental Summary Index for Lead Paint Indicator popup text","","","","","","","","","","","","","T_D5_LDPNT","","text.EJ.DISPARITY.pctpre1960.supp","T_D5_LDPNT"
"","","","","","","","","","","","bin.EJ.DISPARITY.proximity.npl.supp","","","","","","","",0,0,"",1,"","","","EJ Index","","","","","map_bin","","","","","","","","map_bin","","","","","","","","US percentile for Supplemental Summary Index for Superfund Proximity map bin","","","","","","","","","","","","","B_D5_PNPL","","bin.EJ.DISPARITY.proximity.npl.supp","B_D5_PNPL"
"","","","","","","","","","","","text.EJ.DISPARITY.proximity.npl.supp","","","","","","","",0,1,"",0,"","","","EJ Index","","","","","map_text","","","","","","","","map_text","","","","","","","","US percentile for Supplemental Summary Index for Superfund Proximity popup text","","","","","","","","","","","","","T_D5_PNPL","","text.EJ.DISPARITY.proximity.npl.supp","T_D5_PNPL"
"","","","","","","","","","","","bin.EJ.DISPARITY.proximity.rmp.supp","","","","","","","",0,0,"",1,"","","","EJ Index","","","","","map_bin","","","","","","","","map_bin","","","","","","","","US percentile for Supplemental Summary Index for RMP Proximity map bin","","","","","","","","","","","","","B_D5_PRMP","","bin.EJ.DISPARITY.proximity.rmp.supp","B_D5_PRMP"
"","","","","","","","","","","","text.EJ.DISPARITY.proximity.rmp.supp","","","","","","","",0,1,"",0,"","","","EJ Index","","","","","map_text","","","","","","","","map_text","","","","","","","","US percentile for Supplemental Summary Index for RMP Proximity popup text","","","","","","","","","","","","","T_D5_PRMP","","text.EJ.DISPARITY.proximity.rmp.supp","T_D5_PRMP"
"","","","","","","","","","","","bin.EJ.DISPARITY.proximity.tsdf.supp","","","","","","","",0,0,"",1,"","","","EJ Index","","","","","map_bin","","","","","","","","map_bin","","","","","","","","US percentile for Supplemental Summary Index for Hazardous Waste Proximity map bin","","","","","","","","","","","","","B_D5_PTSDF","","bin.EJ.DISPARITY.proximity.tsdf.supp","B_D5_PTSDF"
"","","","","","","","","","","","text.EJ.DISPARITY.proximity.tsdf.supp","","","","","","","",0,1,"",0,"","","","EJ Index","","","","","map_text","","","","","","","","map_text","","","","","","","","US percentile for Supplemental Summary Index for Hazardous Waste Proximity popup text","","","","","","","","","","","","","T_D5_PTSDF","","text.EJ.DISPARITY.proximity.tsdf.supp","T_D5_PTSDF"
"","","","","","","","","","","","bin.EJ.DISPARITY.ust.supp","","","","","","","",0,0,"",1,"","","","EJ Index","","","","","map_bin","","","","","","","","map_bin","","","","","","","","US percentile for Supplemental Summary Index for Underground Storage Tanks (UST) indicator map bin","","","","","","","","","","","","","B_D5_UST","","bin.EJ.DISPARITY.ust.supp","B_D5_UST"
"","","","","","","","","","","","text.EJ.DISPARITY.ust.supp","","","","","","","",0,1,"",0,"","","","EJ Index","","","","","map_text","","","","","","","","map_text","","","","","","","","US percentile for Supplemental Summary Index for Underground Storage Tanks (UST) indicator popup text","","","","","","","","","","","","","T_D5_UST","","text.EJ.DISPARITY.ust.supp","T_D5_UST"
"","","","","","","","","","","","bin.EJ.DISPARITY.proximity.npdes.supp","","","","","","","",0,0,"",1,"","","","EJ Index","","","","","map_bin","","","","","","","","map_bin","","","","","","","","US percentile for Supplemental Summary Index for Wastewater Discharge Indicator map bin","","","","","","","","","","","","","B_D5_PWDIS","","bin.EJ.DISPARITY.proximity.npdes.supp","B_D5_PWDIS"
"","","","","","","","","","","","text.EJ.DISPARITY.proximity.npdes.supp","","","","","","","",0,1,"",0,"","","","EJ Index","","","","","map_text","","","","","","","","map_text","","","","","","","","US percentile for Supplemental Summary Index for Wastewater Discharge Indicator popup text","","","","","","","","","","","","","T_D5_PWDIS","","text.EJ.DISPARITY.proximity.npdes.supp","T_D5_PWDIS"
"","","","","","","","","","","","bin.EJ.DISPARITY.drinking.supp","","","","","","","",0,0,"",1,"","","","EJ Index","","","","","map_bin","","","","","","","","map_bin","","","","","","","","US percentile for Supplemental Summary Index for Drinking Water Non-Compliance map bin","","","","","","","","","","","","","B_D5_DWATER","","bin.EJ.DISPARITY.drinking.supp","B_D5_DWATER"
"","","","","","","","","","","","text.EJ.DISPARITY.drinking.supp","","","","","","","",0,1,"",0,"","","","EJ Index","","","","","map_text","","","","","","","","map_text","","","","","","","","US percentile for Supplemental Summary Index for Drinking Water Non-Compliance popup text","","","","","","","","","","","","","T_D5_DWATER","","text.EJ.DISPARITY.drinking.supp","T_D5_DWATER"
"636","015034017","0150017","1","1","1","api","","","","","broadband_universe","35","sort5","broadband_universe","50","names_d_other_count","0","0",0,0,"0",0,"0","0","0","Demographic","Demographic","","","0","raw","raw","TRUE","count demog","raw","","","","sum of counts","","0","FALSE","FALSE","FALSE","","Count of households in broadband universe","Count of Households in B28002 Internet Subscription Universe","Households in B28002 internet subscription universe","Households in B28003 internet subscription universe","Households in B28002 internet subscription universe","","","","16","","","","","TRUE","","","broadband_universe",""
"","","","","","","","","","","","nohealthinsurance","","pctnohealthinsurance","","","names_criticalservice_count","","",0,0,"",0,"","","","","","","","","","","","","","0","","","sum of counts","","","","","","count","without health insurance count","People without health insurance coverage","People without health insurance coverage","","Civilian_noninstitutionalized_population_without_health_insurance_coverage","","","","","","","","","","","","nohealthinsurance",""
"","","","","","","","","","","","ratio.to.avg.rateheartdisease","","rateheartdisease","rateheartdisease","","names_health_ratio_to_avg","1","0",0,0,"1",0,"","","","","","Nation","us","1","usratio","ratio","TRUE","ratio","ratio","","","","ratio to avg","2","1","FALSE","FALSE","FALSE","","Ratio to US avg % with Heart diseases","Ratio to US avg % with Heart Diseases","Ratio to US avg % with Heart Diseases","","","","","","","","","","","","","","ratio.to.avg.rateheartdisease",""
"","","","","","","","","","","","ratio.to.state.avg.rateheartdisease","","rateheartdisease","rateheartdisease","","names_health_ratio_to_state_avg","1","1",0,0,"1",0,"","","","","","State","state","2","stateratio","ratio","TRUE","ratio","ratio","","","","ratio to avg","2","1","FALSE","FALSE","FALSE","","Ratio to State avg % with Heart diseases","Ratio to State avg % with Heart Diseases","Ratio to State avg % with Heart Diseases","","","","","","","","","","","","","","ratio.to.state.avg.rateheartdisease",""
"","","","","","","","","","","","ratio.to.avg.rateasthma","","rateasthma","rateasthma","","names_health_ratio_to_avg","1","0",0,0,"1",0,"","","","","","Nation","us","1","usratio","ratio","TRUE","ratio","ratio","","","","ratio to avg","2","1","FALSE","FALSE","FALSE","","Ratio to US avg % of Adults with Asthma","Ratio to US avg % of Adults with Asthma","Ratio to US avg % of Adults with Asthma","","","","","","","","","","","","","","ratio.to.avg.rateasthma",""
"","","","","","","","","","","","ratio.to.state.avg.rateasthma","","rateasthma","rateasthma","","names_health_ratio_to_state_avg","1","1",0,0,"1",0,"","","","","","State","state","2","stateratio","ratio","TRUE","ratio","ratio","","","","ratio to avg","2","1","FALSE","FALSE","FALSE","","Ratio to State avg % of Adults with Asthma","Ratio to State avg % of Adults with Asthma","Ratio to State avg % of Adults with Asthma","","","","","","","","","","","","","","ratio.to.state.avg.rateasthma",""
"","","","","","","","","","","","ratio.to.avg.ratecancer","","ratecancer","ratecancer","","names_health_ratio_to_avg","1","0",0,0,"1",0,"","","","","","Nation","us","1","usratio","ratio","TRUE","ratio","ratio","","","","ratio to avg","2","1","FALSE","FALSE","FALSE","","Ratio to US avg % with Cancer (excluding skin cancer)","Ratio to US avg % of Adults with Cancer (excluding skin cancer)","Ratio to US avg % of Adults with Cancer (excluding skin cancer)","","","","","","","","","","","","","","ratio.to.avg.ratecancer",""
"","","","","","","","","","","","ratio.to.state.avg.ratecancer","","ratecancer","ratecancer","","names_health_ratio_to_state_avg","1","1",0,0,"1",0,"","","","","","State","state","2","stateratio","ratio","TRUE","ratio","ratio","","","","ratio to avg","2","1","FALSE","FALSE","FALSE","","Ratio to State avg % with Cancer (excluding skin cancer)","Ratio to State avg % of Adults with Cancer (excluding skin cancer)","Ratio to State avg % of Adults with Cancer (excluding skin cancer)","","","","","","","","","","","","","","ratio.to.state.avg.ratecancer",""
"","","","","","","","","","","","ratio.to.avg.pctflood","","pctflood","pctflood","","names_climate_ratio_to_avg","1","0",0,0,"1",0,"","","","","","Nation","us","1","usratio","ratio","TRUE","ratio","ratio","","","","ratio to avg","2","1","FALSE","FALSE","FALSE","","Ratio to US avg Current Flood Risk","Ratio to US avg Estimated Current Flood Risk","Ratio to US avg Estimated Current Flood Risk","","","","","","","","","","","","","","ratio.to.avg.pctflood",""
"","","","","","","","","","","","ratio.to.state.avg.pctflood","","pctflood","pctflood","","names_climate_ratio_to_state_avg","1","1",0,0,"1",0,"","","","","","State","state","2","stateratio","ratio","TRUE","ratio","ratio","","","","ratio to avg","2","1","FALSE","FALSE","FALSE","","Ratio to State avg Current Flood Risk","Ratio to State avg Estimated Current Flood Risk","Ratio to State avg Estimated Current Flood Risk","","","","","","","","","","","","","","ratio.to.state.avg.pctflood",""
"","","","","","","","","","","","ratio.to.avg.pctfire","","pctfire","pctfire","","names_climate_ratio_to_avg","1","0",0,0,"1",0,"","","","","","Nation","us","1","usratio","ratio","TRUE","ratio","ratio","","","","ratio to avg","2","1","FALSE","FALSE","FALSE","","Ratio to US avg Current Fire Risk","Ratio to US avg Estimated Current Fire Risk","Ratio to US avg Estimated Current Fire Risk","","","","","","","","","","","","","","ratio.to.avg.pctfire",""
"","","","","","","","","","","","ratio.to.state.avg.pctfire","","pctfire","pctfire","","names_climate_ratio_to_state_avg","1","1",0,0,"1",0,"","","","","","State","state","2","stateratio","ratio","TRUE","ratio","ratio","","","","ratio to avg","2","1","FALSE","FALSE","FALSE","","Ratio to State avg Current Fire Risk","Ratio to State avg Estimated Current Fire Risk","Ratio to State avg Estimated Current Fire Risk","","","","","","","","","","","","","","ratio.to.state.avg.pctfire",""
"","","","","","","","","","","","ratio.to.avg.pctfire30","","pctfire30","pctfire30","","names_climate_ratio_to_avg","1","0",0,0,"1",0,"","","","","","Nation","us","1","usratio","ratio","TRUE","ratio","ratio","","","","ratio to avg","2","1","FALSE","FALSE","FALSE","","Ratio to US avg Fire Risk in 30 Years","Ratio to US avg Estimated Fire Risk in 30 Years","Ratio to US avg Estimated Fire Risk in 30 Years","","","","","","","","","","","","","","ratio.to.avg.pctfire30",""
"","","","","","","","","","","","ratio.to.state.avg.pctfire30","","pctfire30","pctfire30","","names_climate_ratio_to_state_avg","1","1",0,0,"1",0,"","","","","","State","state","2","stateratio","ratio","TRUE","ratio","ratio","","","","ratio to avg","2","1","FALSE","FALSE","FALSE","","Ratio to State avg Fire Risk in 30 Years","Ratio to State avg Estimated Fire Risk in 30 Years","Ratio to State avg Estimated Fire Risk in 30 Years","","","","","","","","","","","","","","ratio.to.state.avg.pctfire30",""
"","","","","","","","","","","","ratio.to.avg.pctflood30","","pctflood30","pctflood30","","names_climate_ratio_to_avg","1","0",0,0,"1",0,"","","","","","Nation","us","1","usratio","ratio","TRUE","ratio","ratio","","","","ratio to avg","2","1","FALSE","FALSE","FALSE","","Ratio to US avg Flood Risk in 30 Years","Ratio to US avg Estimated Flood Risk in 30 Years","Ratio to US avg Estimated Flood Risk in 30 Years","","","","","","","","","","","","","","ratio.to.avg.pctflood30",""
"","","","","","","","","","","","ratio.to.state.avg.pctflood30","","pctflood30","pctflood30","","names_climate_ratio_to_state_avg","1","1",0,0,"1",0,"","","","","","State","state","2","stateratio","ratio","TRUE","ratio","ratio","","","","ratio to avg","2","1","FALSE","FALSE","FALSE","","Ratio to State avg Flood Risk in 30 Years","Ratio to State avg Estimated Flood Risk in 30 Years","Ratio to State avg Estimated Flood Risk in 30 Years","","","","","","","","","","","","","","ratio.to.state.avg.pctflood30",""
"","","","","","","","","","","","ratio.to.avg.pctnobroadband","","pctnobroadband","pctnobroadband","","names_criticalservice_ratio_to_avg","1","0",0,0,"1",0,"","","","","","Nation","us","1","usratio","ratio","TRUE","ratio","ratio","","","","ratio to avg","2","1","FALSE","FALSE","FALSE","","Ratio to US avg % hhlds without Broadband Internet","Ratio to US avg % Households without Broadband Internet","Ratio to US avg % Households without Broadband Internet","","","","","","","","","","","","","","ratio.to.avg.pctnobroadband",""
"","","","","","","","","","","","ratio.to.state.avg.pctnobroadband","","pctnobroadband","pctnobroadband","","names_criticalservice_ratio_to_state_avg","1","1",0,0,"1",0,"","","","","","State","state","2","stateratio","ratio","TRUE","ratio","ratio","","","","ratio to avg","2","1","FALSE","FALSE","FALSE","","Ratio to State avg % hhlds without Broadband Internet","Ratio to State avg % Households without Broadband Internet","Ratio to State avg % Households without Broadband Internet","","","","","","","","","","","","","","ratio.to.state.avg.pctnobroadband",""
"","","","","","","","","","","","ratio.to.avg.pctnohealthinsurance","","pctnohealthinsurance","pctnohealthinsurance","","names_criticalservice_ratio_to_avg","1","0",0,0,"1",0,"","","","","","Nation","us","1","usratio","ratio","TRUE","ratio","ratio","","","","ratio to avg","2","1","FALSE","FALSE","FALSE","","Ratio to US avg % without health insurance","Ratio to US avg % People without Health Insurance","Ratio to US avg % People without Health Insurance","","","","","","","","","","","","","","ratio.to.avg.pctnohealthinsurance",""
"","","","","","","","","","","","ratio.to.state.avg.pctnohealthinsurance","","pctnohealthinsurance","pctnohealthinsurance","","names_criticalservice_ratio_to_state_avg","1","1",0,0,"1",0,"","","","","","State","state","2","stateratio","ratio","TRUE","ratio","ratio","","","","ratio to avg","2","1","FALSE","FALSE","FALSE","","Ratio to State avg % without health insurance","Ratio to State avg % People without Health Insurance","Ratio to State avg % People without Health Insurance","","","","","","","","","","","","","","ratio.to.state.avg.pctnohealthinsurance",""
"","","","","","","","","","","","avg.pctlan_nonenglish","","pctlan_nonenglish","pctlan_nonenglish","","names_d_language_avg","0","0",0,0,"0",0,"","","","","","Nation","us","1","usavg","avg","TRUE","average","avg","","","","constant","2","0","FALSE","FALSE","FALSE","","US avg % speak non-English languages at home","US Average for % speaking non-English languages at home","US Average for % speaking non-English languages at home","","","","","","","","","","","","","","avg.pctlan_nonenglish",""
"","","","","","","","","","","","state.avg.pctlan_nonenglish","","pctlan_nonenglish","pctlan_nonenglish","","names_d_language_state_avg","0","0",0,0,"0",0,"","","","","","State","state","2","stateavg","avg","TRUE","average","avg","","","","constant","2","0","FALSE","FALSE","FALSE","","State avg % speak non-English languages at home","State Average for % speaking non-English languages at home","State Average for % speaking non-English languages at home","","","","","","","","","","","","","","state.avg.pctlan_nonenglish",""
"","","","","","","","","","","","pctile.pctlan_nonenglish","","pctlan_nonenglish","pctlan_nonenglish","","names_d_language_pctile","0","0",1,0,"0",0,"","","","","","Nation","us","1","uspctile","pctile","TRUE","percentile","pctile","","","","lookedup","2","0","FALSE","FALSE","FALSE","","US%ile % speak non-English languages at home","US percentile for % speaking non-English languages at home","US percentile for % speaking non-English languages at home","","","","","","","","","","","","","","pctile.pctlan_nonenglish",""
"","","","","","","","","","","","state.pctile.pctlan_nonenglish","","pctlan_nonenglish","pctlan_nonenglish","","names_d_language_state_pctile","0","1",1,0,"0",0,"","","","","","State","state","2","statepctile","pctile","TRUE","percentile","pctile","","","","lookedup","2","0","FALSE","FALSE","FALSE","","State%ile % speak non-English languages at home","State percentile for % speaking non-English languages at home","State percentile for % speaking non-English languages at home","","","","","","","","","","","","","","state.pctile.pctlan_nonenglish",""
"","","","","","","","","","","","ratio.to.avg.pctlan_nonenglish","","pctlan_nonenglish","pctlan_nonenglish","","names_d_language_ratio_to_avg","1","0",0,0,"1",0,"","","","","","Nation","us","1","usratio","ratio","TRUE","ratio","ratio","","","","ratio to avg","2","1","FALSE","FALSE","FALSE","","Ratio to US avg % speak non-English languages at home","Ratio to US avg % speaking non-English languages at home","Ratio to US avg % speaking non-English languages at home","","","","","","","","","","","","","","ratio.to.avg.pctlan_nonenglish",""
"","","","","","","","","","","","ratio.to.state.avg.pctlan_nonenglish","","pctlan_nonenglish","pctlan_nonenglish","","names_d_language_ratio_to_state_avg","1","1",0,0,"1",0,"","","","","","State","state","2","stateratio","ratio","TRUE","ratio","ratio","","","","ratio to avg","2","1","FALSE","FALSE","FALSE","","Ratio to State avg % speak non-English languages at home","Ratio to State avg % speaking non-English languages at home","Ratio to State avg % speaking non-English languages at home","","","","","","","","","","","","","","ratio.to.state.avg.pctlan_nonenglish",""
"","","","","","","","","","","","avg.pctlan_ie","","pctlan_ie","pctlan_ie","","names_d_language_avg","0","0",0,0,"0",0,"","","","","","Nation","us","1","usavg","avg","TRUE","average","avg","","","","constant","2","0","FALSE","FALSE","FALSE","","US avg %speak Other Indo-European at home","US Average for % speaking Other Indo-European at home","US Average for % speaking Other Indo-European at home","","","","","","","","","","","","","","avg.pctlan_ie",""
"","","","","","","","","","","","state.avg.pctlan_ie","","pctlan_ie","pctlan_ie","","names_d_language_state_avg","0","0",0,0,"0",0,"","","","","","State","state","2","stateavg","avg","TRUE","average","avg","","","","constant","2","0","FALSE","FALSE","FALSE","","State avg %speak Other Indo-European at home","State Average for % speaking Other Indo-European at home","State Average for % speaking Other Indo-European at home","","","","","","","","","","","","","","state.avg.pctlan_ie",""
"","","","","","","","","","","","pctile.pctlan_ie","","pctlan_ie","pctlan_ie","","names_d_language_pctile","0","0",1,0,"0",0,"","","","","","Nation","us","1","uspctile","pctile","TRUE","percentile","pctile","","","","lookedup","2","0","FALSE","FALSE","FALSE","","US%ile %speak Other Indo-European at home","US percentile for % speaking Other Indo-European at home","US percentile for % speaking Other Indo-European at home","","","","","","","","","","","","","","pctile.pctlan_ie",""
"","","","","","","","","","","","state.pctile.pctlan_ie","","pctlan_ie","pctlan_ie","","names_d_language_state_pctile","0","1",1,0,"0",0,"","","","","","State","state","2","statepctile","pctile","TRUE","percentile","pctile","","","","lookedup","2","0","FALSE","FALSE","FALSE","","State%ile %speak Other Indo-European at home","State percentile for % speaking Other Indo-European at home","State percentile for % speaking Other Indo-European at home","","","","","","","","","","","","","","state.pctile.pctlan_ie",""
"","","","","","","","","","","","ratio.to.avg.pctlan_ie","","pctlan_ie","pctlan_ie","","names_d_language_ratio_to_avg","1","0",0,0,"1",0,"","","","","","Nation","us","1","usratio","ratio","TRUE","ratio","ratio","","","","ratio to avg","2","1","FALSE","FALSE","FALSE","","Ratio to US avg %speak Other Indo-European at home","Ratio to US avg % speaking Other Indo-European at home","Ratio to US avg % speaking Other Indo-European at home","","","","","","","","","","","","","","ratio.to.avg.pctlan_ie",""
"","","","","","","","","","","","ratio.to.state.avg.pctlan_ie","","pctlan_ie","pctlan_ie","","names_d_language_ratio_to_state_avg","1","1",0,0,"1",0,"","","","","","State","state","2","stateratio","ratio","TRUE","ratio","ratio","","","","ratio to avg","2","1","FALSE","FALSE","FALSE","","Ratio to State avg %speak Other Indo-European at home","Ratio to State avg % speaking Other Indo-European at home","Ratio to State avg % speaking Other Indo-European at home","","","","","","","","","","","","","","ratio.to.state.avg.pctlan_ie",""
"","","","","","","","","","","","avg.pctlan_api","","pctlan_api","pctlan_api","","names_d_language_avg","0","0",0,0,"0",0,"","","","","","Nation","us","1","usavg","avg","TRUE","average","avg","","","","constant","2","0","FALSE","FALSE","FALSE","","US avg %speak Asian and Pacific Island lang at home","US Average for % speaking Asian and Pacific Island languages at home","US Average for % speaking Asian and Pacific Island languages at home","","","","","","","","","","","","","","avg.pctlan_api",""
"","","","","","","","","","","","state.avg.pctlan_api","","pctlan_api","pctlan_api","","names_d_language_state_avg","0","0",0,0,"0",0,"","","","","","State","state","2","stateavg","avg","TRUE","average","avg","","","","constant","2","0","FALSE","FALSE","FALSE","","State avg %speak Asian and Pacific Island lang at home","State Average for % speaking Asian and Pacific Island languages at home","State Average for % speaking Asian and Pacific Island languages at home","","","","","","","","","","","","","","state.avg.pctlan_api",""
"","","","","","","","","","","","pctile.pctlan_api","","pctlan_api","pctlan_api","","names_d_language_pctile","0","0",1,0,"0",0,"","","","","","Nation","us","1","uspctile","pctile","TRUE","percentile","pctile","","","","lookedup","2","0","FALSE","FALSE","FALSE","","US%ile %speak Asian and Pacific Island lang at home","US percentile for % speaking Asian and Pacific Island languages at home","US percentile for % speaking Asian and Pacific Island languages at home","","","","","","","","","","","","","","pctile.pctlan_api",""
"","","","","","","","","","","","state.pctile.pctlan_api","","pctlan_api","pctlan_api","","names_d_language_state_pctile","0","1",1,0,"0",0,"","","","","","State","state","2","statepctile","pctile","TRUE","percentile","pctile","","","","lookedup","2","0","FALSE","FALSE","FALSE","","State%ile %speak Asian and Pacific Island lang at home","State percentile for % speaking Asian and Pacific Island languages at home","State percentile for % speaking Asian and Pacific Island languages at home","","","","","","","","","","","","","","state.pctile.pctlan_api",""
"","","","","","","","","","","","ratio.to.avg.pctlan_api","","pctlan_api","pctlan_api","","names_d_language_ratio_to_avg","1","0",0,0,"1",0,"","","","","","Nation","us","1","usratio","ratio","TRUE","ratio","ratio","","","","ratio to avg","2","1","FALSE","FALSE","FALSE","","Ratio to US avg %speak Asian and Pacific Island lang at home","Ratio to US avg % speaking Asian and Pacific Island languages at home","Ratio to US avg % speaking Asian and Pacific Island languages at home","","","","","","","","","","","","","","ratio.to.avg.pctlan_api",""
"","","","","","","","","","","","ratio.to.state.avg.pctlan_api","","pctlan_api","pctlan_api","","names_d_language_ratio_to_state_avg","1","1",0,0,"1",0,"","","","","","State","state","2","stateratio","ratio","TRUE","ratio","ratio","","","","ratio to avg","2","1","FALSE","FALSE","FALSE","","Ratio to State avg %speak Asian and Pacific Island lang at home","Ratio to State avg % speaking Asian and Pacific Island languages at home","Ratio to State avg % speaking Asian and Pacific Island languages at home","","","","","","","","","","","","","","ratio.to.state.avg.pctlan_api",""
"","","","","","","","","","","","avg.pctlan_other","","pctlan_other","pctlan_other","","names_d_language_avg","0","0",0,0,"0",0,"","","","","","Nation","us","1","usavg","avg","TRUE","average","avg","","","","constant","2","0","FALSE","FALSE","FALSE","","US avg %speak Other and Unspecified lang at home","US Average for % speaking Arabic, Other, and unspecified languages at home","US Average for % speaking Arabic, Other, and unspecified languages at home","","","","","","","","","","","","","","avg.pctlan_other",""
"","","","","","","","","","","","state.avg.pctlan_other","","pctlan_other","pctlan_other","","names_d_language_state_avg","0","0",0,0,"0",0,"","","","","","State","state","2","stateavg","avg","TRUE","average","avg","","","","constant","2","0","FALSE","FALSE","FALSE","","State avg %speak Other and Unspecified lang at home","State Average for % speaking Arabic, Other, and unspecified languages at home","State Average for % speaking Arabic, Other, and unspecified languages at home","","","","","","","","","","","","","","state.avg.pctlan_other",""
"","","","","","","","","","","","pctile.pctlan_other","","pctlan_other","pctlan_other","","names_d_language_pctile","0","0",1,0,"0",0,"","","","","","Nation","us","1","uspctile","pctile","TRUE","percentile","pctile","","","","lookedup","2","0","FALSE","FALSE","FALSE","","US%ile %speak Other and Unspecified lang at home","US percentile for % speaking Arabic, Other, and unspecified languages at home","US percentile for % speaking Arabic, Other, and unspecified languages at home","","","","","","","","","","","","","","pctile.pctlan_other",""
"","","","","","","","","","","","state.pctile.pctlan_other","","pctlan_other","pctlan_other","","names_d_language_state_pctile","0","1",1,0,"0",0,"","","","","","State","state","2","statepctile","pctile","TRUE","percentile","pctile","","","","lookedup","2","0","FALSE","FALSE","FALSE","","State%ile %speak Other and Unspecified lang at home","State percentile for % speaking Arabic, Other, and unspecified languages at home","State percentile for % speaking Arabic, Other, and unspecified languages at home","","","","","","","","","","","","","","state.pctile.pctlan_other",""
"","","","","","","","","","","","ratio.to.avg.pctlan_other","","pctlan_other","pctlan_other","","names_d_language_ratio_to_avg","1","0",0,0,"1",0,"","","","","","Nation","us","1","usratio","ratio","TRUE","ratio","ratio","","","","ratio to avg","2","1","FALSE","FALSE","FALSE","","Ratio to US avg %speak Other and Unspecified lang at home","Ratio to US avg % speaking Arabic, Other, and unspecified languages at home","Ratio to US avg % speaking Arabic, Other, and unspecified languages at home","","","","","","","","","","","","","","ratio.to.avg.pctlan_other",""
"","","","","","","","","","","","ratio.to.state.avg.pctlan_other","","pctlan_other","pctlan_other","","names_d_language_ratio_to_state_avg","1","1",0,0,"1",0,"","","","","","State","state","2","stateratio","ratio","TRUE","ratio","ratio","","","","ratio to avg","2","1","FALSE","FALSE","FALSE","","Ratio to State avg %speak Other and Unspecified lang at home","Ratio to State avg % speaking Arabic, Other, and unspecified languages at home","Ratio to State avg % speaking Arabic, Other, and unspecified languages at home","","","","","","","","","","","","","","ratio.to.state.avg.pctlan_other",""
"","","","","","","","","","","","avg.pctlan_english","","pctlan_english","pctlan_english","","names_d_language_avg","0","0",0,0,"0",0,"","","","","","Nation","us","1","usavg","avg","TRUE","average","avg","","","","constant","2","0","FALSE","FALSE","FALSE","","US avg %speak English at home","US Average for % speaking English at home","US Average for % speaking English at home","","","","","","","","","","","","","","avg.pctlan_english",""
"","","","","","","","","","","","state.avg.pctlan_english","","pctlan_english","pctlan_english","","names_d_language_state_avg","0","0",0,0,"0",0,"","","","","","State","state","2","stateavg","avg","TRUE","average","avg","","","","constant","2","0","FALSE","FALSE","FALSE","","State avg %speak English at home","State Average for % speaking English at home","State Average for % speaking English at home","","","","","","","","","","","","","","state.avg.pctlan_english",""
"","","","","","","","","","","","pctile.pctlan_english","","pctlan_english","pctlan_english","","names_d_language_pctile","0","0",1,0,"0",0,"","","","","","Nation","us","1","uspctile","pctile","TRUE","percentile","pctile","","","","lookedup","2","0","FALSE","FALSE","FALSE","","US%ile %speak English at home","US percentile for % speaking English at home","US percentile for % speaking English at home","","","","","","","","","","","","","","pctile.pctlan_english",""
"","","","","","","","","","","","state.pctile.pctlan_english","","pctlan_english","pctlan_english","","names_d_language_state_pctile","0","1",1,0,"0",0,"","","","","","State","state","2","statepctile","pctile","TRUE","percentile","pctile","","","","lookedup","2","0","FALSE","FALSE","FALSE","","State%ile %speak English at home","State percentile for % speaking English at home","State percentile for % speaking English at home","","","","","","","","","","","","","","state.pctile.pctlan_english",""
"","","","","","","","","","","","ratio.to.avg.pctlan_english","","pctlan_english","pctlan_english","","names_d_language_ratio_to_avg","1","0",0,0,"1",0,"","","","","","Nation","us","1","usratio","ratio","TRUE","ratio","ratio","","","","ratio to avg","2","1","FALSE","FALSE","FALSE","","Ratio to US avg %speak English at home","Ratio to US avg % speaking English at home","Ratio to US avg % speaking English at home","","","","","","","","","","","","","","ratio.to.avg.pctlan_english",""
"","","","","","","","","","","","ratio.to.state.avg.pctlan_english","","pctlan_english","pctlan_english","","names_d_language_ratio_to_state_avg","1","1",0,0,"1",0,"","","","","","State","state","2","stateratio","ratio","TRUE","ratio","ratio","","","","ratio to avg","2","1","FALSE","FALSE","FALSE","","Ratio to State avg %speak English at home","Ratio to State avg % speaking English at home","Ratio to State avg % speaking English at home","","","","","","","","","","","","","","ratio.to.state.avg.pctlan_english",""
"","","","","","","","","","","","avg.pctlan_spanish","","pctlan_spanish","pctlan_spanish","","names_d_language_avg","0","0",0,0,"0",0,"","","","","","Nation","us","1","usavg","avg","TRUE","average","avg","","","","constant","2","0","FALSE","FALSE","FALSE","","US avg %speak Spanish at home","US Average for % speaking Spanish at home","US Average for % speaking Spanish at home","","","","","","","","","","","","","","avg.pctlan_spanish",""
"","","","","","","","","","","","state.avg.pctlan_spanish","","pctlan_spanish","pctlan_spanish","","names_d_language_state_avg","0","0",0,0,"0",0,"","","","","","State","state","2","stateavg","avg","TRUE","average","avg","","","","constant","2","0","FALSE","FALSE","FALSE","","State avg %speak Spanish at home","State Average for % speaking Spanish at home","State Average for % speaking Spanish at home","","","","","","","","","","","","","","state.avg.pctlan_spanish",""
"","","","","","","","","","","","pctile.pctlan_spanish","","pctlan_spanish","pctlan_spanish","","names_d_language_pctile","0","0",1,0,"0",0,"","","","","","Nation","us","1","uspctile","pctile","TRUE","percentile","pctile","","","","lookedup","2","0","FALSE","FALSE","FALSE","","US%ile %speak Spanish at home","US percentile for % speaking Spanish at home","US percentile for % speaking Spanish at home","","","","","","","","","","","","","","pctile.pctlan_spanish",""
"","","","","","","","","","","","state.pctile.pctlan_spanish","","pctlan_spanish","pctlan_spanish","","names_d_language_state_pctile","0","1",1,0,"0",0,"","","","","","State","state","2","statepctile","pctile","TRUE","percentile","pctile","","","","lookedup","2","0","FALSE","FALSE","FALSE","","State%ile %speak Spanish at home","State percentile for % speaking Spanish at home","State percentile for % speaking Spanish at home","","","","","","","","","","","","","","state.pctile.pctlan_spanish",""
"","","","","","","","","","","","ratio.to.avg.pctlan_spanish","","pctlan_spanish","pctlan_spanish","","names_d_language_ratio_to_avg","1","0",0,0,"1",0,"","","","","","Nation","us","1","usratio","ratio","TRUE","ratio","ratio","","","","ratio to avg","2","1","FALSE","FALSE","FALSE","","Ratio to US avg %speak Spanish at home","Ratio to US avg % speaking Spanish at home","Ratio to US avg % speaking Spanish at home","","","","","","","","","","","","","","ratio.to.avg.pctlan_spanish",""
"","","","","","","","","","","","ratio.to.state.avg.pctlan_spanish","","pctlan_spanish","pctlan_spanish","","names_d_language_ratio_to_state_avg","1","1",0,0,"1",0,"","","","","","State","state","2","stateratio","ratio","TRUE","ratio","ratio","","","","ratio to avg","2","1","FALSE","FALSE","FALSE","","Ratio to State avg %speak Spanish at home","Ratio to State avg % speaking Spanish at home","Ratio to State avg % speaking Spanish at home","","","","","","","","","","","","","","ratio.to.state.avg.pctlan_spanish",""
"","","","","","","","","","","","avg.pctlan_french","","pctlan_french","pctlan_french","","names_d_language_avg","0","0",0,0,"0",0,"","","","","","Nation","us","1","usavg","avg","TRUE","average","avg","","","","constant","2","0","FALSE","FALSE","FALSE","","US avg %speak French at home","US Average for % speaking French at home","US Average for % speaking French at home","","","","","","","","","","","","","","avg.pctlan_french",""
"","","","","","","","","","","","state.avg.pctlan_french","","pctlan_french","pctlan_french","","names_d_language_state_avg","0","0",0,0,"0",0,"","","","","","State","state","2","stateavg","avg","TRUE","average","avg","","","","constant","2","0","FALSE","FALSE","FALSE","","State avg %speak French at home","State Average for % speaking French at home","State Average for % speaking French at home","","","","","","","","","","","","","","state.avg.pctlan_french",""
"","","","","","","","","","","","pctile.pctlan_french","","pctlan_french","pctlan_french","","names_d_language_pctile","0","0",1,0,"0",0,"","","","","","Nation","us","1","uspctile","pctile","TRUE","percentile","pctile","","","","lookedup","2","0","FALSE","FALSE","FALSE","","US%ile %speak French at home","US percentile for % speaking French at home","US percentile for % speaking French at home","","","","","","","","","","","","","","pctile.pctlan_french",""
"","","","","","","","","","","","state.pctile.pctlan_french","","pctlan_french","pctlan_french","","names_d_language_state_pctile","0","1",1,0,"0",0,"","","","","","State","state","2","statepctile","pctile","TRUE","percentile","pctile","","","","lookedup","2","0","FALSE","FALSE","FALSE","","State%ile %speak French at home","State percentile for % speaking French at home","State percentile for % speaking French at home","","","","","","","","","","","","","","state.pctile.pctlan_french",""
"","","","","","","","","","","","ratio.to.avg.pctlan_french","","pctlan_french","pctlan_french","","names_d_language_ratio_to_avg","1","0",0,0,"1",0,"","","","","","Nation","us","1","usratio","ratio","TRUE","ratio","ratio","","","","ratio to avg","2","1","FALSE","FALSE","FALSE","","Ratio to US avg %speak French at home","Ratio to US avg % speaking French at home","Ratio to US avg % speaking French at home","","","","","","","","","","","","","","ratio.to.avg.pctlan_french",""
"","","","","","","","","","","","ratio.to.state.avg.pctlan_french","","pctlan_french","pctlan_french","","names_d_language_ratio_to_state_avg","1","1",0,0,"1",0,"","","","","","State","state","2","stateratio","ratio","TRUE","ratio","ratio","","","","ratio to avg","2","1","FALSE","FALSE","FALSE","","Ratio to State avg %speak French at home","Ratio to State avg % speaking French at home","Ratio to State avg % speaking French at home","","","","","","","","","","","","","","ratio.to.state.avg.pctlan_french",""
"","","","","","","","","","","","avg.pctlan_rus_pol_slav","","pctlan_rus_pol_slav","pctlan_rus_pol_slav","","names_d_language_avg","0","0",0,0,"0",0,"","","","","","Nation","us","1","usavg","avg","TRUE","average","avg","","","","constant","2","0","FALSE","FALSE","FALSE","","US avg %speak Russian, Polish or Other Slavic at home","US Average for % speaking Russian, Polish or Other Slavic at home","US Average for % speaking Russian, Polish or Other Slavic at home","","","","","","","","","","","","","","avg.pctlan_rus_pol_slav",""
"","","","","","","","","","","","state.avg.pctlan_rus_pol_slav","","pctlan_rus_pol_slav","pctlan_rus_pol_slav","","names_d_language_state_avg","0","0",0,0,"0",0,"","","","","","State","state","2","stateavg","avg","TRUE","average","avg","","","","constant","2","0","FALSE","FALSE","FALSE","","State avg %speak Russian, Polish or Other Slavic at home","State Average for % speaking Russian, Polish or Other Slavic at home","State Average for % speaking Russian, Polish or Other Slavic at home","","","","","","","","","","","","","","state.avg.pctlan_rus_pol_slav",""
"","","","","","","","","","","","pctile.pctlan_rus_pol_slav","","pctlan_rus_pol_slav","pctlan_rus_pol_slav","","names_d_language_pctile","0","0",1,0,"0",0,"","","","","","Nation","us","1","uspctile","pctile","TRUE","percentile","pctile","","","","lookedup","2","0","FALSE","FALSE","FALSE","","US%ile %speak Russian, Polish or Other Slavic at home","US percentile for % speaking Russian, Polish or Other Slavic at home","US percentile for % speaking Russian, Polish or Other Slavic at home","","","","","","","","","","","","","","pctile.pctlan_rus_pol_slav",""
"","","","","","","","","","","","state.pctile.pctlan_rus_pol_slav","","pctlan_rus_pol_slav","pctlan_rus_pol_slav","","names_d_language_state_pctile","0","1",1,0,"0",0,"","","","","","State","state","2","statepctile","pctile","TRUE","percentile","pctile","","","","lookedup","2","0","FALSE","FALSE","FALSE","","State%ile %speak Russian, Polish or Other Slavic at home","State percentile for % speaking Russian, Polish or Other Slavic at home","State percentile for % speaking Russian, Polish or Other Slavic at home","","","","","","","","","","","","","","state.pctile.pctlan_rus_pol_slav",""
"","","","","","","","","","","","ratio.to.avg.pctlan_rus_pol_slav","","pctlan_rus_pol_slav","pctlan_rus_pol_slav","","names_d_language_ratio_to_avg","1","0",0,0,"1",0,"","","","","","Nation","us","1","usratio","ratio","TRUE","ratio","ratio","","","","ratio to avg","2","1","FALSE","FALSE","FALSE","","Ratio to US avg %speak Russian, Polish or Other Slavic at home","Ratio to US avg % speaking Russian, Polish or Other Slavic at home","Ratio to US avg % speaking Russian, Polish or Other Slavic at home","","","","","","","","","","","","","","ratio.to.avg.pctlan_rus_pol_slav",""
"","","","","","","","","","","","ratio.to.state.avg.pctlan_rus_pol_slav","","pctlan_rus_pol_slav","pctlan_rus_pol_slav","","names_d_language_ratio_to_state_avg","1","1",0,0,"1",0,"","","","","","State","state","2","stateratio","ratio","TRUE","ratio","ratio","","","","ratio to avg","2","1","FALSE","FALSE","FALSE","","Ratio to State avg %speak Russian, Polish or Other Slavic at home","Ratio to State avg % speaking Russian, Polish or Other Slavic at home","Ratio to State avg % speaking Russian, Polish or Other Slavic at home","","","","","","","","","","","","","","ratio.to.state.avg.pctlan_rus_pol_slav",""
"","","","","","","","","","","","avg.pct_chinese","","pct_chinese","pct_chinese","","names_d_language_avg","0","0",0,0,"0",0,"","","","","","Nation","us","1","usavg","avg","TRUE","average","avg","","","","constant","2","0","FALSE","FALSE","FALSE","","US avg %speak Chinese at home","US Average for % speaking Chinese (including Mandarin, Cantonese) at home","US Average for % speaking Chinese (including Mandarin, Cantonese) at home","","","","","","","","","","","","","","avg.pct_chinese",""
"","","","","","","","","","","","state.avg.pct_chinese","","pct_chinese","pct_chinese","","names_d_language_state_avg","0","0",0,0,"0",0,"","","","","","State","state","2","stateavg","avg","TRUE","average","avg","","","","constant","2","0","FALSE","FALSE","FALSE","","State avg %speak Chinese at home","State Average for % speaking Chinese (including Mandarin, Cantonese) at home","State Average for % speaking Chinese (including Mandarin, Cantonese) at home","","","","","","","","","","","","","","state.avg.pct_chinese",""
"","","","","","","","","","","","pctile.pct_chinese","","pct_chinese","pct_chinese","","names_d_language_pctile","0","0",1,0,"0",0,"","","","","","Nation","us","1","uspctile","pctile","TRUE","percentile","pctile","","","","lookedup","2","0","FALSE","FALSE","FALSE","","US%ile %speak Chinese at home","US percentile for % speaking Chinese (including Mandarin, Cantonese) at home","US percentile for % speaking Chinese (including Mandarin, Cantonese) at home","","","","","","","","","","","","","","pctile.pct_chinese",""
"","","","","","","","","","","","state.pctile.pct_chinese","","pct_chinese","pct_chinese","","names_d_language_state_pctile","0","1",1,0,"0",0,"","","","","","State","state","2","statepctile","pctile","TRUE","percentile","pctile","","","","lookedup","2","0","FALSE","FALSE","FALSE","","State%ile %speak Chinese at home","State percentile for % speaking Chinese (including Mandarin, Cantonese) at home","State percentile for % speaking Chinese (including Mandarin, Cantonese) at home","","","","","","","","","","","","","","state.pctile.pct_chinese",""
"","","","","","","","","","","","ratio.to.avg.pct_chinese","","pct_chinese","pct_chinese","","names_d_language_ratio_to_avg","1","0",0,0,"1",0,"","","","","","Nation","us","1","usratio","ratio","TRUE","ratio","ratio","","","","ratio to avg","2","1","FALSE","FALSE","FALSE","","Ratio to US avg %speak Chinese at home","Ratio to US avg % speaking Chinese (including Mandarin, Cantonese) at home","Ratio to US avg % speaking Chinese (including Mandarin, Cantonese) at home","","","","","","","","","","","","","","ratio.to.avg.pct_chinese",""
"","","","","","","","","","","","ratio.to.state.avg.pct_chinese","","pct_chinese","pct_chinese","","names_d_language_ratio_to_state_avg","1","1",0,0,"1",0,"","","","","","State","state","2","stateratio","ratio","TRUE","ratio","ratio","","","","ratio to avg","2","1","FALSE","FALSE","FALSE","","Ratio to State avg %speak Chinese at home","Ratio to State avg % speaking Chinese (including Mandarin, Cantonese) at home","Ratio to State avg % speaking Chinese (including Mandarin, Cantonese) at home","","","","","","","","","","","","","","ratio.to.state.avg.pct_chinese",""
"","","","","","","","","","","","avg.pct_korean","","pct_korean","pct_korean","","names_d_language_avg","0","0",0,0,"0",0,"","","","","","Nation","us","1","usavg","avg","TRUE","average","avg","","","","constant","2","0","FALSE","FALSE","FALSE","","US avg %speak Korean at home","US Average for % speaking Korean at home","US Average for % speaking Korean at home","","","","","","","","","","","","","","avg.pct_korean",""
"","","","","","","","","","","","state.avg.pct_korean","","pct_korean","pct_korean","","names_d_language_state_avg","0","0",0,0,"0",0,"","","","","","State","state","2","stateavg","avg","TRUE","average","avg","","","","constant","2","0","FALSE","FALSE","FALSE","","State avg %speak Korean at home","State Average for % speaking Korean at home","State Average for % speaking Korean at home","","","","","","","","","","","","","","state.avg.pct_korean",""
"","","","","","","","","","","","pctile.pct_korean","","pct_korean","pct_korean","","names_d_language_pctile","0","0",1,0,"0",0,"","","","","","Nation","us","1","uspctile","pctile","TRUE","percentile","pctile","","","","lookedup","2","0","FALSE","FALSE","FALSE","","US%ile %speak Korean at home","US percentile for % speaking Korean at home","US percentile for % speaking Korean at home","","","","","","","","","","","","","","pctile.pct_korean",""
"","","","","","","","","","","","state.pctile.pct_korean","","pct_korean","pct_korean","","names_d_language_state_pctile","0","1",1,0,"0",0,"","","","","","State","state","2","statepctile","pctile","TRUE","percentile","pctile","","","","lookedup","2","0","FALSE","FALSE","FALSE","","State%ile %speak Korean at home","State percentile for % speaking Korean at home","State percentile for % speaking Korean at home","","","","","","","","","","","","","","state.pctile.pct_korean",""
"","","","","","","","","","","","ratio.to.avg.pct_korean","","pct_korean","pct_korean","","names_d_language_ratio_to_avg","1","0",0,0,"1",0,"","","","","","Nation","us","1","usratio","ratio","TRUE","ratio","ratio","","","","ratio to avg","2","1","FALSE","FALSE","FALSE","","Ratio to US avg %speak Korean at home","Ratio to US avg % speaking Korean at home","Ratio to US avg % speaking Korean at home","","","","","","","","","","","","","","ratio.to.avg.pct_korean",""
"","","","","","","","","","","","ratio.to.state.avg.pct_korean","","pct_korean","pct_korean","","names_d_language_ratio_to_state_avg","1","1",0,0,"1",0,"","","","","","State","state","2","stateratio","ratio","TRUE","ratio","ratio","","","","ratio to avg","2","1","FALSE","FALSE","FALSE","","Ratio to State avg %speak Korean at home","Ratio to State avg % speaking Korean at home","Ratio to State avg % speaking Korean at home","","","","","","","","","","","","","","ratio.to.state.avg.pct_korean",""
"","","","","","","","","","","","avg.pctlan_other_ie","","pctlan_other_ie","pctlan_other_ie","","names_d_language_avg","0","0",0,0,"0",0,"","","","","","Nation","us","1","usavg","avg","TRUE","average","avg","","","","constant","2","0","FALSE","FALSE","FALSE","","US avg %speak Indo-European at home","US Average for % speaking Other Indo-European languages at home","US Average for % speaking Other Indo-European languages at home","","","","","","","","","","","","","","avg.pctlan_other_ie",""
"","","","","","","","","","","","state.avg.pctlan_other_ie","","pctlan_other_ie","pctlan_other_ie","","names_d_language_state_avg","0","0",0,0,"0",0,"","","","","","State","state","2","stateavg","avg","TRUE","average","avg","","","","constant","2","0","FALSE","FALSE","FALSE","","State avg %speak Indo-European at home","State Average for % speaking Other Indo-European languages at home","State Average for % speaking Other Indo-European languages at home","","","","","","","","","","","","","","state.avg.pctlan_other_ie",""
"","","","","","","","","","","","pctile.pctlan_other_ie","","pctlan_other_ie","pctlan_other_ie","","names_d_language_pctile","0","0",1,0,"0",0,"","","","","","Nation","us","1","uspctile","pctile","TRUE","percentile","pctile","","","","lookedup","2","0","FALSE","FALSE","FALSE","","US%ile %speak Indo-European at home","US percentile for % speaking Other Indo-European languages at home","US percentile for % speaking Other Indo-European languages at home","","","","","","","","","","","","","","pctile.pctlan_other_ie",""
"","","","","","","","","","","","state.pctile.pctlan_other_ie","","pctlan_other_ie","pctlan_other_ie","","names_d_language_state_pctile","0","1",1,0,"0",0,"","","","","","State","state","2","statepctile","pctile","TRUE","percentile","pctile","","","","lookedup","2","0","FALSE","FALSE","FALSE","","State%ile %speak Indo-European at home","State percentile for % speaking Other Indo-European languages at home","State percentile for % speaking Other Indo-European languages at home","","","","","","","","","","","","","","state.pctile.pctlan_other_ie",""
"","","","","","","","","","","","ratio.to.avg.pctlan_other_ie","","pctlan_other_ie","pctlan_other_ie","","names_d_language_ratio_to_avg","1","0",0,0,"1",0,"","","","","","Nation","us","1","usratio","ratio","TRUE","ratio","ratio","","","","ratio to avg","2","1","FALSE","FALSE","FALSE","","Ratio to US avg %speak Indo-European at home","Ratio to US avg % speaking Other Indo-European languages at home","Ratio to US avg % speaking Other Indo-European languages at home","","","","","","","","","","","","","","ratio.to.avg.pctlan_other_ie",""
"","","","","","","","","","","","ratio.to.state.avg.pctlan_other_ie","","pctlan_other_ie","pctlan_other_ie","","names_d_language_ratio_to_state_avg","1","1",0,0,"1",0,"","","","","","State","state","2","stateratio","ratio","TRUE","ratio","ratio","","","","ratio to avg","2","1","FALSE","FALSE","FALSE","","Ratio to State avg %speak Indo-European at home","Ratio to State avg % speaking Other Indo-European languages at home","Ratio to State avg % speaking Other Indo-European languages at home","","","","","","","","","","","","","","ratio.to.state.avg.pctlan_other_ie",""
"","","","","","","","","","","","avg.pctlan_vietnamese","","pctlan_vietnamese","pctlan_vietnamese","","names_d_language_avg","0","0",0,0,"0",0,"","","","","","Nation","us","1","usavg","avg","TRUE","average","avg","","","","constant","2","0","FALSE","FALSE","FALSE","","US avg %speak Vietnamese at home","US Average for % speaking Vietnamese at home","US Average for % speaking Vietnamese at home","","","","","","","","","","","","","","avg.pctlan_vietnamese",""
"","","","","","","","","","","","state.avg.pctlan_vietnamese","","pctlan_vietnamese","pctlan_vietnamese","","names_d_language_state_avg","0","0",0,0,"0",0,"","","","","","State","state","2","stateavg","avg","TRUE","average","avg","","","","constant","2","0","FALSE","FALSE","FALSE","","State avg %speak Vietnamese at home","State Average for % speaking Vietnamese at home","State Average for % speaking Vietnamese at home","","","","","","","","","","","","","","state.avg.pctlan_vietnamese",""
"","","","","","","","","","","","pctile.pctlan_vietnamese","","pctlan_vietnamese","pctlan_vietnamese","","names_d_language_pctile","0","0",1,0,"0",0,"","","","","","Nation","us","1","uspctile","pctile","TRUE","percentile","pctile","","","","lookedup","2","0","FALSE","FALSE","FALSE","","US%ile %speak Vietnamese at home","US percentile for % speaking Vietnamese at home","US percentile for % speaking Vietnamese at home","","","","","","","","","","","","","","pctile.pctlan_vietnamese",""
"","","","","","","","","","","","state.pctile.pctlan_vietnamese","","pctlan_vietnamese","pctlan_vietnamese","","names_d_language_state_pctile","0","1",1,0,"0",0,"","","","","","State","state","2","statepctile","pctile","TRUE","percentile","pctile","","","","lookedup","2","0","FALSE","FALSE","FALSE","","State%ile %speak Vietnamese at home","State percentile for % speaking Vietnamese at home","State percentile for % speaking Vietnamese at home","","","","","","","","","","","","","","state.pctile.pctlan_vietnamese",""
"","","","","","","","","","","","ratio.to.avg.pctlan_vietnamese","","pctlan_vietnamese","pctlan_vietnamese","","names_d_language_ratio_to_avg","1","0",0,0,"1",0,"","","","","","Nation","us","1","usratio","ratio","TRUE","ratio","ratio","","","","ratio to avg","2","1","FALSE","FALSE","FALSE","","Ratio to US avg %speak Vietnamese at home","Ratio to US avg % speaking Vietnamese at home","Ratio to US avg % speaking Vietnamese at home","","","","","","","","","","","","","","ratio.to.avg.pctlan_vietnamese",""
"","","","","","","","","","","","ratio.to.state.avg.pctlan_vietnamese","","pctlan_vietnamese","pctlan_vietnamese","","names_d_language_ratio_to_state_avg","1","1",0,0,"1",0,"","","","","","State","state","2","stateratio","ratio","TRUE","ratio","ratio","","","","ratio to avg","2","1","FALSE","FALSE","FALSE","","Ratio to State avg %speak Vietnamese at home","Ratio to State avg % speaking Vietnamese at home","Ratio to State avg % speaking Vietnamese at home","","","","","","","","","","","","","","ratio.to.state.avg.pctlan_vietnamese",""
"","","","","","","","","","","","avg.pctlan_other_asian","","pctlan_other_asian","pctlan_other_asian","","names_d_language_avg","0","0",0,0,"0",0,"","","","","","Nation","us","1","usavg","avg","TRUE","average","avg","","","","constant","2","0","FALSE","FALSE","FALSE","","US avg %speak Other Asian and Pacific Island lang at home","US Average for % speaking Other Asian and Pacific Island languages at home","US Average for % speaking Other Asian and Pacific Island languages at home","","","","","","","","","","","","","","avg.pctlan_other_asian",""
"","","","","","","","","","","","state.avg.pctlan_other_asian","","pctlan_other_asian","pctlan_other_asian","","names_d_language_state_avg","0","0",0,0,"0",0,"","","","","","State","state","2","stateavg","avg","TRUE","average","avg","","","","constant","2","0","FALSE","FALSE","FALSE","","State avg %speak Other Asian and Pacific Island lang at home","State Average for % speaking Other Asian and Pacific Island languages at home","State Average for % speaking Other Asian and Pacific Island languages at home","","","","","","","","","","","","","","state.avg.pctlan_other_asian",""
"","","","","","","","","","","","pctile.pctlan_other_asian","","pctlan_other_asian","pctlan_other_asian","","names_d_language_pctile","0","0",1,0,"0",0,"","","","","","Nation","us","1","uspctile","pctile","TRUE","percentile","pctile","","","","lookedup","2","0","FALSE","FALSE","FALSE","","US%ile %speak Other Asian and Pacific Island lang at home","US percentile for % speaking Other Asian and Pacific Island languages at home","US percentile for % speaking Other Asian and Pacific Island languages at home","","","","","","","","","","","","","","pctile.pctlan_other_asian",""
"","","","","","","","","","","","state.pctile.pctlan_other_asian","","pctlan_other_asian","pctlan_other_asian","","names_d_language_state_pctile","0","1",1,0,"0",0,"","","","","","State","state","2","statepctile","pctile","TRUE","percentile","pctile","","","","lookedup","2","0","FALSE","FALSE","FALSE","","State%ile %speak Other Asian and Pacific Island lang at home","State percentile for % speaking Other Asian and Pacific Island languages at home","State percentile for % speaking Other Asian and Pacific Island languages at home","","","","","","","","","","","","","","state.pctile.pctlan_other_asian",""
"","","","","","","","","","","","ratio.to.avg.pctlan_other_asian","","pctlan_other_asian","pctlan_other_asian","","names_d_language_ratio_to_avg","1","0",0,0,"1",0,"","","","","","Nation","us","1","usratio","ratio","TRUE","ratio","ratio","","","","ratio to avg","2","1","FALSE","FALSE","FALSE","","Ratio to US avg %speak Other Asian and Pacific Island lang at home","Ratio to US avg % speaking Other Asian and Pacific Island languages at home","Ratio to US avg % speaking Other Asian and Pacific Island languages at home","","","","","","","","","","","","","","ratio.to.avg.pctlan_other_asian",""
"","","","","","","","","","","","ratio.to.state.avg.pctlan_other_asian","","pctlan_other_asian","pctlan_other_asian","","names_d_language_ratio_to_state_avg","1","1",0,0,"1",0,"","","","","","State","state","2","stateratio","ratio","TRUE","ratio","ratio","","","","ratio to avg","2","1","FALSE","FALSE","FALSE","","Ratio to State avg %speak Other Asian and Pacific Island lang at home","Ratio to State avg % speaking Other Asian and Pacific Island languages at home","Ratio to State avg % speaking Other Asian and Pacific Island languages at home","","","","","","","","","","","","","","ratio.to.state.avg.pctlan_other_asian",""
"","","","","","","","","","","","avg.pctlan_arabic","","pctlan_arabic","pctlan_arabic","","names_d_language_avg","0","0",0,0,"0",0,"","","","","","Nation","us","1","usavg","avg","TRUE","average","avg","","","","constant","2","0","FALSE","FALSE","FALSE","","US avg %speak Arabic at home","US Average for % speaking Arabic at home","US Average for % speaking Arabic at home","","","","","","","","","","","","","","avg.pctlan_arabic",""
"","","","","","","","","","","","state.avg.pctlan_arabic","","pctlan_arabic","pctlan_arabic","","names_d_language_state_avg","0","0",0,0,"0",0,"","","","","","State","state","2","stateavg","avg","TRUE","average","avg","","","","constant","2","0","FALSE","FALSE","FALSE","","State avg %speak Arabic at home","State Average for % speaking Arabic at home","State Average for % speaking Arabic at home","","","","","","","","","","","","","","state.avg.pctlan_arabic",""
"","","","","","","","","","","","pctile.pctlan_arabic","","pctlan_arabic","pctlan_arabic","","names_d_language_pctile","0","0",1,0,"0",0,"","","","","","Nation","us","1","uspctile","pctile","TRUE","percentile","pctile","","","","lookedup","2","0","FALSE","FALSE","FALSE","","US%ile %speak Arabic at home","US percentile for % speaking Arabic at home","US percentile for % speaking Arabic at home","","","","","","","","","","","","","","pctile.pctlan_arabic",""
"","","","","","","","","","","","state.pctile.pctlan_arabic","","pctlan_arabic","pctlan_arabic","","names_d_language_state_pctile","0","1",1,0,"0",0,"","","","","","State","state","2","statepctile","pctile","TRUE","percentile","pctile","","","","lookedup","2","0","FALSE","FALSE","FALSE","","State%ile %speak Arabic at home","State percentile for % speaking Arabic at home","State percentile for % speaking Arabic at home","","","","","","","","","","","","","","state.pctile.pctlan_arabic",""
"","","","","","","","","","","","ratio.to.avg.pctlan_arabic","","pctlan_arabic","pctlan_arabic","","names_d_language_ratio_to_avg","1","0",0,0,"1",0,"","","","","","Nation","us","1","usratio","ratio","TRUE","ratio","ratio","","","","ratio to avg","2","1","FALSE","FALSE","FALSE","","Ratio to US avg %speak Arabic at home","Ratio to US avg % speaking Arabic at home","Ratio to US avg % speaking Arabic at home","","","","","","","","","","","","","","ratio.to.avg.pctlan_arabic",""
"","","","","","","","","","","","ratio.to.state.avg.pctlan_arabic","","pctlan_arabic","pctlan_arabic","","names_d_language_ratio_to_state_avg","1","1",0,0,"1",0,"","","","","","State","state","2","stateratio","ratio","TRUE","ratio","ratio","","","","ratio to avg","2","1","FALSE","FALSE","FALSE","","Ratio to State avg %speak Arabic at home","Ratio to State avg % speaking Arabic at home","Ratio to State avg % speaking Arabic at home","","","","","","","","","","","","","","ratio.to.state.avg.pctlan_arabic",""
"","","","","","","","","","","","avg.pctlan_german","","pctlan_german","pctlan_german","","names_d_language_avg","0","0",0,0,"0",0,"","","","","","Nation","us","1","usavg","avg","TRUE","average","avg","","","","constant","","","FALSE","FALSE","FALSE","","US avg % speaking German or other West Germanic languages at home","US Average for % speaking German or other West Germanic languages at home","US Average for % speaking German or other West Germanic languages at home","","","","","","","","","","","","","","avg.pctlan_german",""
"","","","","","","","","","","","state.avg.pctlan_german","","pctlan_german","pctlan_german","","names_d_language_state_avg","0","0",0,0,"0",0,"","","","","","State","state","2","stateavg","avg","TRUE","average","avg","","","","constant","","","FALSE","FALSE","FALSE","","State avg % speaking German or other West Germanic languages at home","State Average for % speaking German or other West Germanic languages at home","State Average for % speaking German or other West Germanic languages at home","","","","","","","","","","","","","","state.avg.pctlan_german",""
"","","","","","","","","","","","pctile.pctlan_german","","pctlan_german","pctlan_german","","names_d_language_pctile","0","0",1,0,"0",0,"","","","","","Nation","us","1","uspctile","pctile","TRUE","percentile","pctile","","","","lookedup","2","0","FALSE","FALSE","FALSE","","US%ile % speaking German or other West Germanic languages at home","US percentile for % speaking German or other West Germanic languages at home","US percentile for % speaking German or other West Germanic languages at home","","","","","","","","","","","","","","pctile.pctlan_german",""
"","","","","","","","","","","","state.pctile.pctlan_german","","pctlan_german","pctlan_german","","names_d_language_state_pctile","0","1",1,0,"0",0,"","","","","","State","state","2","statepctile","pctile","TRUE","percentile","pctile","","","","lookedup","2","0","FALSE","FALSE","FALSE","","State%ile % speaking German or other West Germanic languages at home","State percentile for % speaking German or other West Germanic languages at home","State percentile for % speaking German or other West Germanic languages at home","","","","","","","","","","","","","","state.pctile.pctlan_german",""
"","","","","","","","","","","","ratio.to.avg.pctlan_german","","pctlan_german","pctlan_german","","names_d_language_ratio_to_avg","1","0",0,0,"1",0,"","","","","","Nation","us","1","usratio","ratio","TRUE","ratio","ratio","","","","ratio to avg","2","1","FALSE","FALSE","FALSE","","Ratio to US avg % speaking German or other West Germanic languages at home","Ratio to US avg % speaking German or other West Germanic languages at home","Ratio to US avg % speaking German or other West Germanic languages at home","","","","","","","","","","","","","","ratio.to.avg.pctlan_german",""
"","","","","","","","","","","","ratio.to.state.avg.pctlan_german","","pctlan_german","pctlan_german","","names_d_language_ratio_to_state_avg","1","1",0,0,"1",0,"","","","","","State","state","2","stateratio","ratio","TRUE","ratio","ratio","","","","ratio to avg","2","1","FALSE","FALSE","FALSE","","Ratio to State avg % speaking German or other West Germanic languages at home","Ratio to State avg % speaking German or other West Germanic languages at home","Ratio to State avg % speaking German or other West Germanic languages at home","","","","","","","","","","","","","","ratio.to.state.avg.pctlan_german",""
"","","","","","","","","","","","avg.pctlan_tagalog","","pctlan_tagalog","pctlan_tagalog","","names_d_language_avg","0","0",0,0,"0",0,"","","","","","Nation","us","1","usavg","avg","TRUE","average","avg","","","","constant","","","FALSE","FALSE","FALSE","","US avg % speaking Tagalog (including Filipino) at home","US Average for % speaking Tagalog (including Filipino) at home","US Average for % speaking Tagalog (including Filipino) at home","","","","","","","","","","","","","","avg.pctlan_tagalog",""
"","","","","","","","","","","","state.avg.pctlan_tagalog","","pctlan_tagalog","pctlan_tagalog","","names_d_language_state_avg","0","0",0,0,"0",0,"","","","","","State","state","2","stateavg","avg","TRUE","average","avg","","","","constant","","","FALSE","FALSE","FALSE","","State avg % speaking Tagalog (including Filipino) at home","State Average for % speaking Tagalog (including Filipino) at home","State Average for % speaking Tagalog (including Filipino) at home","","","","","","","","","","","","","","state.avg.pctlan_tagalog",""
"","","","","","","","","","","","pctile.pctlan_tagalog","","pctlan_tagalog","pctlan_tagalog","","names_d_language_pctile","0","0",1,0,"0",0,"","","","","","Nation","us","1","uspctile","pctile","TRUE","percentile","pctile","","","","lookedup","2","0","FALSE","FALSE","FALSE","","US%ile % speaking Tagalog (including Filipino) at home","US percentile for % speaking Tagalog (including Filipino) at home","US percentile for % speaking Tagalog (including Filipino) at home","","","","","","","","","","","","","","pctile.pctlan_tagalog",""
"","","","","","","","","","","","state.pctile.pctlan_tagalog","","pctlan_tagalog","pctlan_tagalog","","names_d_language_state_pctile","0","1",1,0,"0",0,"","","","","","State","state","2","statepctile","pctile","TRUE","percentile","pctile","","","","lookedup","2","0","FALSE","FALSE","FALSE","","State%ile % speaking Tagalog (including Filipino) at home","State percentile for % speaking Tagalog (including Filipino) at home","State percentile for % speaking Tagalog (including Filipino) at home","","","","","","","","","","","","","","state.pctile.pctlan_tagalog",""
"","","","","","","","","","","","ratio.to.avg.pctlan_tagalog","","pctlan_tagalog","pctlan_tagalog","","names_d_language_ratio_to_avg","1","0",0,0,"1",0,"","","","","","Nation","us","1","usratio","ratio","TRUE","ratio","ratio","","","","ratio to avg","2","1","FALSE","FALSE","FALSE","","Ratio to US avg % speaking Tagalog (including Filipino) at home","Ratio to US avg % speaking Tagalog (including Filipino) at home","Ratio to US avg % speaking Tagalog (including Filipino) at home","","","","","","","","","","","","","","ratio.to.avg.pctlan_tagalog",""
"","","","","","","","","","","","ratio.to.state.avg.pctlan_tagalog","","pctlan_tagalog","pctlan_tagalog","","names_d_language_ratio_to_state_avg","1","1",0,0,"1",0,"","","","","","State","state","2","stateratio","ratio","TRUE","ratio","ratio","","","","ratio to avg","2","1","FALSE","FALSE","FALSE","","Ratio to State avg % speaking Tagalog (including Filipino) at home","Ratio to State avg % speaking Tagalog (including Filipino) at home","Ratio to State avg % speaking Tagalog (including Filipino) at home","","","","","","","","","","","","","","ratio.to.state.avg.pctlan_tagalog",""
"","","","","","","","","","","","avg.pctlan_other_and_unspecified","","pctlan_other_and_unspecified","pctlan_other_and_unspecified","","names_d_language_avg","0","0",0,0,"0",0,"","","","","","Nation","us","1","usavg","avg","TRUE","average","avg","","","","constant","","","FALSE","FALSE","FALSE","","US avg % speaking Other and unspecified languages at home","US Average for % speaking Other and unspecified languages at home","US Average for % speaking Other and unspecified languages at home","","","","","","","","","","","","","","avg.pctlan_other_and_unspecified",""
"","","","","","","","","","","","state.avg.pctlan_other_and_unspecified","","pctlan_other_and_unspecified","pctlan_other_and_unspecified","","names_d_language_state_avg","0","0",0,0,"0",0,"","","","","","State","state","2","stateavg","avg","TRUE","average","avg","","","","constant","","","FALSE","FALSE","FALSE","","State avg % speaking Other and unspecified languages at home","State Average for % speaking Other and unspecified languages at home","State Average for % speaking Other and unspecified languages at home","","","","","","","","","","","","","","state.avg.pctlan_other_and_unspecified",""
"","","","","","","","","","","","pctile.pctlan_other_and_unspecified","","pctlan_other_and_unspecified","pctlan_other_and_unspecified","","names_d_language_pctile","0","0",1,0,"0",0,"","","","","","Nation","us","1","uspctile","pctile","TRUE","percentile","pctile","","","","lookedup","2","0","FALSE","FALSE","FALSE","","US%ile % speaking Other and unspecified languages at home","US percentile for % speaking Other and unspecified languages at home","US percentile for % speaking Other and unspecified languages at home","","","","","","","","","","","","","","pctile.pctlan_other_and_unspecified",""
"","","","","","","","","","","","state.pctile.pctlan_other_and_unspecified","","pctlan_other_and_unspecified","pctlan_other_and_unspecified","","names_d_language_state_pctile","0","1",1,0,"0",0,"","","","","","State","state","2","statepctile","pctile","TRUE","percentile","pctile","","","","lookedup","2","0","FALSE","FALSE","FALSE","","State%ile % speaking Other and unspecified languages at home","State percentile for % speaking Other and unspecified languages at home","State percentile for % speaking Other and unspecified languages at home","","","","","","","","","","","","","","state.pctile.pctlan_other_and_unspecified",""
"","","","","","","","","","","","ratio.to.avg.pctlan_other_and_unspecified","","pctlan_other_and_unspecified","pctlan_other_and_unspecified","","names_d_language_ratio_to_avg","1","0",0,0,"1",0,"","","","","","Nation","us","1","usratio","ratio","TRUE","ratio","ratio","","","","ratio to avg","2","1","FALSE","FALSE","FALSE","","Ratio to US avg % speaking Other and unspecified languages at home","Ratio to US avg % speaking Other and unspecified languages at home","Ratio to US avg % speaking Other and unspecified languages at home","","","","","","","","","","","","","","ratio.to.avg.pctlan_other_and_unspecified",""
"","","","","","","","","","","","ratio.to.state.avg.pctlan_other_and_unspecified","","pctlan_other_and_unspecified","pctlan_other_and_unspecified","","names_d_language_ratio_to_state_avg","1","1",0,0,"1",0,"","","","","","State","state","2","stateratio","ratio","TRUE","ratio","ratio","","","","ratio to avg","2","1","FALSE","FALSE","FALSE","","Ratio to State avg % speaking Other and unspecified languages at home","Ratio to State avg % speaking Other and unspecified languages at home","Ratio to State avg % speaking Other and unspecified languages at home","","","","","","","","","","","","","","ratio.to.state.avg.pctlan_other_and_unspecified",""
"","","","","","","","","","","","avg.pctspanish_li","","pctspanish_li","pctspanish_li","","names_d_languageli_avg","0","0",0,0,"0",0,"","","","","","Nation","us","1","usavg","avg","TRUE","average","avg","","","","constant","2","0","FALSE","FALSE","FALSE","","US avg %Spanish lang (as %of limited English hhlds)","US Average for % speaking Spanish (as % of limited English households)","US Average for % speaking Spanish (as % of limited English households)","","","","","","","","","","","","","","avg.pctspanish_li",""
"","","","","","","","","","","","state.avg.pctspanish_li","","pctspanish_li","pctspanish_li","","names_d_languageli_state_avg","0","0",0,0,"0",0,"","","","","","State","state","2","stateavg","avg","TRUE","average","avg","","","","constant","2","0","FALSE","FALSE","FALSE","","State avg %Spanish lang (as %of limited English hhlds)","State Average for % speaking Spanish (as % of limited English households)","State Average for % speaking Spanish (as % of limited English households)","","","","","","","","","","","","","","state.avg.pctspanish_li",""
"","","","","","","","","","","","pctile.pctspanish_li","","pctspanish_li","pctspanish_li","","names_d_languageli_pctile","0","0",1,0,"0",0,"","","","","","Nation","us","1","uspctile","pctile","TRUE","percentile","pctile","","","","lookedup","2","0","FALSE","FALSE","FALSE","","US%ile %Spanish lang (as %of limited English hhlds)","US percentile for % speaking Spanish (as % of limited English households)","US percentile for % speaking Spanish (as % of limited English households)","","","","","","","","","","","","","","pctile.pctspanish_li",""
"","","","","","","","","","","","state.pctile.pctspanish_li","","pctspanish_li","pctspanish_li","","names_d_languageli_state_pctile","0","1",1,0,"0",0,"","","","","","State","state","2","statepctile","pctile","TRUE","percentile","pctile","","","","lookedup","2","0","FALSE","FALSE","FALSE","","State%ile %Spanish lang (as %of limited English hhlds)","State percentile for % speaking Spanish (as % of limited English households)","State percentile for % speaking Spanish (as % of limited English households)","","","","","","","","","","","","","","state.pctile.pctspanish_li",""
"","","","","","","","","","","","ratio.to.avg.pctspanish_li","","pctspanish_li","pctspanish_li","","names_d_languageli_ratio_to_avg","1","0",0,0,"1",0,"","","","","","Nation","us","1","usratio","ratio","TRUE","ratio","ratio","","","","ratio to avg","2","1","FALSE","FALSE","FALSE","","Ratio to US avg %Spanish lang (as %of limited English hhlds)","Ratio to US avg % speaking Spanish (as % of limited English households)","Ratio to US avg % speaking Spanish (as % of limited English households)","","","","","","","","","","","","","","ratio.to.avg.pctspanish_li",""
"","","","","","","","","","","","ratio.to.state.avg.pctspanish_li","","pctspanish_li","pctspanish_li","","names_d_languageli_ratio_to_state_avg","1","1",0,0,"1",0,"","","","","","State","state","2","stateratio","ratio","TRUE","ratio","ratio","","","","ratio to avg","2","1","FALSE","FALSE","FALSE","","Ratio to State avg %Spanish lang (as %of limited English hhlds)","Ratio to State avg % speaking Spanish (as % of limited English households)","Ratio to State avg % speaking Spanish (as % of limited English households)","","","","","","","","","","","","","","ratio.to.state.avg.pctspanish_li",""
"","","","","","","","","","","","avg.pctie_li","","pctie_li","pctie_li","","names_d_languageli_avg","0","0",0,0,"0",0,"","","","","","Nation","us","1","usavg","avg","TRUE","average","avg","","","","constant","2","0","FALSE","FALSE","FALSE","","US avg %Other Indo-European lang (as %of limited English hhlds)","US Average for % speaking Other Indo-European languages (as % of limited English households)","US Average for % speaking Other Indo-European languages (as % of limited English households)","","","","","","","","","","","","","","avg.pctie_li",""
"","","","","","","","","","","","state.avg.pctie_li","","pctie_li","pctie_li","","names_d_languageli_state_avg","0","0",0,0,"0",0,"","","","","","State","state","2","stateavg","avg","TRUE","average","avg","","","","constant","2","0","FALSE","FALSE","FALSE","","State avg %Other Indo-European lang (as %of limited English hhlds)","State Average for % speaking Other Indo-European languages (as % of limited English households)","State Average for % speaking Other Indo-European languages (as % of limited English households)","","","","","","","","","","","","","","state.avg.pctie_li",""
"","","","","","","","","","","","pctile.pctie_li","","pctie_li","pctie_li","","names_d_languageli_pctile","0","0",1,0,"0",0,"","","","","","Nation","us","1","uspctile","pctile","TRUE","percentile","pctile","","","","lookedup","2","0","FALSE","FALSE","FALSE","","US%ile %Other Indo-European lang (as %of limited English hhlds)","US percentile for % speaking Other Indo-European languages (as % of limited English households)","US percentile for % speaking Other Indo-European languages (as % of limited English households)","","","","","","","","","","","","","","pctile.pctie_li",""
"","","","","","","","","","","","state.pctile.pctie_li","","pctie_li","pctie_li","","names_d_languageli_state_pctile","0","1",1,0,"0",0,"","","","","","State","state","2","statepctile","pctile","TRUE","percentile","pctile","","","","lookedup","2","0","FALSE","FALSE","FALSE","","State%ile %Other Indo-European lang (as %of limited English hhlds)","State percentile for % speaking Other Indo-European languages (as % of limited English households)","State percentile for % speaking Other Indo-European languages (as % of limited English households)","","","","","","","","","","","","","","state.pctile.pctie_li",""
"","","","","","","","","","","","ratio.to.avg.pctie_li","","pctie_li","pctie_li","","names_d_languageli_ratio_to_avg","1","0",0,0,"1",0,"","","","","","Nation","us","1","usratio","ratio","TRUE","ratio","ratio","","","","ratio to avg","2","1","FALSE","FALSE","FALSE","","Ratio to US avg %Other Indo-European lang (as %of limited English hhlds)","Ratio to US avg % speaking Other Indo-European languages (as % of limited English households)","Ratio to US avg % speaking Other Indo-European languages (as % of limited English households)","","","","","","","","","","","","","","ratio.to.avg.pctie_li",""
"","","","","","","","","","","","ratio.to.state.avg.pctie_li","","pctie_li","pctie_li","","names_d_languageli_ratio_to_state_avg","1","1",0,0,"1",0,"","","","","","State","state","2","stateratio","ratio","TRUE","ratio","ratio","","","","ratio to avg","2","1","FALSE","FALSE","FALSE","","Ratio to State avg %Other Indo-European lang (as %of limited English hhlds)","Ratio to State avg % speaking Other Indo-European languages (as % of limited English households)","Ratio to State avg % speaking Other Indo-European languages (as % of limited English households)","","","","","","","","","","","","","","ratio.to.state.avg.pctie_li",""
"","","","","","","","","","","","avg.pctapi_li","","pctapi_li","pctapi_li","","names_d_languageli_avg","0","0",0,0,"0",0,"","","","","","Nation","us","1","usavg","avg","TRUE","average","avg","","","","constant","2","0","FALSE","FALSE","FALSE","","US avg %Asian-Pacific Island lang (as %of limited English hhlds)","US Average for % speaking Asian-Pacific Island languages (as % of limited English households)","US Average for % speaking Asian-Pacific Island languages (as % of limited English households)","","","","","","","","","","","","","","avg.pctapi_li",""
"","","","","","","","","","","","state.avg.pctapi_li","","pctapi_li","pctapi_li","","names_d_languageli_state_avg","0","0",0,0,"0",0,"","","","","","State","state","2","stateavg","avg","TRUE","average","avg","","","","constant","2","0","FALSE","FALSE","FALSE","","State avg %Asian-Pacific Island lang (as %of limited English hhlds)","State Average for % speaking Asian-Pacific Island languages (as % of limited English households)","State Average for % speaking Asian-Pacific Island languages (as % of limited English households)","","","","","","","","","","","","","","state.avg.pctapi_li",""
"","","","","","","","","","","","pctile.pctapi_li","","pctapi_li","pctapi_li","","names_d_languageli_pctile","0","0",1,0,"0",0,"","","","","","Nation","us","1","uspctile","pctile","TRUE","percentile","pctile","","","","lookedup","2","0","FALSE","FALSE","FALSE","","US%ile %Asian-Pacific Island lang (as %of limited English hhlds)","US percentile for % speaking Asian-Pacific Island languages (as % of limited English households)","US percentile for % speaking Asian-Pacific Island languages (as % of limited English households)","","","","","","","","","","","","","","pctile.pctapi_li",""
"","","","","","","","","","","","state.pctile.pctapi_li","","pctapi_li","pctapi_li","","names_d_languageli_state_pctile","0","1",1,0,"0",0,"","","","","","State","state","2","statepctile","pctile","TRUE","percentile","pctile","","","","lookedup","2","0","FALSE","FALSE","FALSE","","State%ile %Asian-Pacific Island lang (as %of limited English hhlds)","State percentile for % speaking Asian-Pacific Island languages (as % of limited English households)","State percentile for % speaking Asian-Pacific Island languages (as % of limited English households)","","","","","","","","","","","","","","state.pctile.pctapi_li",""
"","","","","","","","","","","","ratio.to.avg.pctapi_li","","pctapi_li","pctapi_li","","names_d_languageli_ratio_to_avg","1","0",0,0,"1",0,"","","","","","Nation","us","1","usratio","ratio","TRUE","ratio","ratio","","","","ratio to avg","2","1","FALSE","FALSE","FALSE","","Ratio to US avg %Asian-Pacific Island lang (as %of limited English hhlds)","Ratio to US avg % speaking Asian-Pacific Island languages (as % of limited English households)","Ratio to US avg % speaking Asian-Pacific Island languages (as % of limited English households)","","","","","","","","","","","","","","ratio.to.avg.pctapi_li",""
"","","","","","","","","","","","ratio.to.state.avg.pctapi_li","","pctapi_li","pctapi_li","","names_d_languageli_ratio_to_state_avg","1","1",0,0,"1",0,"","","","","","State","state","2","stateratio","ratio","TRUE","ratio","ratio","","","","ratio to avg","2","1","FALSE","FALSE","FALSE","","Ratio to State avg %Asian-Pacific Island lang (as %of limited English hhlds)","Ratio to State avg % speaking Asian-Pacific Island languages (as % of limited English households)","Ratio to State avg % speaking Asian-Pacific Island languages (as % of limited English households)","","","","","","","","","","","","","","ratio.to.state.avg.pctapi_li",""
"","","","","","","","","","","","avg.pctother_li","","pctother_li","pctother_li","","names_d_languageli_avg","0","0",0,0,"0",0,"","","","","","Nation","us","1","usavg","avg","TRUE","average","avg","","","","constant","2","0","FALSE","FALSE","FALSE","","US avg %Other lang (as %of limited English hhlds)","US Average for % speaking Other languages (as % of limited English households)","US Average for % speaking Other languages (as % of limited English households)","","","","","","","","","","","","","","avg.pctother_li",""
"","","","","","","","","","","","state.avg.pctother_li","","pctother_li","pctother_li","","names_d_languageli_state_avg","0","0",0,0,"0",0,"","","","","","State","state","2","stateavg","avg","TRUE","average","avg","","","","constant","2","0","FALSE","FALSE","FALSE","","State avg %Other lang (as %of limited English hhlds)","State Average for % speaking Other languages (as % of limited English households)","State Average for % speaking Other languages (as % of limited English households)","","","","","","","","","","","","","","state.avg.pctother_li",""
"","","","","","","","","","","","pctile.pctother_li","","pctother_li","pctother_li","","names_d_languageli_pctile","0","0",1,0,"0",0,"","","","","","Nation","us","1","uspctile","pctile","TRUE","percentile","pctile","","","","lookedup","2","0","FALSE","FALSE","FALSE","","US%ile %Other lang (as %of limited English hhlds)","US percentile for % speaking Other languages (as % of limited English households)","US percentile for % speaking Other languages (as % of limited English households)","","","","","","","","","","","","","","pctile.pctother_li",""
"","","","","","","","","","","","state.pctile.pctother_li","","pctother_li","pctother_li","","names_d_languageli_state_pctile","0","1",1,0,"0",0,"","","","","","State","state","2","statepctile","pctile","TRUE","percentile","pctile","","","","lookedup","2","0","FALSE","FALSE","FALSE","","State%ile %Other lang (as %of limited English hhlds)","State percentile for % speaking Other languages (as % of limited English households)","State percentile for % speaking Other languages (as % of limited English households)","","","","","","","","","","","","","","state.pctile.pctother_li",""
"","","","","","","","","","","","ratio.to.avg.pctother_li","","pctother_li","pctother_li","","names_d_languageli_ratio_to_avg","1","0",0,0,"1",0,"","","","","","Nation","us","1","usratio","ratio","TRUE","ratio","ratio","","","","ratio to avg","2","1","FALSE","FALSE","FALSE","","Ratio to US avg %Other lang (as %of limited English hhlds)","Ratio to US avg % speaking Other languages (as % of limited English households)","Ratio to US avg % speaking Other languages (as % of limited English households)","","","","","","","","","","","","","","ratio.to.avg.pctother_li",""
"","","","","","","","","","","","ratio.to.state.avg.pctother_li","","pctother_li","pctother_li","","names_d_languageli_ratio_to_state_avg","1","1",0,0,"1",0,"","","","","","State","state","2","stateratio","ratio","TRUE","ratio","ratio","","","","ratio to avg","2","1","FALSE","FALSE","FALSE","","Ratio to State avg %Other lang (as %of limited English hhlds)","Ratio to State avg % speaking Other languages (as % of limited English households)","Ratio to State avg % speaking Other languages (as % of limited English households)","","","","","","","","","","","","","","ratio.to.state.avg.pctother_li",""
"","","","","","","","","","","","avg.pctunder18","","pctunder18","pctunder18","","names_age_avg","0","0",0,0,"0",0,"","","","","","Nation","us","1","usavg","avg","TRUE","average","avg","","","","constant","2","0","FALSE","FALSE","FALSE","","US avg % under 18","US Average for % under age 18","US Average for % under age 18","","","","","","","","","","","","","","avg.pctunder18",""
"","","","","","","","","","","","state.avg.pctunder18","","pctunder18","pctunder18","","names_age_state_avg","0","0",0,0,"0",0,"","","","","","State","state","2","stateavg","avg","TRUE","average","avg","","","","constant","2","0","FALSE","FALSE","FALSE","","State avg % under 18","State Average for % under age 18","State Average for % under age 18","","","","","","","","","","","","","","state.avg.pctunder18",""
"","","","","","","","","","","","pctile.pctunder18","","pctunder18","pctunder18","","names_age_pctile","0","0",1,0,"0",0,"","","","","","Nation","us","1","uspctile","pctile","TRUE","percentile","pctile","","","","lookedup","2","0","FALSE","FALSE","FALSE","","US%ile % under 18","US percentile for % under age 18","US percentile for % under age 18","","","","","","","","","","","","","","pctile.pctunder18",""
"","","","","","","","","","","","state.pctile.pctunder18","","pctunder18","pctunder18","","names_age_state_pctile","0","1",1,0,"0",0,"","","","","","State","state","2","statepctile","pctile","TRUE","percentile","pctile","","","","lookedup","2","0","FALSE","FALSE","FALSE","","State%ile % under 18","State percentile for % under age 18","State percentile for % under age 18","","","","","","","","","","","","","","state.pctile.pctunder18",""
"","","","","","","","","","","","ratio.to.avg.pctunder18","","pctunder18","pctunder18","","names_age_ratio_to_avg","1","0",0,0,"1",0,"","","","","","Nation","us","1","usratio","ratio","TRUE","ratio","ratio","","","","ratio to avg","2","1","FALSE","FALSE","FALSE","","Ratio to US avg % under 18","Ratio to US avg % under age 18","Ratio to US avg % under age 18","","","","","","","","","","","","","","ratio.to.avg.pctunder18",""
"","","","","","","","","","","","ratio.to.state.avg.pctunder18","","pctunder18","pctunder18","","names_age_ratio_to_state_avg","1","1",0,0,"1",0,"","","","","","State","state","2","stateratio","ratio","TRUE","ratio","ratio","","","","ratio to avg","2","1","FALSE","FALSE","FALSE","","Ratio to State avg % under 18","Ratio to State avg % under age 18","Ratio to State avg % under age 18","","","","","","","","","","","","","","ratio.to.state.avg.pctunder18",""
"","","","","","","","","","","","avg.pctover17","","pctover17","pctover17","","names_age_avg","0","0",0,0,"0",0,"","","","","","Nation","us","1","usavg","avg","TRUE","average","avg","","","","constant","2","0","FALSE","FALSE","FALSE","","US avg %over17","US Average for % above age 17","US Average for % above age 17","","","","","","","","","","","","","","avg.pctover17",""
"","","","","","","","","","","","state.avg.pctover17","","pctover17","pctover17","","names_age_state_avg","0","0",0,0,"0",0,"","","","","","State","state","2","stateavg","avg","TRUE","average","avg","","","","constant","2","0","FALSE","FALSE","FALSE","","State avg %over17","State Average for % above age 17","State Average for % above age 17","","","","","","","","","","","","","","state.avg.pctover17",""
"","","","","","","","","","","","pctile.pctover17","","pctover17","pctover17","","names_age_pctile","0","0",1,0,"0",0,"","","","","","Nation","us","1","uspctile","pctile","TRUE","percentile","pctile","","","","lookedup","2","0","FALSE","FALSE","FALSE","","US%ile %over17","US percentile for % above age 17","US percentile for % above age 17","","","","","","","","","","","","","","pctile.pctover17",""
"","","","","","","","","","","","state.pctile.pctover17","","pctover17","pctover17","","names_age_state_pctile","0","1",1,0,"0",0,"","","","","","State","state","2","statepctile","pctile","TRUE","percentile","pctile","","","","lookedup","2","0","FALSE","FALSE","FALSE","","State%ile %over17","State percentile for % above age 17","State percentile for % above age 17","","","","","","","","","","","","","","state.pctile.pctover17",""
"","","","","","","","","","","","ratio.to.avg.pctover17","","pctover17","pctover17","","names_age_ratio_to_avg","1","0",0,0,"1",0,"","","","","","Nation","us","1","usratio","ratio","TRUE","ratio","ratio","","","","ratio to avg","2","1","FALSE","FALSE","FALSE","","Ratio to US avg %over17","Ratio to US avg % above age 17","Ratio to US avg % above age 17","","","","","","","","","","","","","","ratio.to.avg.pctover17",""
"","","","","","","","","","","","ratio.to.state.avg.pctover17","","pctover17","pctover17","","names_age_ratio_to_state_avg","1","1",0,0,"1",0,"","","","","","State","state","2","stateratio","ratio","TRUE","ratio","ratio","","","","ratio to avg","2","1","FALSE","FALSE","FALSE","","Ratio to State avg %over17","Ratio to State avg % above age 17","Ratio to State avg % above age 17","","","","","","","","","","","","","","ratio.to.state.avg.pctover17",""
"","","","","","","","","","","","avg.pctpoor","","pctpoor","pctpoor","","names_d_extra_avg","0","0",0,0,"0",0,"","","","","","Nation","us","1","usavg","avg","TRUE","average","avg","","","","constant","2","0","FALSE","FALSE","FALSE","","US avg %poverty","US Average for % Households below Poverty Level","US Average for % Households below Poverty Level","","","","","","","","","","","","","","avg.pctpoor",""
"","","","","","","","","","","","state.avg.pctpoor","","pctpoor","pctpoor","","names_d_extra_state_avg","0","0",0,0,"0",0,"","","","","","State","state","2","stateavg","avg","TRUE","average","avg","","","","constant","2","0","FALSE","FALSE","FALSE","","State avg %poverty","State Average for % Households below Poverty Level","State Average for % Households below Poverty Level","","","","","","","","","","","","","","state.avg.pctpoor",""
"","","","","","","","","","","","pctile.pctpoor","","pctpoor","pctpoor","","names_d_extra_pctile","0","0",1,0,"0",0,"","","","","","Nation","us","1","uspctile","pctile","TRUE","percentile","pctile","","","","lookedup","2","0","FALSE","FALSE","FALSE","","US%ile %poverty","US percentile for % Households below Poverty Level","US percentile for % Households below Poverty Level","","","","","","","","","","","","","","pctile.pctpoor",""
"","","","","","","","","","","","state.pctile.pctpoor","","pctpoor","pctpoor","","names_d_extra_state_pctile","0","1",1,0,"0",0,"","","","","","State","state","2","statepctile","pctile","TRUE","percentile","pctile","","","","lookedup","2","0","FALSE","FALSE","FALSE","","State%ile %poverty","State percentile for % Households below Poverty Level","State percentile for % Households below Poverty Level","","","","","","","","","","","","","","state.pctile.pctpoor",""
"","","","","","","","","","","","ratio.to.avg.pctpoor","","pctpoor","pctpoor","","names_d_extra_ratio_to_avg","1","0",0,0,"1",0,"","","","","","Nation","us","1","usratio","ratio","TRUE","ratio","ratio","","","","ratio to avg","2","1","FALSE","FALSE","FALSE","","Ratio to US avg %poverty","Ratio to US avg % Households below Poverty Level","Ratio to US avg % Households below Poverty Level","","","","","","","","","","","","","","ratio.to.avg.pctpoor",""
"","","","","","","","","","","","ratio.to.state.avg.pctpoor","","pctpoor","pctpoor","","names_d_extra_ratio_to_state_avg","1","1",0,0,"1",0,"","","","","","State","state","2","stateratio","ratio","TRUE","ratio","ratio","","","","ratio to avg","2","1","FALSE","FALSE","FALSE","","Ratio to State avg %poverty","Ratio to State avg % Households below Poverty Level","Ratio to State avg % Households below Poverty Level","","","","","","","","","","","","","","ratio.to.state.avg.pctpoor",""
"","","","","","","","","","","","avg.pctmale","","pctmale","pctmale","","names_community_avg","0","0",0,0,"0",0,"","","","","","Nation","us","1","usavg","avg","TRUE","average","avg","","","","constant","2","0","FALSE","FALSE","FALSE","","US avg %male","US Average for % Males","US Average for % Males","","","","","","","","","","","","","","avg.pctmale",""
"","","","","","","","","","","","state.avg.pctmale","","pctmale","pctmale","","names_community_state_avg","0","0",0,0,"0",0,"","","","","","State","state","2","stateavg","avg","TRUE","average","avg","","","","constant","2","0","FALSE","FALSE","FALSE","","State avg %male","State Average for % Males","State Average for % Males","","","","","","","","","","","","","","state.avg.pctmale",""
"","","","","","","","","","","","pctile.pctmale","","pctmale","pctmale","","names_community_pctile","0","0",1,0,"0",0,"","","","","","Nation","us","1","uspctile","pctile","TRUE","percentile","pctile","","","","lookedup","2","0","FALSE","FALSE","FALSE","","US%ile %male","US percentile for % Males","US percentile for % Males","","","","","","","","","","","","","","pctile.pctmale",""
"","","","","","","","","","","","state.pctile.pctmale","","pctmale","pctmale","","names_community_state_pctile","0","1",1,0,"0",0,"","","","","","State","state","2","statepctile","pctile","TRUE","percentile","pctile","","","","lookedup","2","0","FALSE","FALSE","FALSE","","State%ile %male","State percentile for % Males","State percentile for % Males","","","","","","","","","","","","","","state.pctile.pctmale",""
"","","","","","","","","","","","ratio.to.avg.pctmale","","pctmale","pctmale","","names_community_ratio_to_avg","1","0",0,0,"1",0,"","","","","","Nation","us","1","usratio","ratio","TRUE","ratio","ratio","","","","ratio to avg","2","1","FALSE","FALSE","FALSE","","Ratio to US avg %male","Ratio to US avg % Males","Ratio to US avg % Males","","","","","","","","","","","","","","ratio.to.avg.pctmale",""
"","","","","","","","","","","","ratio.to.state.avg.pctmale","","pctmale","pctmale","","names_community_ratio_to_state_avg","1","1",0,0,"1",0,"","","","","","State","state","2","stateratio","ratio","TRUE","ratio","ratio","","","","ratio to avg","2","1","FALSE","FALSE","FALSE","","Ratio to State avg %male","Ratio to State avg % Males","Ratio to State avg % Males","","","","","","","","","","","","","","ratio.to.state.avg.pctmale",""
"","","","","","","","","","","","avg.pctfemale","","pctfemale","pctfemale","","names_community_avg","0","0",0,0,"0",0,"","","","","","Nation","us","1","usavg","avg","TRUE","average","avg","","","","constant","2","0","FALSE","FALSE","FALSE","","US avg %female","US Average for % Females","US Average for % Females","","","","","","","","","","","","","","avg.pctfemale",""
"","","","","","","","","","","","state.avg.pctfemale","","pctfemale","pctfemale","","names_community_state_avg","0","0",0,0,"0",0,"","","","","","State","state","2","stateavg","avg","TRUE","average","avg","","","","constant","2","0","FALSE","FALSE","FALSE","","State avg %female","State Average for % Females","State Average for % Females","","","","","","","","","","","","","","state.avg.pctfemale",""
"","","","","","","","","","","","pctile.pctfemale","","pctfemale","pctfemale","","names_community_pctile","0","0",1,0,"0",0,"","","","","","Nation","us","1","uspctile","pctile","TRUE","percentile","pctile","","","","lookedup","2","0","FALSE","FALSE","FALSE","","US%ile %female","US percentile for % Females","US percentile for % Females","","","","","","","","","","","","","","pctile.pctfemale",""
"","","","","","","","","","","","state.pctile.pctfemale","","pctfemale","pctfemale","","names_community_state_pctile","0","1",1,0,"0",0,"","","","","","State","state","2","statepctile","pctile","TRUE","percentile","pctile","","","","lookedup","2","0","FALSE","FALSE","FALSE","","State%ile %female","State percentile for % Females","State percentile for % Females","","","","","","","","","","","","","","state.pctile.pctfemale",""
"","","","","","","","","","","","ratio.to.avg.pctfemale","","pctfemale","pctfemale","","names_community_ratio_to_avg","1","0",0,0,"1",0,"","","","","","Nation","us","1","usratio","ratio","TRUE","ratio","ratio","","","","ratio to avg","2","1","FALSE","FALSE","FALSE","","Ratio to US avg %female","Ratio to US avg % Females","Ratio to US avg % Females","","","","","","","","","","","","","","ratio.to.avg.pctfemale",""
"","","","","","","","","","","","ratio.to.state.avg.pctfemale","","pctfemale","pctfemale","","names_community_ratio_to_state_avg","1","1",0,0,"1",0,"","","","","","State","state","2","stateratio","ratio","TRUE","ratio","ratio","","","","ratio to avg","2","1","FALSE","FALSE","FALSE","","Ratio to State avg %female","Ratio to State avg % Females","Ratio to State avg % Females","","","","","","","","","","","","","","ratio.to.state.avg.pctfemale",""
"","","","","","","","","","","","avg.lifexyears","","lifexyears","lifexyears","","names_community_avg","0","0",0,0,"0",0,"","","","","","Nation","us","1","usavg","avg","TRUE","average","avg","","","","constant","2","0","FALSE","FALSE","FALSE","","US avg Life Expectancy in Years","US Average for Life Expectancy in Years","US Average for Life Expectancy in Years","","","","","","","","","","","","","","avg.lifexyears",""
"","","","","","","","","","","","state.avg.lifexyears","","lifexyears","lifexyears","","names_community_state_avg","0","0",0,0,"0",0,"","","","","","State","state","2","stateavg","avg","TRUE","average","avg","","","","constant","2","0","FALSE","FALSE","FALSE","","State avg Life Expectancy in Years","State Average for Life Expectancy in Years","State Average for Life Expectancy in Years","","","","","","","","","","","","","","state.avg.lifexyears",""
"","","","","","","","","","","","pctile.lifexyears","","lifexyears","lifexyears","","names_community_pctile","0","0",1,0,"0",0,"","","","","","Nation","us","1","uspctile","pctile","TRUE","percentile","pctile","","","","lookedup","2","0","FALSE","FALSE","FALSE","","US%ile Life Expectancy in Years","US percentile for Life Expectancy in Years","US percentile for Life Expectancy in Years","","","","","","","","","","","","","","pctile.lifexyears",""
"","","","","","","","","","","","state.pctile.lifexyears","","lifexyears","lifexyears","","names_community_state_pctile","0","1",1,0,"0",0,"","","","","","State","state","2","statepctile","pctile","TRUE","percentile","pctile","","","","lookedup","2","0","FALSE","FALSE","FALSE","","State%ile Life Expectancy in Years","State percentile for Life Expectancy in Years","State percentile for Life Expectancy in Years","","","","","","","","","","","","","","state.pctile.lifexyears",""
"","","","","","","","","","","","ratio.to.avg.lifexyears","","lifexyears","lifexyears","","names_community_ratio_to_avg","1","0",0,0,"1",0,"","","","","","Nation","us","1","usratio","ratio","TRUE","ratio","ratio","","","","ratio to avg","2","1","FALSE","FALSE","FALSE","","Ratio to US avg Life Expectancy in Years","Ratio to US avg Life Expectancy in Years","Ratio to US avg Life Expectancy in Years","","","","","","","","","","","","","","ratio.to.avg.lifexyears",""
"","","","","","","","","","","","ratio.to.state.avg.lifexyears","","lifexyears","lifexyears","","names_community_ratio_to_state_avg","1","1",0,0,"1",0,"","","","","","State","state","2","stateratio","ratio","TRUE","ratio","ratio","","","","ratio to avg","2","1","FALSE","FALSE","FALSE","","Ratio to State avg Life Expectancy in Years","Ratio to State avg Life Expectancy in Years","Ratio to State avg Life Expectancy in Years","","","","","","","","","","","","","","ratio.to.state.avg.lifexyears",""
"","","","","","","","","","","","avg.percapincome","","percapincome","percapincome","","names_community_avg","0","0",0,0,"0",0,"","","","","","Nation","us","1","usavg","avg","TRUE","average","avg","","","","constant","","0","FALSE","FALSE","FALSE","","US avg Per Capita Income","US Average for Per Capita Income","US Average for Per Capita Income","","","","","","","","","","","","","","avg.percapincome",""
"","","","","","","","","","","","state.avg.percapincome","","percapincome","percapincome","","names_community_state_avg","0","0",0,0,"0",0,"","","","","","State","state","2","stateavg","avg","TRUE","average","avg","","","","constant","","0","FALSE","FALSE","FALSE","","State avg Per Capita Income","State Average for Per Capita Income","State Average for Per Capita Income","","","","","","","","","","","","","","state.avg.percapincome",""
"","","","","","","","","","","","pctile.percapincome","","percapincome","percapincome","","names_community_pctile","0","0",1,0,"0",0,"","","","","","Nation","us","1","uspctile","pctile","TRUE","percentile","pctile","","","","lookedup","2","0","FALSE","FALSE","FALSE","","US%ile Per Capita Income","US percentile for Per Capita Income","US percentile for Per Capita Income","","","","","","","","","","","","","","pctile.percapincome",""
"","","","","","","","","","","","state.pctile.percapincome","","percapincome","percapincome","","names_community_state_pctile","0","1",1,0,"0",0,"","","","","","State","state","2","statepctile","pctile","TRUE","percentile","pctile","","","","lookedup","2","0","FALSE","FALSE","FALSE","","State%ile Per Capita Income","State percentile for Per Capita Income","State percentile for Per Capita Income","","","","","","","","","","","","","","state.pctile.percapincome",""
"","","","","","","","","","","","ratio.to.avg.percapincome","","percapincome","percapincome","","names_community_ratio_to_avg","1","0",0,0,"1",0,"","","","","","Nation","us","1","usratio","ratio","TRUE","ratio","ratio","","","","ratio to avg","2","1","FALSE","FALSE","FALSE","","Ratio to US avg Per Capita Income","Ratio to US avg Per Capita Income","Ratio to US avg Per Capita Income","","","","","","","","","","","","","","ratio.to.avg.percapincome",""
"","","","","","","","","","","","ratio.to.state.avg.percapincome","","percapincome","percapincome","","names_community_ratio_to_state_avg","1","1",0,0,"1",0,"","","","","","State","state","2","stateratio","ratio","TRUE","ratio","ratio","","","","ratio to avg","2","1","FALSE","FALSE","FALSE","","Ratio to State avg Per Capita Income","Ratio to State avg Per Capita Income","Ratio to State avg Per Capita Income","","","","","","","","","","","","","","ratio.to.state.avg.percapincome",""
"","","","","","","","","","","","avg.pctownedunits","","pctownedunits","pctownedunits","","names_community_avg","0","0",0,0,"0",0,"","","","","","Nation","us","1","usavg","avg","TRUE","average","avg","","","","constant","2","0","FALSE","FALSE","FALSE","","US avg %owners","US Average for % Owner-occupied housing units","US Average for % Owner-occupied housing units","","","","","","","","","","","","","","avg.pctownedunits",""
"","","","","","","","","","","","state.avg.pctownedunits","","pctownedunits","pctownedunits","","names_community_state_avg","0","0",0,0,"0",0,"","","","","","State","state","2","stateavg","avg","TRUE","average","avg","","","","constant","2","0","FALSE","FALSE","FALSE","","State avg %owners","State Average for % Owner-occupied housing units","State Average for % Owner-occupied housing units","","","","","","","","","","","","","","state.avg.pctownedunits",""
"","","","","","","","","","","","pctile.pctownedunits","","pctownedunits","pctownedunits","","names_community_pctile","0","0",1,0,"0",0,"","","","","","Nation","us","1","uspctile","pctile","TRUE","percentile","pctile","","","","lookedup","2","0","FALSE","FALSE","FALSE","","US%ile %owners","US percentile for % Owner-occupied housing units","US percentile for % Owner-occupied housing units","","","","","","","","","","","","","","pctile.pctownedunits",""
"","","","","","","","","","","","state.pctile.pctownedunits","","pctownedunits","pctownedunits","","names_community_state_pctile","0","1",1,0,"0",0,"","","","","","State","state","2","statepctile","pctile","TRUE","percentile","pctile","","","","lookedup","2","0","FALSE","FALSE","FALSE","","State%ile %owners","State percentile for % Owner-occupied housing units","State percentile for % Owner-occupied housing units","","","","","","","","","","","","","","state.pctile.pctownedunits",""
"","","","","","","","","","","","ratio.to.avg.pctownedunits","","pctownedunits","pctownedunits","","names_community_ratio_to_avg","1","0",0,0,"1",0,"","","","","","Nation","us","1","usratio","ratio","TRUE","ratio","ratio","","","","ratio to avg","2","1","FALSE","FALSE","FALSE","","Ratio to US avg %owners","Ratio to US avg % Owner-occupied housing units","Ratio to US avg % Owner-occupied housing units","","","","","","","","","","","","","","ratio.to.avg.pctownedunits",""
"","","","","","","","","","","","ratio.to.state.avg.pctownedunits","","pctownedunits","pctownedunits","","names_community_ratio_to_state_avg","1","1",0,0,"1",0,"","","","","","State","state","2","stateratio","ratio","TRUE","ratio","ratio","","","","ratio to avg","2","1","FALSE","FALSE","FALSE","","Ratio to State avg %owners","Ratio to State avg % Owner-occupied housing units","Ratio to State avg % Owner-occupied housing units","","","","","","","","","","","","","","ratio.to.state.avg.pctownedunits",""
